"position","displayName","nflId_def","eps_man_coverage","routes","accurate_targets","completions_allowed","PB","ball_hawk_pbus","INT","ball_hawk_ints","T","FF","penalties_count","tracking_penalities","closing_penalties","ball_skills_penalties","penalties_eps","tracking_penalties_eps","closing_penalties_eps","eps_tracking","eps_closing","eps_ball_skills","eps_tackling","eps_int_returns","eps_ball_hawk","eps_man_coverage_no_tackling"
"CB","Marlon Humphrey",2558067,20.1638787743275,247,29,12,7,0,2,0,7,0,4,3,0,1,-3.97091486864951,-2.91870235889846,0,3.87559833609355,1.53284283307548,12.2192332920133,0.0294182799721667,2.50678603317305,0,20.1344604943554
"CB","Steven Nelson",2552265,16.351952982676,396,51,33,7,1,1,2,24,0,5,3,0,2,-5.51936664094356,-3.1193356999082,0,0.739754362727317,0.432292901873231,5.68384198104739,-1.10816087058235,0.0450357237522903,10.5591888838581,17.4601138532583
"CB","Stephon Gilmore",2533062,16.0579642671173,399,42,27,10,2,0,1,16.5,1,2,2,0,0,-1.77554637041478,-1.77554637041478,0,2.5736696248503,1.30436770944475,0.624620918620671,7.947666787091,-0.0116291571348337,3.61926838424542,8.11029748002631
"CB","Brandon Carr",4365,13.0818911167725,271,29,14,8,0,2,0,12,0,2,0,0,2,-3.22527610417913,0,0,2.90106674379695,-1.0484298873037,9.99838794584013,-0.338916523723486,1.56978283816261,0,13.420807640496
"CB","Holton Hill",2560741,13.0319374484932,109,11,6,5,2,1,0,6,0,2,1,0,1,-1.05794629293018,-0.559629444700348,0,0.294614500403983,0,9.07274410292461,1.42352089558326,-0.135284644012549,2.37634259359388,11.6084165529099
"CB","Jimmy Smith",2508107,11.5054924730948,204,30,21,7,0,1,0,15,0,2,1,0,1,-1.02275202727474,-0.521765915926227,0,5.99887303094263,-0.628949514864188,7.06561578739406,-0.90773028145732,-0.0223165489204158,0,12.4132227545521
"S","Minkah Fitzpatrick",2560725,9.78455443504573,205,23,12,6,0,1,0,12,0,7,3,0,4,-5.59926656119345,-0.993380029288768,0,-1.84256356478688,2.29236114631659,7.36700733087044,2.09730950942609,-0.129559986780506,0,7.68724492561964
"CB","Denzel Ward",2560916,9.6467846876735,259,32,16,6,0,0,0,6.5,1,1,1,0,0,-0.483466978806797,-0.483466978806797,0,2.7323006292676,0.0426370542225153,3.64787014397999,3.22397686020339,0,0,6.42280782747011
"DB","J.C. Jackson",2560754,7.66398817197827,159,19,15,1,0,2,0,10,0,1,1,0,0,-0.313696807479706,-0.313696807479706,0,6.11746271161761,-0.577398801825147,3.99258746361418,-0.970264226198352,-0.898398975230021,0,8.63425239817662
"CB","Mackensie Alexander",2555177,7.29606644707637,148,16,10,8,2,0,0,6.5,0,3,1,0,2,-1.58415282312431,-0.615493769955553,0,-1.2147287734639,2.17870630012353,3.51138341752764,-0.64654477803577,0,3.46725028092487,7.94261122511214
"CB","Isaiah Oliver",2560830,7.07570818567497,106,14,7,6,0,0,0,2.5,0,0,0,0,0,0,0,0,3.34978510047864,0,4.27421159768344,-0.548288512487114,0,0,7.62399669816208
"OLB","Lavonte David",2532828,6.98712468632598,97,16,11,0,0,0,0,8,0,0,0,0,0,0,0,0,-2.48460337583118,3.24384883896752,4.88853809656867,1.33934112662097,0,0,5.64778355970501
"CB","Joe Haden",496733,6.02265189289009,342,45,28,9,1,1,0,18,0,4,1,0,3,-7.57350192417416,-0.28957601565226,0,1.98051393242686,-0.889661189891955,-1.74175351610201,5.41500582446488,-0.000976447054348961,1.25952328904666,0.607646068425207
"CB","Sherrick McManis",494289,5.91732349197018,75,7,3,3,0,0,0,2,0,0,0,0,0,0,0,0,-0.642212024994885,0,4.62320865441524,1.93632686254982,0,0,3.98099662942036
"CB","Briean Boddy-Calhoun",2556475,5.86479390785325,143,17,14,1,0,0,0,9.5,0,1,1,0,0,-0.327997658507028,-0.327997658507028,0,-1.92981995023685,2.67433566154077,1.12453782082838,3.99574037572095,0,0,1.8690535321323
"CB","Jason McCourty",89756,5.42161309429879,296,35,23,6,0,1,0,21,0,0,0,0,0,0,0,0,2.78024756079931,0.766062424555912,1.09587863107034,0.780001761977704,-0.000577284104474884,0,4.64161133232109
"SS","Morgan Burnett",496727,5.28297303063955,60,9,5,2,1,0,0,3.5,0,1,0,0,1,-2.07287990776423,0,0,1.60521932924283,0,1.83496529294789,0.766927937222892,0,1.07586047122594,4.51604509341666
"CB","Kevin King",2557996,4.96968526292253,81,11,6,1,0,1,0,1,0,0,0,0,0,0,0,0,2.67336999068452,-1.62935950584311,4.2581262559947,-0.318751605052274,-0.0136998728613058,0,5.2884368679748
"SS","Michael Thomas",2535687,4.82225187284508,75,8,4,2,0,1,0,3.5,0,0,0,0,0,0,0,0,1.25072090571732,0,2.96404436740335,0.610665083343515,-0.003178483619104,0,4.21158678950157
"ILB","Darron Lee",2555322,4.64464513568679,67,6,6,0,0,0,1,5,0,0,0,0,0,0,0,0,0.825942942811912,0,-0.616163148444884,0.217671104611658,-0.0513374637938231,4.26853170050193,4.42697403107513
"SS","John Johnson",2558183,4.62134459202261,69,12,8,3,2,2,0,4,0,0,0,0,0,0,0,0,-3.48450533471041,0,4.25117158637615,-1.07305137257377,2.83540278120148,2.09232693172916,5.69439596459638
"CB","Captain Munnerlyn",80668,4.59066524119691,171,33,22,6,0,1,0,18,0,2,2,0,0,-1.61060762447151,-1.61060762447151,0,-6.30396704585068,-1.46276340082696,11.1466288056657,1.13913482231208,0.071632059896773,0,3.45153041888483
"CB","Darius Slay",2540288,4.50660157531146,281,37,21,11,0,0,0,13,0,3,2,0,1,-3.89488156684613,-2.54703163437065,0,1.88919823637906,0.370355945720872,3.90603806154106,-1.65899066832953,0,0,6.16559224364099
"SS","Erik Harris",2555568,4.50493910097819,24,3,1,2,1,0,0,1,0,0,0,0,0,0,0,0,-0.363876948373372,0,3.5957535005308,-0.0572434885158725,0,1.33030603733663,4.56218258949406
"CB","Kyle Fuller",2543681,4.47847623141468,375,52,33,7,0,5,0,15.5,0,1,1,0,0,-0.331880321601302,-0.331880321601302,0,-5.92950980945763,-1.48641521042351,10.239868278476,0.7803983940873,0.874134578732516,0,3.69807783732738
"SS","Jayron Kearse",2555156,4.40232438097846,41,3,2,2,1,0,0,2,0,0,0,0,0,0,0,0,1.11265411233067,0.0486677464424048,1.42042115115142,-0.0559837166770925,0,1.87656508773106,4.45830809765555
"CB","Eli Apple",2555277,4.38993225633963,300,42,27,9,0,0,1,18,0,7,2,0,5,-7.67474215080844,-1.25939457631207,0,3.74954009679947,-2.00416557359704,0.0782787666086939,-1.26788776441858,2.46936084067229,1.3648058902748,5.65782002075821
"SS","Patrick Chung",71251,4.36201110693848,197,24,14,2,1,0,0,8,0,2,2,0,0,-0.901372222340494,-0.901372222340494,0,3.22289440421166,-1.86363028771604,3.54629972219093,-0.544376624134314,0,0.000823892386247027,4.9063877310728
"CB","Ronald Darby",2552689,4.26849971672708,216,36,23,9,1,0,0,14.5,0,0,0,0,0,0,0,0,-8.13140901441868,-1.53033700384076,12.6638616232624,0.406146805990358,0,0.86023730573376,3.86235291073672
"SS","Reshad Jones",496739,4.11137690850784,32,4,3,0,0,1,0,1,0,0,0,0,0,0,0,0,-3.04831681066511,0,5.35343338871662,0.417087729968444,1.38917260048789,0,3.6942891785394
"SS","Kenny Vaccaro",2539320,3.98856423344855,33,3,1,1,0,1,0,0.5,0,1,1,0,0,-0.724204847421441,-0.724204847421441,0,-1.28993886623861,0,5.35647248206111,-0.0728573006489778,-0.00511208172497013,0,4.06142153409753
"DB","Justin Hardee",2559181,3.86330314432819,27,7,5,1,0,1,0,4,0,0,0,0,0,0,0,0,-0.392198487227416,0.125024749568087,0.460341759208147,-0.787868060308961,4.45800318308833,0,4.65117120463715
"CB","Justin Coleman",2553637,3.85720614106055,171,27,16,5,0,1,0,7,0,2,1,0,1,-2.5066287096888,-1.10749654095113,0,-5.15465249342428,0.930651645040333,9.04848728719876,-0.951815124208777,-0.0154651735454872,0,4.80902126526933
"CB","DeShawn Shead",2535609,3.84461000696626,105,10,10,0,0,0,0,5.5,1,0,0,0,0,0,0,0,4.2062163614155,0,-5.47449501567983,5.11288866123059,0,0,-1.26827865426433
"OLB","Najee Goode",2533016,3.83487869882584,6,2,1,0,0,1,0,0,0,0,0,0,0,0,0,0,-0.499873034157541,-0.0328806877723578,3.91828780165,0.229915587969538,0.219429031136197,0,3.6049631108563
"LB","Nate Gerry",2558175,3.66222595416512,4,2,1,0,0,1,0,0,0,0,0,0,0,0,0,0,-0.292788913816259,0.0955726326134303,3.9065514635595,0,-0.0471092281915473,0,3.66222595416512
"DB","Armani Watts",2560921,3.64872723054729,17,1,0,1,0,0,0,0,0,0,0,0,0,0,0,0,0.457211183182184,0,3.19151604736511,0,0,0,3.64872723054729
"CB","Malcolm Butler",2550613,3.49154949698758,290,46,32,8,0,1,0,18.5,1,1,1,0,0,-0.468409950691163,-0.468409950691163,0,7.24982824400441,-1.37096590783466,-1.51338665089387,-2.5156683207682,1.6417421324799,0,6.00721781775578
"CB","Byron Jones",2552568,3.42444788447775,399,42,26,10,0,0,0,18.5,0,5,2,0,3,-6.10472334763017,-3.32969578998795,0,-0.996565657989589,1.61003802652106,1.55282386284292,1.25815165310336,0,0,2.16629623137439
"CB","Bene' Benwikere",2543855,3.3913843565181,147,20,13,2,1,1,0,8.5,0,2,1,0,1,-1.62314210735968,-0.536890454599047,0,-1.12778388308201,0.563372567270457,3.52501001022479,0.00727513896886823,-0.376084592834474,0.799595115970468,3.38410921754923
"OLB","Terrell Suggs",2505660,3.31408478672538,3,1,0,0,0,0,0,0,0,0,0,0,0,0,0,0,-0.131369745515436,0.251063554949146,3.19439097729167,0,0,0,3.31408478672538
"DB","Isaac Yiadom",2560946,3.30935164523078,116,17,13,2,0,1,0,5.5,0,1,1,0,0,-0.706704980945045,-0.706704980945045,0,3.89369727844936,0,-2.22716498921296,1.49551341722424,0.147305938770142,0,1.81383822800654
"CB","Coty Sensabaugh",2532946,3.30211162371667,278,23,14,3,0,0,0,9.5,0,0,0,0,0,0,0,0,1.06361240039981,-1.6996613805792,3.5506094157649,0.387551188131163,0,0,2.91456043558551
"CB","Neiko Thorpe",2534846,3.29790081812641,14,1,1,0,0,0,0,1,0,0,0,0,0,0,0,0,0.295663490356504,1.70499609133073,1.13325883143777,0.163982405001411,0,0,3.133918413125
"CB","Aqib Talib",1302,3.21901653502653,92,8,7,2,2,0,0,4,1,0,0,0,0,0,0,0,0.371285252690091,0,-3.92675393272373,4.47177145015842,0,2.30271376490175,-1.25275491513189
"CB","Akeem King",2553456,3.18171051521209,44,8,6,0,0,0,0,4,0,1,1,0,0,-0.367898103889142,-0.367898103889142,0,-0.0577301393307951,1.12072372809467,0.953980923760192,1.16473600268802,0,0,2.01697451252407
"SS","Eddie Pleasant",2532928,3.00733440641681,5,1,1,0,0,0,0,1,0,0,0,0,0,0,0,0,-0.0246652683208752,3.26944966738706,-0.0920020823488624,-0.145447910300509,0,0,3.15278231671732
"SS","Quandre Diggs",2552262,2.94151538878793,73,18,12,2,0,1,0,8,0,3,3,0,0,-1.38500003959773,-1.38500003959773,0,-1.32169408451061,0,3.6822096446545,0.58101321809109,-1.33894470462081e-05,0,2.36050217069684
"CB","Damarious Randall",2552389,2.84363722127419,57,6,3,2,0,0,0,2,0,0,0,0,0,0,0,0,1.01478339000788,0,1.62068974707355,0.208164084192763,0,0,2.63547313708143
"CB","Bashaud Breeland",2543571,2.77711260664256,89,11,7,2,0,1,0,3.5,0,3,3,0,0,-0.988098474877733,-0.988098474877733,0,-3.47718334770375,0,3.20665105066398,-0.172979494727498,3.22062439840983,0,2.95009210137006
"ILB","Reggie Ragland",2555169,2.77308539902554,17,2,1,0,0,0,0,0,0,0,0,0,0,0,0,0,-0.452146240842551,0,3.22523163986809,0,0,0,2.77308539902554
"CB","D.J. Hayden",2539237,2.72718768339991,113,11,7,1,0,0,0,6.5,0,1,1,0,0,0.0148251522867664,0.0148251522867664,0,-1.08858442178406,4.25421131599418,-0.163143070219329,-0.275296140590881,0,0,3.00248382399079
"CB","Xavien Howard",2555539,2.68668691556498,216,28,14,4,0,4,0,7,0,5,4,0,1,-7.83752109163177,-6.70337635444136,0,-10.2194912790697,-7.07142789794723,21.4820069417741,-4.65716488218715,3.15276403299496,0,7.34385179775213
"CB","Lafayette Pitts",2556652,2.67514055714669,31,3,0,0,0,0,0,0,0,0,0,0,0,0,0,0,-1.39956644038646,0.140983879310766,3.93372311822238,0,0,0,2.67514055714669
"MLB","Jarrad Davis",2557855,2.52210468378072,38,5,4,0,0,0,0,3.5,0,0,0,0,0,0,0,0,0.422586790351249,0,-0.271062490396249,2.37058038382572,0,0,0.151524299955
"LB","Kyzir White",2560928,2.51213485182376,8,2,1,1,0,0,0,1,0,0,0,0,0,0,0,0,-0.219702400492365,3.12553326600688,-1.078476754555,0.684780740864243,0,0,1.82735411095951
"S","Brandon Wilson",2558786,2.35220673294301,19,2,1,0,0,0,0,0,0,0,0,0,0,0,0,0,-0.13681859281249,0.528116124678551,1.85405392816486,0.106855272912085,0,0,2.24535146003092
"SS","Jarrod Wilson",2556711,2.30176608538442,15,2,0,2,0,0,0,0,0,0,0,0,0,0,0,0,-0.319574698828994,-0.0874101723709415,2.70875095658436,0,0,0,2.30176608538442
"OLB","Matt Milano",2557969,2.29906852433761,69,8,4,3,1,1,0,0,0,0,0,0,0,0,0,0,-3.62505051251916,0,6.0039242925965,-3.1862522118209,1.4722565079141,1.63419044816707,5.48532073615851
"CB","Gareon Conley",2558062,2.21330970221684,211,24,13,10,1,1,0,8,0,3,2,0,1,-4.52572412250555,-1.01068065570198,0,-0.0842778360005079,1.98077293437898,0.719344757172311,-1.3987403795339,-0.00186785270154255,0.998078078901497,3.61205008175074
"CB","Brandon Williams",2556371,2.21168521235211,23,3,2,2,1,0,0,1,0,0,0,0,0,0,0,0,-0.558733112353104,-0.275394678430742,1.61399109772967,-0.148875262205437,0,1.58069716761172,2.36056047455754
"CB","Kendall Fuller",2555349,2.17734137484764,282,43,29,6,0,2,0,20.5,0,3,1,0,2,-3.97220640208608,-0.423788599149409,0,-2.33977813429439,0.453826181880581,2.57138146936493,-0.93837919100627,2.43029104890279,0,3.11572056585391
"CB","William Jackson",2556367,2.11466861673467,386,42,25,13,1,0,0,14,0,1,1,0,0,-0.415454563273868,-0.415454563273868,0,6.40684018448795,-2.19324716228656,-0.707379232952024,-2.66854622024373,0,1.27700104772903,4.7832148369784
"ILB","Mark Barron",2532789,1.98200684995378,57,9,7,1,0,0,0,4,0,1,1,0,0,-0.562861996038572,-0.562861996038572,0,-2.61589396672453,0,4.11224716074142,0.485653655936885,0,0,1.49635319401689
"LB","Jerome Baker",2560966,1.91846195788033,61,10,8,0,0,1,0,5,0,1,1,0,0,-1.02407005497562,-1.02407005497562,0,-3.36775458749745,0,0.548083795149789,1.47005346154897,3.26807928867902,0,0.448408496331359
"CB","Bryce Callahan",2553500,1.85748126267995,247,20,15,3,0,1,1,12,0,0,0,0,0,0,0,0,-3.4178957541244,0.990443880656108,1.45239374857753,-0.317771818821486,0.32215630329619,2.82815490309601,2.17525308150144
"OLB","Kyle Van Noy",2543699,1.84991932438024,46,10,8,0,0,0,1,5,0,0,0,0,0,0,0,0,-0.586521572673256,0,0.309092694133699,-1.51793023892055,-0.099962284058067,3.74524072589841,3.36784956330079
"LB","Kenny Young",2560947,1.84742906263582,24,4,3,1,0,0,0,2,0,0,0,0,0,0,0,0,0.374985090334549,0,1.37493557665635,0.0975083956449201,0,0,1.7499206669909
"FS","Eric Murray",2555173,1.8217824168602,35,5,3,0,0,1,0,1,0,0,0,0,0,0,0,0,-0.447066082343348,0,2.51570162827212,-0.245157306893394,-0.00169582217518194,0,2.06693972375359
"FS","Kevin Byard",2555158,1.80343455667454,64,9,7,1,0,0,0,6,0,0,0,0,0,0,0,0,1.08710303420689,0,0.520057065942568,0.196274456525079,0,0,1.60716010014946
"SS","Micah Hyde",2539240,1.76230379816855,36,5,3,2,0,0,0,2,0,0,0,0,0,0,0,0,-2.62988081997968,0,4.44423054293776,-0.0520459247895266,0,0,1.81434972295808
"CB","Anthony Averett",2560963,1.75716325161788,27,3,1,2,0,0,0,1,0,0,0,0,0,0,0,0,0.208803784301871,0,1.6816233200406,-0.13326385272459,0,0,1.89042710434247
"LB","Ja'Whaun Bentley",2561143,1.72543657667101,21,2,1,0,0,1,0,0,0,0,0,0,0,0,0,0,-0.600415880554429,0.0233254495339907,2.31159984708345,0.0192403829528084,-0.0283132223448113,0,1.7061961937182
"FS","Eddie Jackson",2558176,1.67832581159392,25,2,1,0,0,0,0,1,1,0,0,0,0,0,0,0,-0.483793056390416,0,2.25442193192902,-0.0923030639446876,0,0,1.7706288755386
"ILB","Jayon Brown",2558005,1.64800414286146,52,8,5,3,0,0,0,2.5,0,1,1,0,0,-1.14220501363011,-1.14220501363011,0,-0.333904007981666,0,1.47802391817763,0.503884232665492,0,0,1.14411991019596
"CB","De'Vante Harris",2556833,1.63887918503115,33,3,2,1,0,0,0,1,0,0,0,0,0,0,0,0,0.0423988869581218,0.164129092347372,1.2451040959136,0.187247109812054,0,0,1.45163207521909
"DB","Anthony Levine",2508004,1.48097842839326,42,2,2,0,4,0,0,0,0,1,1,0,0,-0.532970455129727,-0.532970455129727,0,0.223129697009586,0,-1.87937578302455,0.082848153593609,0,3.05437636081462,1.39813027479966
"FS","Rodney McLeod",2534832,1.46302615813684,4,0,0,0,0,0,0,0,0,0,0,0,0,0,0,0,-0.36768467867042,1.83071083680726,0,0,0,0,1.46302615813684
"DB","Marcus Allen",2560956,1.43752126605216,8,2,1,0,0,0,0,1,0,0,0,0,0,0,0,0,0.819376289476891,0,0.535362549808089,0.0827824267671778,0,0,1.35473883928498
"LB","Josey Jewell",2560763,1.43489609532595,32,9,6,3,1,0,0,3,0,0,0,0,0,0,0,0,-0.722638968285416,0,1.86616179364624,-0.365315349166731,0,0.656688619131855,1.80021144449268
"ILB","B.J. Goodson",2555522,1.42968718773965,32,10,8,1,0,0,0,5,0,0,0,0,0,0,0,0,-0.412296000199964,0,1.50415336130949,0.337829826630121,0,0,1.09185736110953
"DB","Tracy Walker",2560913,1.36892488475286,10,1,1,0,0,0,0,1,0,0,0,0,0,0,0,0,0.279637706980654,1.40759851424604,-0.275341945829387,-0.0429693906444482,0,0,1.41189427539731
"OLB","Shaquil Barrett",2550541,1.32466144629706,9,6,4,1,0,0,0,1,0,0,0,0,0,0,0,0,0.0324583324495484,0,-1.8946170815431,3.18682019539061,0,0,-1.86215874909355
"SS","Jordan Richards",2552392,1.25573863939115,58,5,2,3,0,0,0,1,0,0,0,0,0,0,0,0,-0.579456820472878,0,2.27866036861948,-0.443464908755457,0,0,1.6992035481466
"MLB","Zach Vigil",2553687,1.19748246615492,1,1,1,0,0,0,0,1,0,0,0,0,0,0,0,0,-0.0238826370888806,1.41787774173387,0.0080949158481266,-0.204607554338195,0,0,1.40209002049312
"FS","Jordan Lucas",2555542,1.16622068769257,32,1,0,1,0,0,0,0,0,1,0,0,1,-0.843253622238156,0,0,0.39325065840362,0.296968448831672,0.476001580457282,0,0,0,1.16622068769257
"FS","Corey Graham",2495613,1.152969238735,35,0,0,0,0,0,0,0,0,1,1,0,0,-0.397996368995192,-0.397996368995192,0,1.152969238735,0,0,0,0,0,1.152969238735
"ILB","Patrick Onwuasor",2556642,1.05750578059965,25,3,1,1,0,0,0,0.5,0,1,1,0,0,-0.852910555756464,-0.852910555756464,0,-0.594037036069992,0,1.67101914876494,-0.0194763320952998,0,0,1.07698211269495
"MLB","Eric Kendricks",2552312,1.05278313926917,69,21,16,2,0,1,0,9,0,0,0,0,0,0,0,0,-2.60332256323741,0,4.49956956974167,-0.807199208197403,-0.0362646590376894,0,1.85998234746657
"ILB","Nicholas Morrow",2559054,1.05144687984497,42,5,4,1,0,0,0,1,0,0,0,0,0,0,0,0,0.122902206412799,0,0.855424544886443,0.0731201285457327,0,0,0.978326751299242
"SS","Landon Collins",2552454,1.03571954874494,77,18,14,2,1,0,0,10,0,0,0,0,0,0,0,0,-1.12454290736056,0,-0.0546114786274813,1.87034339792722,0,0.344530536805757,-0.834623849182284
"CB","Jalen Ramsey",2555280,0.991260092395361,341,42,28,8,0,2,0,20,0,2,2,0,0,-0.745775302472404,-0.745775302472404,0,-2.64358179174168,-1.64230776304289,4.66773799555365,-1.04548960979545,1.65490126142173,0,2.03674970219081
"CB","KeiVarae Russell",2555547,0.913533599476159,42,9,6,1,0,0,0,4.5,0,0,0,0,0,0,0,0,0.46499792800762,0.61964747345314,-0.543547880603242,0.372436078618641,0,0,0.541097520857518
"FS","Earl Thomas",2508080,0.910627542240882,5,0,0,0,0,0,0,0,0,0,0,0,0,0,0,0,-0.715030099501408,1.62565764174229,0,0,0,0,0.910627542240882
"LB","Tanner Vallejo",2558289,0.90430450826108,9,1,1,0,0,0,0,1,0,0,0,0,0,0,0,0,-0.355348607057386,0.968066567218775,0.387987152399354,-0.0964006042996626,0,0,1.00070511256074
"ILB","Josh Harvey-Clemons",2557880,0.896219057025713,21,1,0,1,0,0,0,0,0,1,1,0,0,-1.00163733991558,-1.00163733991558,0,-0.724749211400207,0,1.62096826842592,0,0,0,0.896219057025713
"FS","Jordan Poyer",2539290,0.854657754293462,37,3,2,0,0,1,0,1,0,0,0,0,0,0,0,0,-2.99036546188153,0,4.63382754991179,-0.0741882245491976,-0.7146161091876,0,0.92884597884266
"ILB","Kamalei Correa",2555339,0.760047896977737,5,0,0,0,0,0,0,0,0,0,0,0,0,0,0,0,-0.0260820406017522,0.786129937579489,0,0,0,0,0.760047896977737
"DB","Rashaan Gaulden",2560775,0.749780746742462,5,0,0,0,0,0,0,0,0,0,0,0,0,0,0,0,0.298728610256552,0.45105213648591,0,0,0,0,0.749780746742462
"SS","Chris Banjo",2541192,0.744287834600939,2,0,0,0,0,0,0,0,0,0,0,0,0,0,0,0,-0.109826206758683,0.854114041359622,0,0,0,0,0.744287834600939
"CB","Cordrea Tankersley",2557931,0.723646443006031,5,1,1,0,0,0,0,1,0,0,0,0,0,0,0,0,0.0763625819708273,0.424438218615255,0.0181084043116176,0.204737238108331,0,0,0.5189092048977
"OLB","Brennan Scarlett",2556673,0.696164931460211,4,2,1,1,0,0,0,0.5,0,0,0,0,0,0,0,0,-0.198143295517149,-0.438815588575467,0.619308977110836,0.713814838441991,0,0,-0.0176499069817799
"CB","Avonte Maddox",2560795,0.695270856387873,109,10,8,1,1,1,0,6,0,0,0,0,0,0,0,0,-2.22012800149745,-1.43376689806185,1.63509535222414,0.191178977465185,-0.296656604645192,2.81954803090304,0.504091878922688
"CB","Jamal Agnew",2558821,0.679242160577443,43,5,5,0,0,0,0,3,0,0,0,0,0,0,0,0,1.96119177386287,0.0141511669184889,-0.962585359688886,-0.33351542051503,0,0,1.01275758109247
"OLB","Tyus Bowser",2558166,0.638344653880266,4,0,0,0,0,0,0,0,0,0,0,0,0,0,0,0,0.123417444196992,0.514927209683274,0,0,0,0,0.638344653880266
"CB","Vernon Hargreaves III",2555299,0.636624772133709,25,5,4,0,0,0,0,4,0,0,0,0,0,0,0,0,-0.323269620701442,1.33154626992161,0.25400096747984,-0.625652844566299,0,0,1.26227761670001
"CB","Logan Ryan",2540162,0.625488343591554,202,18,10,5,0,0,0,8,0,3,3,0,0,-0.978021487937134,-0.978021487937134,0,-1.08849145869496,-0.262837913203986,4.11289582441595,-2.13607810892545,0,0,2.761566452517
"ILB","Nate Stupar",2533459,0.607880296588356,3,2,1,0,0,0,0,0,0,0,0,0,0,0,0,0,-0.219896159253772,0.0532405028449285,0.774535952997199,0,0,0,0.607880296588356
"ILB","Benardrick McKinney",2552490,0.606629643741131,72,7,4,1,0,1,0,2,0,0,0,0,0,0,0,0,-3.11018863692614,0,3.56332344979919,0.379509006148785,-0.226014175280704,0,0.227120637592346
"OLB","Jordan Jenkins",2555256,0.606212027620782,10,0,0,0,0,0,0,0,0,0,0,0,0,0,0,0,0.00105188670601235,0.60516014091477,0,0,0,0,0.606212027620782
"CB","Brandon Facyson",2560719,0.599904898839679,3,0,0,0,0,0,0,0,0,0,0,0,0,0,0,0,0.599904898839679,0,0,0,0,0,0.599904898839679
"CB","Marcus Williams",2550605,0.589017420391374,11,2,2,0,0,0,0,2,0,0,0,0,0,0,0,0,0.313242539474513,0.201410369370403,-0.0377054825856178,0.112069994132076,0,0,0.476947426259298
"ILB","Will Compton",2540013,0.585444539629904,4,1,0,1,0,0,0,0,0,0,0,0,0,0,0,0,-0.0545314071830515,0.186970811825959,0.453005134986996,0,0,0,0.585444539629904
"ILB","Jon Bostic",2539978,0.572097965193968,56,14,13,1,0,0,0,9.5,0,0,0,0,0,0,0,0,0.399339817165135,0,0.0455978315225095,0.127160316506324,0,0,0.444937648687645
"LB","Foye Oluokun",2561132,0.55727111261414,58,15,11,1,0,0,0,5.5,0,2,2,0,0,-2.1442668353502,-2.1442668353502,0,-3.07638749394323,0,2.00475604852098,1.62890255803639,0,0,-1.07163144542225
"LB","Jason Cabinda",2560986,0.556749117451756,5,0,0,0,0,0,0,0,0,0,0,0,0,0,0,0,-0.252997737149783,0.809746854601539,0,0,0,0,0.556749117451756
"OLB","Connor Barwin",71197,0.549669527824304,2,1,0,0,0,0,0,0,0,0,0,0,0,0,0,0,0.114318167809875,0,0.435351360014429,0,0,0,0.549669527824304
"SS","Deon Bush",2555155,0.542394204469771,2,0,0,0,0,0,0,0,0,0,0,0,0,0,0,0,-0.0512794554703724,0.593673659940143,0,0,0,0,0.542394204469771
"OLB","Ben Gedeon",2558033,0.5341164276645,17,3,1,1,0,0,0,0,0,0,0,0,0,0,0,0,-0.0654820869804294,0,0.599598514644929,0,0,0,0.5341164276645
"ILB","Ramik Wilson",2552320,0.52736168787816,23,4,3,1,0,0,0,2,0,0,0,0,0,0,0,0,-0.167653430824502,0.941899188902554,0.0972905235624987,-0.344174593762391,0,0,0.871536281640551
"ILB","Mason Foster",2495281,0.521483947925379,56,7,7,0,0,0,1,3.5,0,0,0,0,0,0,0,0,-1.03465321139883,0,-3.27441677652861,1.35566371498345,-0.0633029037765507,3.53819312464592,-0.834179767058071
"OLB","Ryan Kerrigan",2495190,0.477856459602434,4,1,0,0,0,0,0,0,0,0,0,0,0,0,0,0,-0.309448091655024,0,0.787304551257458,0,0,0,0.477856459602434
"LB","Oren Burks",2560984,0.472006489886092,15,3,2,0,0,0,0,1,0,0,0,0,0,0,0,0,-0.31189081076909,-0.492277180973994,1.14317089834754,0.133003583281636,0,0,0.339002906604456
"CB","Tavierre Thomas",2561278,0.460550869832931,4,1,1,0,0,0,0,1,0,0,0,0,0,0,0,0,0.0543734771920941,-0.0164173815664218,0.0581529713519907,0.364441802855268,0,0,0.096109066977663
"ILB","Nick Kwiatkoski",2555288,0.446285057980841,14,5,4,0,0,0,0,1.5,0,0,0,0,0,0,0,0,-0.324709498280689,0.166522765223368,0.0102004499547074,0.594271341083455,0,0,-0.147986283102614
"CB","Adonis Alexander",2561644,0.431012694509743,3,0,0,0,0,0,0,0,0,0,0,0,0,0,0,0,0.431012694509743,0,0,0,0,0,0.431012694509743
"SS","Matthias Farley",2556429,0.413251709346171,7,2,2,0,0,0,0,0.5,0,0,0,0,0,0,0,0,-0.0228963200738131,1.11895472930927,-0.0999339564912377,-0.582872743398048,0,0,0.996124452744219
"CB","Johnson Bademosi",2535693,0.400844990218178,9,1,1,0,0,0,0,0,0,0,0,0,0,0,0,0,0.0562468905420939,0,0.344598099676084,0,0,0,0.400844990218178
"CB","Tyler Patmon",2550659,0.389401467457172,67,7,5,0,0,0,0,4,0,0,0,0,0,0,0,0,-0.14895323564808,0,1.23826306351205,-0.699908360406798,0,0,1.08930982786397
"MLB","Marquel Lee",2557972,0.375968729286925,21,6,5,1,0,0,0,2.5,0,0,0,0,0,0,0,0,-0.757651645580559,0,-0.457056247421786,1.59067662228927,0,0,-1.21470789300234
"CB","Tramon Williams",2506789,0.342320524904587,169,12,8,1,0,0,0,5,0,0,0,0,0,0,0,0,0.0786240318110161,0.466091546960351,2.46991893600547,-2.67231398987225,0,0,3.01463451477684
"OLB","Matt Judon",2555505,0.337492122451672,16,2,2,0,0,0,0,1,0,0,0,0,0,0,0,0,-0.377889330852065,1.06765530784285,-0.380263924923115,0.0279900703840024,0,0,0.30950205206767
"FS","Colin Jones",2499257,0.328532415282909,6,3,3,0,0,0,1,1.5,0,0,0,0,0,0,0,0,-0.313031505701215,-1.55399209128325,-1.60566575040326,0.150375471015858,0.172354533126176,3.4784917585286,0.178156944267051
"CB","Kayvon Webster",2540291,0.327025108511212,4,0,0,0,0,0,0,0,0,0,0,0,0,0,0,0,0.327025108511212,0,0,0,0,0,0.327025108511212
"DB","Tarvarius Moore",2561117,0.292180214437253,59,8,6,1,0,0,0,4,1,0,0,0,0,0,0,0,-0.352002500237861,-0.859050047668986,-1.96269777826292,3.46593054060702,0,0,-3.17375032616977
"FS","Ibraheim Campbell",2552605,0.278247294342,7,0,0,0,0,0,0,0,0,0,0,0,0,0,0,0,-0.0507241220688582,0.328971416410858,0,0,0,0,0.278247294342
"FS","Adrian Colbert",2558857,0.266733888705621,1,0,0,0,0,0,0,0,0,0,0,0,0,0,0,0,0.000661814762285028,0.266072073943336,0,0,0,0,0.266733888705621
"LB","Jermaine Carter",2561093,0.259911988993839,10,3,3,0,0,0,0,1,0,0,0,0,0,0,0,0,0.0659618421743645,-0.097012075081068,0.658644928160597,-0.367682706260055,0,0,0.627594695253894
"FS","Raven Greene",2561207,0.247132401690935,5,0,0,0,0,0,0,0,0,0,0,0,0,0,0,0,0.247132401690935,0,0,0,0,0,0.247132401690935
"OLB","Brian Orakpo",71423,0.236931710709267,6,0,0,0,0,0,0,0,0,0,0,0,0,0,0,0,-0.0929840439890059,0.329915754698273,0,0,0,0,0.236931710709267
"CB","Derrick Jones",2558819,0.208446686668777,7,0,0,0,0,0,0,0,0,0,0,0,0,0,0,0,-0.585984436340356,0.794431123009133,0,0,0,0,0.208446686668777
"CB","Blidi Wreh-Wilson",2539219,0.188626264214635,10,1,1,0,0,0,0,1,0,0,0,0,0,0,0,0,0.249835857903738,0,-0.000595274970732362,-0.0606143187183707,0,0,0.249240582933006
"OLB","Jalen Reeves-Maybin",2557924,0.186697568793279,10,0,0,0,0,0,0,0,0,0,0,0,0,0,0,0,0.0491250998595219,0.137572468933757,0,0,0,0,0.186697568793279
"LB","Joe Jones",2559200,0.175614298202531,1,1,1,0,0,0,0,1,0,0,0,0,0,0,0,0,0.0215450033180293,0,0.120331886330705,0.0337374085537964,0,0,0.141876889648734
"MLB","Manti Te'o",2539277,0.170907850829824,10,2,1,0,0,0,0,0.5,0,0,0,0,0,0,0,0,-0.525355376348817,0.0392059219978789,1.09024715739024,-0.433189852209478,0,0,0.604097703039302
"ILB","Ukeme Eligwe",2558097,0.156445105774232,2,0,0,0,0,0,0,0,0,0,0,0,0,0,0,0,-0.128058801410478,0.28450390718471,0,0,0,0,0.156445105774232
"MLB","Mike Hull",2552317,0.145571963907135,2,1,1,0,0,0,0,1,0,0,0,0,0,0,0,0,-0.0334484543994669,-0.169929060200001,0.397705767822557,-0.0487562893159544,0,0,0.194328253223089
"FS","Rontez Miles",2540287,0.137775050663672,2,0,0,0,0,0,0,0,0,0,0,0,0,0,0,0,0.0100817828327743,0.127693267830898,0,0,0,0,0.137775050663672
"LB","Joel Iyiegbuniwe",2560750,0.111323106365411,2,0,0,0,0,0,0,0,0,0,0,0,0,0,0,0,-0.0231972499445923,0.134520356310003,0,0,0,0,0.111323106365411
"CB","Kenneth Durden",2556798,0.103694653480415,1,0,0,0,0,0,0,0,0,0,0,0,0,0,0,0,-0.0118255842072345,0.115520237687649,0,0,0,0,0.103694653480415
"CB","Adam Jones",2506345,0.0961279832763395,35,4,3,1,0,0,0,2,0,1,1,0,0,-0.643037312186764,-0.643037312186764,0,-0.944324968178128,-0.741562860722342,1.68987845109507,0.0921373610817397,0,0,0.00399062219459978
"FS","George Odum",2561131,0.0909050578068968,2,0,0,0,0,0,0,0,0,0,0,0,0,0,0,0,-0.00350098284897693,0.0944060406558737,0,0,0,0,0.0909050578068968
"ILB","Joe Thomas",2550262,0.0808909238954357,5,1,1,0,0,0,0,1,0,0,0,0,0,0,0,0,-0.365172501469933,0.364759370596008,0.0317098483318166,0.0495942064375441,0,0,0.0312967174578916
"OLB","Pernell McPhee",2495201,0.0770219897811532,2,0,0,0,0,0,0,0,0,0,0,0,0,0,0,0,0.0770219897811532,0,0,0,0,0,0.0770219897811532
"ILB","Derrick Johnson",2506353,0.075070125745794,9,0,0,0,0,0,0,0,0,0,0,0,0,0,0,0,-0.783952768411147,0.859022894156941,0,0,0,0,0.075070125745794
"DB","Isaiah Johnson",2553545,0.0711671266393858,1,0,0,0,0,0,0,0,0,0,0,0,0,0,0,0,0.0711671266393858,0,0,0,0,0,0.0711671266393858
"OLB","Josh Martin",2541864,0.0677432602093512,2,0,0,0,0,0,0,0,0,0,0,0,0,0,0,0,0.0677432602093512,0,0,0,0,0,0.0677432602093512
"OLB","Whitney Mercilus",2533049,0.0549552029257919,21,3,3,0,0,0,0,0.5,0,0,0,0,0,0,0,0,-1.66947333890059,0,1.35994870785804,0.364479833968342,0,0,-0.30952463104255
"MLB","Kelvin Sheppard",2495229,0.0511742102294459,1,0,0,0,0,0,0,0,0,0,0,0,0,0,0,0,0.0511742102294459,0,0,0,0,0,0.0511742102294459
"OLB","Chase Allen",2559043,0.0383021628493384,1,0,0,0,0,0,0,0,0,0,0,0,0,0,0,0,0.0383021628493384,0,0,0,0,0,0.0383021628493384
"OLB","Lorenzo Carter",2561015,0.0343301491058129,4,0,0,0,0,0,0,0,0,0,0,0,0,0,0,0,0.0343301491058129,0,0,0,0,0,0.0343301491058129
"LB","Ben Niemann",2561383,0.0266516135241458,4,2,2,0,0,0,0,2,0,0,0,0,0,0,0,0,-0.176787212011431,0.0918077787091699,-0.614635478264349,0.726266525090756,0,0,-0.69961491156661
"SS","Tavon Wilson",2534830,0.020483762956762,55,6,4,0,0,0,0,2,0,0,0,0,0,0,0,0,0.35587978796659,0,-0.673548521450245,0.338152496440417,0,0,-0.317668733483655
"CB","Mike Tyson",2558853,0.018097437178368,9,1,0,0,0,0,0,0,0,0,0,0,0,0,0,0,-0.29752297626533,0,0.315620413443698,0,0,0,0.018097437178368
"OLB","Barkevious Mingo",2540140,0.0167219312170639,25,5,4,0,0,0,0,2,0,0,0,0,0,0,0,0,-0.504581561839919,0,1.41502290725901,-0.893719414202027,0,0,0.910441345419091
"CB","Marcus Sherels",2508007,0.01538603524951,11,0,0,0,0,0,0,0,0,0,0,0,0,0,0,0,0.316924394515428,-0.301538359265918,0,0,0,0,0.01538603524951
"ILB","Kevin Pierre-Louis",2543563,0.00596886088265491,10,3,3,0,0,0,0,1,0,0,0,0,0,0,0,0,-0.705914762510594,-0.193761392943528,-0.348211965247443,1.25385698158422,0,0,-1.24788812070157
"OLB","Ramon Humber",2507644,0.0039385864603828,4,1,1,0,0,0,0,1,0,0,0,0,0,0,0,0,-0.0782860510417369,0.134656991039975,-0.100652063943751,0.0482197104058957,0,0,-0.0442811239455129
"DB","Denzel Rice",2553736,-0.000376335318835991,9,1,1,0,0,0,0,0,0,0,0,0,0,0,0,0,0.125360664410507,0,-0.125736999729343,0,0,0,-0.000376335318835991
"FS","Reggie Nelson",2507167,-0.00115096121881698,16,3,3,0,0,0,0,2,0,0,0,0,0,0,0,0,-0.898189901844315,0,0.782317226951002,0.114721713674496,0,0,-0.115872674893313
"LB","Cassanova McKinzy",2556614,-0.00407049218039552,1,0,0,0,0,0,0,0,0,0,0,0,0,0,0,0,-0.00407049218039552,0,0,0,0,0,-0.00407049218039552
"ILB","Vince Williams",2540221,-0.008013416867787,62,8,7,0,0,0,0,5.5,0,0,0,0,0,0,0,0,0.261003564864131,0,-0.934724568759683,0.665707587027765,0,0,-0.673721003895552
"LB","Uchenna Nwosu",2560826,-0.0101247042415297,4,0,0,0,0,0,0,0,0,0,0,0,0,0,0,0,-0.0101247042415297,0,0,0,0,0,-0.0101247042415297
"MLB","Kevin Minter",2540159,-0.0110578752697184,1,0,0,0,0,0,0,0,0,0,0,0,0,0,0,0,-0.0110578752697184,0,0,0,0,0,-0.0110578752697184
"OLB","Kareem Martin",2543738,-0.019351708040326,10,1,1,0,0,0,0,0.5,0,0,0,0,0,0,0,0,-0.389981545136417,0,0.185569465867141,0.18506037122895,0,0,-0.204412079269276
"SS","Kavon Frazier",2555536,-0.0249714252420691,11,2,2,0,0,0,0,2,0,0,0,0,0,0,0,0,-1.15431343237843,0.257056378990401,0.251235045116326,0.621050583029634,0,0,-0.646022008271703
"OLB","Sharif Finch",2561328,-0.025538503129594,3,1,1,0,0,0,0,1,0,0,0,0,0,0,0,0,-0.100662302986094,0.233369080244202,-0.179521220908386,0.021275940520684,0,0,-0.046814443650278
"SS","Terrence Brooks",2543712,-0.0290310608555062,1,0,0,0,0,0,0,0,0,0,0,0,0,0,0,0,-0.0290310608555062,0,0,0,0,0,-0.0290310608555062
"LB","Keishawn Bierria",2560976,-0.0359995318543034,3,0,0,0,0,0,0,0,0,0,0,0,0,0,0,0,-0.0359995318543034,0,0,0,0,0,-0.0359995318543034
"OLB","Albert McClellan",496814,-0.0385710525159065,1,0,0,0,0,0,0,0,0,0,0,0,0,0,0,0,-0.0385710525159065,0,0,0,0,0,-0.0385710525159065
"OLB","Cameron Lynch",2553774,-0.0445807211386631,1,0,0,0,0,0,0,0,0,0,0,0,0,0,0,0,-0.0445807211386631,0,0,0,0,0,-0.0445807211386631
"DE","Olivier Vernon",2533534,-0.044618329918574,1,0,0,0,0,0,0,0,0,0,0,0,0,0,0,0,-0.044618329918574,0,0,0,0,0,-0.044618329918574
"SS","Nat Berhe",2543643,-0.0488982337462984,10,1,1,0,0,0,0,0,0,0,0,0,0,0,0,0,1.03819207883883,-0.0177814875877585,-1.06930882499737,0,0,0,-0.0488982337462984
"OLB","Emmanuel Lamur",2536032,-0.0563835950739282,14,1,1,0,0,0,0,0,0,0,0,0,0,0,0,0,-0.0864633119255514,-0.0939244052927288,0.124004122144352,0,0,0,-0.0563835950739282
"LB","Kylie Fitts",2560724,-0.0623088288251872,2,0,0,0,0,0,0,0,0,0,0,0,0,0,0,0,-0.0623088288251872,0,0,0,0,0,-0.0623088288251872
"OLB","Deon Lacey",2541848,-0.0654676805233172,1,0,0,0,0,0,0,0,0,0,0,0,0,0,0,0,-0.0654676805233172,0,0,0,0,0,-0.0654676805233172
"MLB","Stephone Anthony",2552321,-0.0679534121106562,1,0,0,0,0,0,0,0,0,0,0,0,0,0,0,0,-0.0679534121106562,0,0,0,0,0,-0.0679534121106562
"CB","Dontae Johnson",2543739,-0.0690070388108803,2,0,0,0,0,0,0,0,0,0,0,0,0,0,0,0,-0.0690070388108803,0,0,0,0,0,-0.0690070388108803
"CB","Joshua Holsey",2558858,-0.0731427261222206,6,1,1,0,0,0,0,1,0,0,0,0,0,0,0,0,-0.0218593305183076,0,0.319029209337267,-0.37031260494118,0,0,0.297169878818959
"LB","Isaiah Irving",2559287,-0.0801744860770892,1,0,0,0,0,0,0,0,0,0,0,0,0,0,0,0,-0.0801744860770892,0,0,0,0,0,-0.0801744860770892
"OLB","Marquis Flowers",2549896,-0.0829830546811105,1,0,0,0,0,0,0,0,0,0,0,0,0,0,0,0,-0.0829830546811105,0,0,0,0,0,-0.0829830546811105
"LB","Breeland Speaks",2560881,-0.084723212604716,1,0,0,0,0,0,0,0,0,0,0,0,0,0,0,0,-0.084723212604716,0,0,0,0,0,-0.084723212604716
"FS","DeAndre Houston-Carson",2555381,-0.0931564912279295,5,0,0,0,0,0,0,0,0,0,0,0,0,0,0,0,-0.0931564912279295,0,0,0,0,0,-0.0931564912279295
"LB","Jack Cichy",2561022,-0.0976351622838022,1,1,1,0,0,0,0,1,0,0,0,0,0,0,0,0,0.027816495453087,0,-0.136187370455952,0.0107357127190628,0,0,-0.108370875002865
"LB","Shaun Dion Hamilton",2561003,-0.10681503258939,7,1,1,0,0,0,0,0,0,0,0,0,0,0,0,0,0.0916092773303785,0.258498979641576,-0.762698082376586,0.305774792815242,0,0,-0.412589825404632
"ILB","Skai Moore",2560816,-0.122700408439856,2,0,0,0,0,0,0,0,0,0,0,0,0,0,0,0,-0.122700408439856,0,0,0,0,0,-0.122700408439856
"LB","Shilique Calhoun",2555294,-0.128985697517549,1,0,0,0,0,0,0,0,0,0,0,0,0,0,0,0,-0.128985697517549,0,0,0,0,0,-0.128985697517549
"OLB","Za'Darius Smith",2552279,-0.129959879342779,1,0,0,0,0,0,0,0,0,0,0,0,0,0,0,0,0.0595725034476226,-0.189532382790402,0,0,0,0,-0.129959879342779
"FS","Mike Mitchell",238227,-0.133648812580795,5,0,0,0,0,0,0,0,0,0,0,0,0,0,0,0,-0.133648812580795,0,0,0,0,0,-0.133648812580795
"CB","Dominique Hatfield",2559356,-0.136594993404184,2,0,0,0,0,0,0,0,0,0,0,0,0,0,0,0,-0.136594993404184,0,0,0,0,0,-0.136594993404184
"OLB","Nick Perry",2533048,-0.136903985932828,1,0,0,0,0,0,0,0,0,0,0,0,0,0,0,0,-0.0315520973253849,-0.105351888607443,0,0,0,0,-0.136903985932828
"DB","Dymonte Thomas",2559293,-0.150496148243267,2,0,0,0,0,0,0,0,0,0,0,0,0,0,0,0,-0.150496148243267,0,0,0,0,0,-0.150496148243267
"SS","Rayshawn Jenkins",2558182,-0.162535259145065,14,1,1,0,0,0,0,1,0,0,0,0,0,0,0,0,-0.712198621560758,0.71566094030101,-0.0242987945294034,-0.141698783355914,0,0,-0.0208364757891513
"LB","Corey Thompson",2561107,-0.166190414879044,3,0,0,0,0,0,0,0,0,0,0,0,0,0,0,0,-0.194614571310896,0.0284241564318524,0,0,0,0,-0.166190414879044
"FS","Marcus Maye",2557995,-0.170547536877198,7,0,0,0,0,0,0,0,0,0,0,0,0,0,0,0,-0.170547536877198,0,0,0,0,0,-0.170547536877198
"FS","Chuck Clark",2558248,-0.182921947084289,27,4,3,0,0,0,0,2,0,0,0,0,0,0,0,0,-0.597238782330621,0,0.344332937959321,0.0699838972870109,0,0,-0.2529058443713
"CB","Lenzy Pipkins",2558988,-0.183194185811926,12,0,0,0,0,0,0,0,0,0,0,0,0,0,0,0,-0.373248739418064,0.190054553606138,0,0,0,0,-0.183194185811926
"MLB","Hayes Pullard",2552313,-0.190074847150894,5,0,0,0,0,0,0,0,0,0,0,0,0,0,0,0,-0.412005795378576,0.221930948227682,0,0,0,0,-0.190074847150894
"WR","Tremon Smith",2561103,-0.228112300159794,22,4,3,0,0,0,0,0,0,1,1,0,0,-1.23037712748252,-1.23037712748252,0,-2.10036199716817,0.238018753053866,1.94963503563125,-0.31540409167674,0,0,0.0872917915169458
"CB","Anthony Brown",2555531,-0.23424398917558,189,22,15,5,0,0,0,11,1,2,2,0,0,-0.977848382643368,-0.977848382643368,0,-0.48492768611391,2.73996844101736,-4.68246212834435,2.19317738426532,0,0,-2.4274213734409
"CB","Josh Hawkins",2556550,-0.238686430192407,2,0,0,0,0,0,0,0,0,0,0,0,0,0,0,0,-0.238686430192407,0,0,0,0,0,-0.238686430192407
"OLB","Preston Smith",2552276,-0.238691630874429,10,1,1,0,0,0,0,0,0,0,0,0,0,0,0,0,-0.129456319998025,-0.0644988719584046,-0.044736438917999,0,0,0,-0.238691630874429
"FS","J.J. Wilcox",2540219,-0.254785810496685,8,2,2,0,0,0,0,1,0,0,0,0,0,0,0,0,-0.532369613838523,0.120349908758935,-0.00884193257158675,0.16607582715449,0,0,-0.420861637651175
"CB","A.J. Bouye",2541162,-0.264831591183441,269,32,23,5,0,1,0,20.5,0,2,2,0,0,-0.436828435845905,-0.436828435845905,0,-7.78690363918265,1.14984775693762,7.08086690805497,0.316580250599248,-1.02522286759263,0,-0.581411841782689
"SS","Josh Jones",2558119,-0.265618852228203,48,3,3,0,0,0,0,1.5,0,0,0,0,0,0,0,0,0.656872685758243,0,-1.01364656844279,0.091155030456344,0,0,-0.356773882684547
"ILB","Bryce Hager",2552307,-0.27996927168519,7,1,1,0,0,0,0,0,0,0,0,0,0,0,0,0,-0.146007477769479,0.0393845568673255,-0.173346350783037,0,0,0,-0.27996927168519
"CB","Marshon Lattimore",2558061,-0.339200227538246,328,39,28,9,2,0,0,17,2,2,0,0,2,-2.86269350846592,0,0,2.7025160171247,0.213637620009874,-7.75039486108902,2.90482412737761,0,1.59021686903859,-3.24402435491586
"LB","Frankie Luvu",2561366,-0.341689386230068,7,2,2,0,0,0,0,0,0,0,0,0,0,0,0,0,-0.184426778069131,0.367642549316758,-0.61740299854072,0.0924978410630252,0,0,-0.434187227293093
"SS","Lano Hill",2558077,-0.349383919698392,26,2,1,0,0,0,0,0,0,0,0,0,0,0,0,0,-1.29942909779526,0,-0.466848462989152,1.41689364108602,0,0,-1.76627756078441
"CB","Donte' Deayon",2556512,-0.361282593600508,39,4,2,2,0,0,0,1,0,0,0,0,0,0,0,0,-1.00133682904455,0,0.633392676719397,0.00666155872464524,0,0,-0.367944152325153
"SS","Deshazor Everett",2553710,-0.367092333790819,10,0,0,0,0,0,0,0,0,0,0,0,0,0,0,0,-0.279923096657336,-0.0871692371334827,0,0,0,0,-0.367092333790819
"FS","Shalom Luani",2558274,-0.376114393893196,2,0,0,0,0,0,0,0,0,0,0,0,0,0,0,0,-0.376114393893196,0,0,0,0,0,-0.376114393893196
"DE","Vic Beasley",2552301,-0.378102462040523,2,0,0,0,0,0,0,0,0,1,1,0,0,-0.252320592641231,-0.252320592641231,0,-0.378102462040523,0,0,0,0,0,-0.378102462040523
"ILB","Dylan Cole",2559152,-0.378385361803528,17,3,2,1,0,0,0,2,0,0,0,0,0,0,0,0,0.0664556885763178,-0.23074010967324,-0.419559326167362,0.205458385460756,0,0,-0.583843747264284
"DB","Tre Sullivan",2559260,-0.381503900010352,7,1,1,0,0,0,0,1,0,0,0,0,0,0,0,0,-0.170071664545631,0,-0.276783450592725,0.0653512151280038,0,0,-0.446855115138356
"FS","Malik Hooker",2558060,-0.38946047965092,4,0,0,0,0,0,0,0,0,0,0,0,0,0,0,0,-0.38946047965092,0,0,0,0,0,-0.38946047965092
"S","Kenny Ladler",2550365,-0.395496034979846,2,1,1,0,0,0,0,0,0,0,0,0,0,0,0,0,0.352801585570605,0,-0.175238176580953,-0.573059443969498,0,0,0.177563408989652
"OLB","Derrick Morgan",496828,-0.396406453482478,5,2,2,0,0,0,0,1,0,0,0,0,0,0,0,0,-0.0859899924366149,0.277798667030028,-0.268756280201252,-0.319458847874639,0,0,-0.0769476056078389
"S","Terrell Edmunds",2560712,-0.420205146199716,55,5,2,2,0,0,0,1,0,3,1,0,2,-4.24988710139917,-1.28047718229728,0,-1.04146267094545,0,0.0626925914514738,0.55856493329426,0,0,-0.978770079493976
"LB","Riley Bullough",2558923,-0.428043368581622,2,0,0,0,0,0,0,0,0,0,0,0,0,0,0,0,-0.0836156648032897,-0.344427703778332,0,0,0,0,-0.428043368581622
"OLB","Lorenzo Alexander",2506268,-0.444657821667355,20,4,4,0,0,0,0,3.5,0,0,0,0,0,0,0,0,-0.674821703355808,0,-0.322634488150083,0.552798369838536,0,0,-0.997456191505891
"S","Jessie Bates",2560970,-0.44648300324525,23,4,2,2,0,0,0,3,0,0,0,0,0,0,0,0,-2.36465880915939,0,2.66516382159594,-0.7469880156818,0,0,0.30050501243655
"DE","Justin Houston",2495493,-0.459013992425269,11,0,0,0,0,0,0,0,0,0,0,0,0,0,0,0,-0.325944520192744,-0.133069472232525,0,0,0,0,-0.459013992425269
"OLB","Ray-Ray Armstrong",2541792,-0.459522995038232,14,1,1,0,0,0,0,0,0,0,0,0,0,0,0,0,-0.00148319689328762,0,-0.508717956722599,0.0506781585776548,0,0,-0.510201153615887
"FS","George Iloka",2532869,-0.463334537479805,10,1,0,0,0,0,0,0,0,0,0,0,0,0,0,0,-0.711024136157881,0,0.247689598678076,0,0,0,-0.463334537479805
"LB","Reggie Gilbert",2556537,-0.477255091170432,3,0,0,0,0,0,0,0,0,0,0,0,0,0,0,0,-0.183048822970805,-0.294206268199627,0,0,0,0,-0.477255091170432
"SS","Da'Norris Searcy",2495339,-0.477460026956415,3,0,0,0,0,0,0,0,0,0,0,0,0,0,0,0,-0.352599813657419,-0.124860213298996,0,0,0,0,-0.477460026956415
"ILB","Tyler Matakevich",2555171,-0.487695204035288,5,2,2,0,0,0,0,1,0,0,0,0,0,0,0,0,-0.0146227573368506,0.147136564892982,-1.03336166276624,0.413152651174821,0,0,-0.900847855210109
"CB","Ryan Smith",2555552,-0.489462569064934,135,12,9,2,0,0,1,6.5,1,2,1,0,1,-2.07088587347201,-0.927297841345411,0,-5.06634796641075,0.460226775271195,1.44718135227958,-1.82263892743688,1.55610595516776,2.93601024206416,1.33317635837195
"CB","Quenton Meeks",2560808,-0.498325298015467,17,1,0,0,0,0,0,0,0,0,0,0,0,0,0,0,-0.0364515980174555,-0.631983036971864,0.170109336973852,0,0,0,-0.498325298015467
"CB","Quincy Wilson",2557961,-0.524367678689704,142,5,3,0,0,1,0,3,0,3,2,0,1,-3.29675484748668,-1.52867941957297,0,-3.74993200886365,2.60929034664686,0.959157660615561,-0.228172909027996,-0.114710768060479,0,-0.296194769661708
"OLB","Clay Matthews",80431,-0.526231569511069,10,1,1,0,0,0,0,0,0,0,0,0,0,0,0,0,0.205503148565565,0.215223580865036,-0.530299029400033,-0.416659269541637,0,0,-0.109572299969432
"OLB","Harold Landry",2560784,-0.52780224317374,4,1,1,0,0,0,0,0,0,0,0,0,0,0,0,0,-0.160335476496233,0,-0.397590014280756,0.0301232476032491,0,0,-0.557925490776989
"CB","C.J. Goodwin",2550767,-0.548256076828627,2,1,1,0,0,0,0,0,0,0,0,0,0,0,0,0,-0.145628149701961,0,0.127308171262026,-0.529936098388692,0,0,-0.018319978439935
"CB","Charvarius Ward",2561417,-0.550992372015988,46,7,4,2,0,0,0,5,0,2,0,0,2,-1.21366603084441,0,0,-0.129114477854778,-0.73877374650698,1.90891807741743,-1.59202222507166,0,0,1.04102985305567
"LB","Leon Jacobs",2560758,-0.552784786619167,16,2,2,0,0,0,0,1,0,0,0,0,0,0,0,0,-0.800969289457608,0.411580219184327,-0.332762871406099,0.169367155060213,0,0,-0.72215194167938
"FS","Antone Exum",2543680,-0.555524652973148,32,3,2,1,0,0,0,2,0,0,0,0,0,0,0,0,-1.99523304962462,0,1.23312478701091,0.206583609640562,0,0,-0.76210826261371
"OLB","Devon Kennard",2543869,-0.561088210735323,6,0,0,0,0,0,0,0,0,1,1,0,0,-0.616661451123677,-0.616661451123677,0,-0.676123586571397,0.115035375836074,0,0,0,0,-0.561088210735323
"DE","Lerentee McCray",2539662,-0.569707142473451,1,1,1,0,0,0,0,0,0,0,0,0,0,0,0,0,0.0501212438366675,0,-0.619828386310118,0,0,0,-0.569707142473451
"CB","Maurice Canady",2555178,-0.579566920225148,5,2,2,0,0,0,0,2,0,0,0,0,0,0,0,0,-0.137820964252416,0,-0.720927323508061,0.279181367535329,0,0,-0.858748287760477
"SS","Ricardo Allen",2543850,-0.579664256689519,9,0,0,0,0,0,0,0,0,0,0,0,0,0,0,0,-0.606451349580665,0.0267870928911458,0,0,0,0,-0.579664256689519
"LB","Elijah Lee",2558121,-0.587043048774137,34,8,7,0,0,0,0,2,0,0,0,0,0,0,0,0,-1.55918580739385,0,0.077618421869373,0.89452433675034,0,0,-1.48156738552448
"FS","Keanu Neal",2555543,-0.592152669426825,10,0,0,0,0,0,0,0,0,0,0,0,0,0,0,0,-0.592152669426825,0,0,0,0,0,-0.592152669426825
"CB","Tony Lippett",2552427,-0.59335503099345,12,1,1,0,0,0,0,0,0,0,0,0,0,0,0,0,0.651909665572345,-0.185534580196578,-1.56020744028888,0.500477323919663,0,0,-1.09383235491311
"FS","Jermaine Whitehead",2552697,-0.593676566598529,37,7,6,1,0,0,0,5,0,0,0,0,0,0,0,0,0.150121943209876,0.00467257105219565,-0.148506075792588,-0.599965005068013,0,0,0.00628843846948368
"LB","Rashaan Evans",2560718,-0.599008595727213,12,1,1,0,0,0,0,0.5,0,0,0,0,0,0,0,0,-0.0607901289982189,0,-0.273019528591076,-0.265198938137918,0,0,-0.333809657589295
"OLB","Leonard Floyd",2555285,-0.604052454153476,24,1,0,1,0,0,0,0,0,0,0,0,0,0,0,0,-1.1573574788748,0,0.553305024721324,0,0,0,-0.604052454153476
"CB","Mike Hilton",2556559,-0.62249446817193,161,19,13,5,1,0,0,10,0,0,0,0,0,0,0,0,-0.169676492864688,-3.03861262066686,1.44219422913586,0.658479543576756,0,0.485120872647002,-1.28097401174869
"OLB","Josh Keyes",2553719,-0.63164414213558,1,0,0,0,0,0,0,0,0,0,0,0,0,0,0,0,-0.0372244796243472,-0.594419662511233,0,0,0,0,-0.63164414213558
"ILB","Deone Bucannon",2543769,-0.643477153766427,27,5,4,0,0,0,0,3,0,1,0,0,1,-1.14807646338199,0,0,-1.55162698623922,0,0.979796133793656,-0.0716463013208629,0,0,-0.571830852445564
"LB","Duke Ejiofor",2560714,-0.651581545990985,3,1,1,0,0,0,0,1,0,0,0,0,0,0,0,0,-0.370656562668897,0.116140300038189,0.245188886168897,-0.642254169529174,0,0,-0.00932737646181103
"FS","Xavier Woods",2558159,-0.659244603812193,11,0,0,0,0,0,0,0,0,0,0,0,0,0,0,0,-0.659244603812193,0,0,0,0,0,-0.659244603812193
"S","Maurice Smith",2559058,-0.666983357712595,2,0,0,0,0,0,0,0,0,0,0,0,0,0,0,0,-0.140244237147499,-0.526739120565096,0,0,0,0,-0.666983357712595
"OLB","Craig Robertson",2532431,-0.669205449345595,12,0,0,0,0,0,0,0,0,0,0,0,0,0,0,0,-0.511726619242694,-0.157478830102901,0,0,0,0,-0.669205449345595
"SS","Chris Conte",2495272,-0.669535827603432,8,1,1,0,0,0,0,1,0,0,0,0,0,0,0,0,-0.157046209797642,-0.13802180340135,-0.375690206272032,0.00122239186759232,0,0,-0.670758219471024
"FS","Ha Ha Clinton-Dix",2543470,-0.674688773831307,22,1,1,1,1,0,0,0,0,0,0,0,0,0,0,0,-0.155246167167442,0,-1.28853020393031,0,0,0.769087597266445,-0.674688773831307
"SS","Jamal Adams",2557979,-0.703600251815672,95,8,3,2,0,0,1,2,0,0,0,0,0,0,0,0,-4.51395196074483,2.17917272040787,-1.03992549170212,-0.146298191309152,1.22261301154354,1.59478965998902,-0.55730206050652
"CB","Dominique Rodgers-Cromartie",306,-0.723828877604884,36,2,1,1,0,0,0,0,0,0,0,0,0,0,0,0,-2.07059883088403,-0.0215416765714681,1.08832191762265,0.279989712227964,0,0,-1.00381858983285
"OLB","Bud Dupree",2552289,-0.739454334050974,21,2,2,0,0,0,0,1.5,0,0,0,0,0,0,0,0,-0.491469426099708,0.26673845520066,-0.483986568786483,-0.0307367943654432,0,0,-0.708717539685531
"ILB","Antonio Morrison",2555160,-0.746423179570602,7,2,2,0,0,0,0,1,0,0,0,0,0,0,0,0,-0.335528468003666,0.412405982556034,-0.587621294136874,-0.235679399986096,0,0,-0.510743779584506
"CB","Marcus Cooper",2541202,-0.806566118140712,22,1,1,0,0,0,0,0,0,0,0,0,0,0,0,0,-0.0732069451123023,0.203685270727973,-0.937044443756383,0,0,0,-0.806566118140712
"OLB","Vincent Rey",2507843,-0.851847270859781,17,0,0,0,0,0,0,0,0,0,0,0,0,0,0,0,-0.461911792404739,-0.389935478455042,0,0,0,0,-0.851847270859781
"ILB","Zaire Franklin",2561155,-0.855921233506533,12,3,3,0,0,0,0,0.5,0,0,0,0,0,0,0,0,-0.659796851144107,0,-0.692191436888797,0.496067054526371,0,0,-1.3519882880329
"ILB","Matthew Adams",2561149,-0.875105800510958,16,2,2,0,0,0,0,1.5,0,0,0,0,0,0,0,0,-0.593247649380901,-0.112684570184923,-0.112400879686588,-0.056772701258546,0,0,-0.818333099252412
"DB","Obi Melifonwu",2558189,-0.90415700829064,7,1,1,0,0,0,0,1,0,0,0,0,0,0,0,0,0.253650411195059,0,-1.14564468989272,-0.0121627295929787,0,0,-0.891994278697661
"CB","Josh Shaw",2552259,-0.907209870108721,10,2,2,0,0,0,0,2,0,0,0,0,0,0,0,0,0.216102031463425,0.0858609140993549,-1.42539650612496,0.216223690453459,0,0,-1.12343356056218
"FS","Antoine Bethea",2495807,-0.913728144083196,74,9,5,2,0,0,0,4,0,1,1,0,0,-1.08566529421186,-1.08566529421186,0,-4.85869287261653,0,3.83337054800602,0.111594180527314,0,0,-1.02532232461051
"CB","Darryl Roberts",2553353,-0.939194223405321,138,16,11,4,1,0,1,6,0,0,0,0,0,0,0,0,-2.80978852068167,2.30335945361883,-2.65789139752809,-0.988409664447201,-0.0453779898260698,3.25891389545888,0.0492154410418805
"CB","Tony McRae",2556817,-0.94108186054664,38,2,2,0,0,0,0,1,0,0,0,0,0,0,0,0,-1.14738514868782,1.30096095683427,-0.864770359952981,-0.229887308740109,0,0,-0.711194551806531
"ILB","Christian Jones",2550572,-0.972320946483146,34,7,7,0,0,0,0,6,0,0,0,0,0,0,0,0,-0.27994370441177,0,-1.08386549443454,0.391488252363164,0,0,-1.36380919884631
"SS","Eric Reid",2540152,-0.988857460459065,34,1,0,0,0,0,0,0,0,0,0,0,0,0,0,0,-1.74244644976264,0,0.753588989303575,0,0,0,-0.988857460459065
"MLB","Dont'a Hightower",2533057,-1.00071602300243,32,4,3,0,0,0,0,0,0,0,0,0,0,0,0,0,-1.13892664346438,0,0.161351386225913,-0.0231407657639581,0,0,-0.977575257238467
"SS","Blake Countess",2556374,-1.01899295539803,1,1,1,0,0,0,0,0,0,0,0,0,0,0,0,0,-0.266526183198363,0.360935355260804,-0.970926712135723,-0.14247541532475,0,0,-0.876517540073282
"SS","Corey Moore",2553817,-1.02678201968232,3,1,1,0,0,0,0,1,0,0,0,0,0,0,0,0,-0.394003402868469,-0.549175403246873,-1.96970821331112,1.88610499974414,0,0,-2.91288701942646
"CB","Patrick Robinson",2508084,-1.0431768069076,23,1,1,0,0,0,0,1,0,1,0,0,1,-1.89389710140361,0,0,0.591504798314892,0.0465137509942244,-1.68914068194449,0.00794532572777751,0,0,-1.05112213263537
"ILB","L.J. Fort",2535613,-1.06678459665028,18,3,3,0,0,0,0,2,0,0,0,0,0,0,0,0,0.32630306551939,0,-1.67338017393867,0.280292511769001,0,0,-1.34707710841928
"FS","Tedric Thompson",2557881,-1.08613641906926,8,0,0,0,0,0,0,0,0,0,0,0,0,0,0,0,-1.08613641906926,0,0,0,0,0,-1.08613641906926
"OLB","Eric Wilson",2559012,-1.10784975139816,27,2,2,0,0,0,0,1,0,0,0,0,0,0,0,0,-0.870656144592189,0,0.177223891799029,-0.414417498605002,0,0,-0.69343225279316
"ILB","Brandon Marshall",2532898,-1.13222440304338,37,2,1,1,0,0,0,0,0,0,0,0,0,0,0,0,-1.32514116426672,0,0.192738090428244,0.000178670795094121,0,0,-1.13240307383848
"LB","Raekwon McMillan",2558070,-1.14055651732445,40,6,5,1,0,0,0,1,0,0,0,0,0,0,0,0,-1.28692698558965,0,0.219870408402287,-0.0734999401370836,0,0,-1.06705657718736
"MLB","Korey Toomer",2534567,-1.14814306212734,2,1,1,0,0,0,0,1,0,0,0,0,0,0,0,0,-0.00583987495764591,0,-1.30020984386582,0.157906656696125,0,0,-1.30604971882347
"OLB","Kyler Fackrell",2555340,-1.16181479974039,15,2,1,0,0,0,0,0,0,1,1,0,0,-0.816430635155777,-0.816430635155777,0,-0.832051145907848,0.51552081888431,-0.845284472716849,0,0,0,-1.16181479974039
"OLB","Kamu Grugier-Hill",2556363,-1.18010057004993,28,2,1,0,0,0,0,0,0,0,0,0,0,0,0,0,-1.26914185217148,0,0.089041282121551,0,0,0,-1.18010057004993
"OLB","James Burgess",2556489,-1.18241914634173,1,0,0,0,0,0,0,0,0,0,0,0,0,0,0,0,-0.0410826478215187,-1.14133649852021,0,0,0,0,-1.18241914634173
"SS","Andrew Sendejo",2525323,-1.18335149152098,9,0,0,0,0,0,0,0,0,0,0,0,0,0,0,0,-0.94069875250204,-0.242652739018935,0,0,0,0,-1.18335149152098
"ILB","Haason Reddick",2557887,-1.19079937150732,65,15,12,1,0,0,0,8.5,0,1,1,0,0,-1.54254307859186,-1.54254307859186,0,-2.89965179781181,0,2.62654664339913,-0.917694217094643,0,0,-0.27310515441268
"CB","Ryan Lewis",2559208,-1.20328171315647,57,9,6,1,0,0,0,5,1,0,0,0,0,0,0,0,-1.00900710476336,0.881437231234017,-2.97321572692529,1.89750388729816,0,0,-3.10078560045463
"CB","Nevin Lawson",2543872,-1.20430576016549,265,24,18,3,0,0,0,12.5,0,5,3,0,2,-1.6153793397133,-1.43265768101957,0,5.68781836474114,0.1805320394298,-6.9375982233583,-0.135057940978133,0,0,-1.06924781918736
"SS","Bradley McDougald",2539243,-1.21093577446596,95,12,8,4,1,0,1,5,0,0,0,0,0,0,0,0,-4.38472352536599,0,-0.749137338476901,-0.962815090197161,1.7943597359337,3.09138044364039,-0.248120684268801
"CB","Dexter McDougle",2543608,-1.23866555620098,39,2,1,1,0,0,0,1,0,0,0,0,0,0,0,0,-0.150035209565098,-0.0274361700765082,-1.11756252729935,0.0563683507399806,0,0,-1.29503390694096
"OLB","Von Miller",2495202,-1.25108693174335,3,1,1,0,0,0,0,0,0,0,0,0,0,0,0,0,0.230559945840228,-0.632584511737536,-0.908427011240843,0.059364645394802,0,0,-1.31045157713815
"DB","Kevin Toliver",2560901,-1.28019902255285,52,7,6,0,1,0,0,0,0,0,0,0,0,0,0,0,-1.00636527341404,-0.205049390980793,0.439568431584224,-1.05708661058004,0,0.548733820837802,-0.223112411972807
"ILB","Danny Trevathan",2532961,-1.28423893875574,89,13,11,1,0,0,0,6.5,0,0,0,0,0,0,0,0,-1.07523690385423,0,-0.150860091447789,-0.0581419434537206,0,0,-1.22609699530202
"MLB","Anthony Hitchens",2543592,-1.29475681462507,51,4,4,0,0,0,0,3,0,1,1,0,0,-0.419203594286959,-0.419203594286959,0,-1.65237027807799,0,-0.886255347259878,1.2438688107128,0,0,-2.53862562533787
"ILB","Brian Peters",2552730,-1.34260177795688,5,1,1,0,0,0,0,0,0,0,0,0,0,0,0,0,-0.36766827448123,0.0907766350744271,-1.89488038704145,0.829170248491376,0,0,-2.17177202644825
"CB","Jalen Davis",2561316,-1.39067922084606,13,3,3,0,0,0,0,1,1,0,0,0,0,0,0,0,-0.450645445960193,0.134845481129426,-0.832751961531129,-0.242127294484165,0,0,-1.1485519263619
"FS","Kendrick Lewis",494277,-1.42401540472365,8,2,2,0,0,0,0,1,0,0,0,0,0,0,0,0,0.252750339271258,-1.18295026565313,-1.11170437846699,0.617888900125211,0,0,-2.04190430484886
"CB","Greg Mabin",2558971,-1.44519880926707,37,6,4,1,0,0,0,2,0,0,0,0,0,0,0,0,-0.31868053936372,-1.21044797103018,-0.347107452696508,0.431037153823336,0,0,-1.87623596309041
"SS","Tony Jefferson",2540164,-1.47522337122933,68,7,6,1,0,0,0,5,0,1,1,0,0,-0.492474272788536,-0.492474272788536,0,1.17852472849505,0,-2.74853346796397,0.0947853682395857,0,0,-1.57000873946892
"SS","Eric Berry",496723,-1.47710585218315,6,0,0,0,0,0,0,0,0,0,0,0,0,0,0,0,-0.304413892287796,-1.17269195989535,0,0,0,0,-1.47710585218315
"LB","Genard Avery",2560964,-1.48352592562306,19,4,2,2,0,0,0,1,0,0,0,0,0,0,0,0,-1.04860819978189,0.266872470242215,-0.719170594747812,0.017380398664423,0,0,-1.50090632428749
"ILB","Denzel Perryman",2552310,-1.48616566840919,28,2,2,0,0,0,0,1,0,0,0,0,0,0,0,0,-2.05231251075947,0,-0.305224990637044,0.871371832987327,0,0,-2.35753750139651
"FS","Jimmie Ward",2543741,-1.49797990941602,83,5,4,0,0,0,0,0.5,0,0,0,0,0,0,0,0,-1.38718280546067,0,0.000521522431858379,-0.111318626387207,0,0,-1.38666128302881
"CB","Desmond King",2557927,-1.50366183871356,160,13,9,1,0,1,0,5,0,2,2,0,0,-2.1286370535434,-2.1286370535434,0,-9.9286230663053,4.62555880933588,1.98370780167286,0.410702209889603,1.4049924066934,0,-1.91436404860316
"SS","Justin Simmons",2555550,-1.51115879351719,92,15,12,1,0,0,0,6.5,0,2,2,0,0,-1.47945139710688,-1.47945139710688,0,-2.19478619830033,2.50959075542946,-1.50103466691561,-0.324928683730711,0,0,-1.18623010978648
"OLB","K.J. Wright",2495252,-1.5189443947053,23,3,3,0,0,0,0,3,0,0,0,0,0,0,0,0,-1.4809662082451,0,0.364398737512502,-0.402376923972699,0,0,-1.1165674707326
"CB","Parry Nickerson",2560822,-1.53496864058962,60,15,13,0,1,0,0,7.5,0,0,0,0,0,0,0,0,-0.533444437502872,0,-3.74062686842756,1.81492904326635,0,0.924173622074463,-3.34989768385597
"DB","Tyvis Powell",2556655,-1.54119559792438,14,3,2,0,0,0,0,0,0,0,0,0,0,0,0,0,-1.10115280425828,0.169959328442196,-0.610002122108293,0,0,0,-1.54119559792438
"FS","Eric Weddle",2495775,-1.54761043998078,25,3,2,0,0,0,0,1,0,0,0,0,0,0,0,0,-1.35139192738661,0,-0.0896459519030754,-0.106572560691099,0,0,-1.44103787928969
"LB","Dorian O'Daniel",2560827,-1.57628323227419,35,2,1,0,0,0,0,0,0,1,1,0,0,-0.917017424144642,-0.917017424144642,0,-0.606608246626875,0,-0.720877443905208,-0.248797541742106,0,0,-1.32748569053208
"MLB","Mark Nzeocha",2552684,-1.601289190963,10,1,1,0,0,0,0,0.5,0,0,0,0,0,0,0,0,-0.455391904991031,0.102396466212315,-0.017677569557667,-1.23061618262662,0,0,-0.370673008336383
"FS","Adrian Amos",2552385,-1.60696931426899,41,4,2,2,0,0,0,1.5,0,1,0,0,1,-1.80593372800421,0,0,-1.90606560634405,0,-0.0719751684954948,0.371071460570552,0,0,-1.97804077483954
"CB","Levi Wallace",2560914,-1.62938283524835,119,8,6,3,1,0,0,2,0,0,0,0,0,0,0,0,-2.02231793426698,-0.22824597917619,-0.00455247840773199,-0.115497581845046,0,0.741231138447601,-1.5138852534033
"CB","Jourdan Lewis",2557920,-1.63135696655436,44,3,3,0,0,0,0,1,0,0,0,0,0,0,0,0,0.085740611199469,0,-1.71634551306488,-0.000752064688945897,0,0,-1.63060490186541
"CB","Pierre Desir",2543811,-1.63487714046185,322,31,22,4,0,1,0,17,0,1,0,0,1,-1.00872964440088,0,0,-3.77173565139345,-0.116572797209726,4.56571404220098,-2.36100955679009,0.0487268227304378,0,0.726132416328242
"LB","Nick DeLuca",2561042,-1.63930294565144,8,2,2,0,0,0,0,1,0,0,0,0,0,0,0,0,-0.0312692855546425,-0.131697603043338,-1.17568309420767,-0.300652962845788,0,0,-1.33864998280565
"SS","Derrick Kindred",2555540,-1.64164194477039,50,6,6,0,0,0,0,4,0,1,1,0,0,-0.846734179211613,-0.846734179211613,0,-0.809764275878527,0,-1.04088141630586,0.209003747413992,0,0,-1.85064569218439
"LB","Austin Calitro",2558925,-1.6439638709497,18,3,3,0,0,0,0,3,0,0,0,0,0,0,0,0,-0.862955381903637,0,-0.629770295422441,-0.151238193623624,0,0,-1.49272567732608
"S","Doug Middleton",2556617,-1.67410591854143,6,1,1,0,0,0,0,0,0,0,0,0,0,0,0,0,-0.398824229422177,-0.517108864956937,-0.758172824162313,0,0,0,-1.67410591854143
"SS","Damontae Kazee",2558184,-1.71626357890322,14,2,2,0,0,0,0,1,0,0,0,0,0,0,0,0,-1.12686481368405,0,-0.761091820719634,0.171693055500469,0,0,-1.88795663440368
"CB","Darius Phillips",2560839,-1.74484340751164,71,15,12,2,1,0,0,10,0,0,0,0,0,0,0,0,-0.0895861071573313,0.29566663866416,-2.62686928770175,-0.180852103296855,0,0.856797451980139,-1.56399130421478
"ILB","Blake Martinez",2555161,-1.75890318801311,41,3,3,0,1,0,0,1,0,0,0,0,0,0,0,0,-1.63619548513217,0,-0.251865236426289,-0.060035383717262,0,0.189192917262609,-1.69886780429585
"FS","Anthony Harris",2553655,-1.76289234925707,22,3,3,0,0,0,0,2,0,0,0,0,0,0,0,0,-1.55079830875084,0,-0.333358929542278,0.12126488903605,0,0,-1.88415723829312
"LB","Darius Leonard",2560789,-1.76810273443373,85,19,14,3,0,1,0,6,0,0,0,0,0,0,0,0,-4.82726202962702,0,4.86749411290399,-2.0753840708766,0.267049253165902,0,0.307281336442872
"ILB","Terrance Smith",2556775,-1.77756104248672,22,2,1,0,0,0,0,0,0,0,0,0,0,0,0,0,0.667641611043414,0,-0.152580766838118,-2.29262188669202,0,0,0.515060844205296
"CB","Nate Hairston",2558108,-1.78145028171326,126,11,10,1,1,0,0,4.5,0,1,1,0,0,-1.33573107489812,-1.33573107489812,0,-3.09822876078394,1.44665750515991,-1.30600369833442,1.15859097327067,0,0.017533698974518,-2.94004125498393
"SS","Kurt Coleman",494261,-1.78228075605734,25,2,2,0,0,0,0,2,0,0,0,0,0,0,0,0,-1.35067239999541,0,-0.37883723598021,-0.0527711200817167,0,0,-1.72950963597562
"FS","Glover Quin",71441,-1.78729069167733,38,5,5,0,0,0,0,3.5,0,0,0,0,0,0,0,0,-0.187402480924384,0,-1.54127598012842,-0.0586122306245225,0,0,-1.7286784610528
"ILB","Tae Davis",2561318,-1.80038455309711,18,6,6,0,0,0,0,4,0,0,0,0,0,0,0,0,0.272576102973692,0,-2.08819786395048,0.0152372078796749,0,0,-1.81562176097679
"CB","Vontae Davis",79901,-1.80145558324417,10,1,1,0,0,0,0,0,0,0,0,0,0,0,0,0,-0.0669744424184822,0,-1.73448114082569,0,0,0,-1.80145558324417
"CB","Davon House",2495170,-1.82438104790981,9,2,1,0,0,0,0,1,0,1,0,0,1,-1.2987945279614,0,0,0.0700335141493238,-0.0744744312775723,-1.81711697242488,-0.00282315835668334,0,0,-1.82155788955313
"FS","Darian Stewart",494307,-1.85928157145531,31,4,4,0,0,0,0,2,0,0,0,0,0,0,0,0,-1.6608376449846,0,-0.870641112528918,0.672197186058209,0,0,-2.53147875751352
"DB","Danny Johnson",2560764,-1.86731661350893,19,4,4,0,0,0,0,1,0,0,0,0,0,0,0,0,-0.00968569915269597,-1.21233046811078,-1.02656552668882,0.381265080443362,0,0,-2.2485816939523
"ILB","Julian Stanford",2535867,-1.87732439946398,6,5,4,1,0,0,0,1.5,0,0,0,0,0,0,0,0,-0.578766476008537,-0.246602555939656,-1.33170787021373,0.279752502697943,0,0,-2.15707690216192
"FS","Curtis Riley",2553822,-1.88632256662695,14,2,2,0,0,0,0,1,0,0,0,0,0,0,0,0,-0.484435602434764,0,-0.566497163443636,-0.835389800748552,0,0,-1.0509327658784
"MLB","Kwon Alexander",2552592,-1.91316537534103,37,6,6,0,0,0,0,4,0,0,0,0,0,0,0,0,-1.63876693901349,0,0.280780278898324,-0.555178715225866,0,0,-1.35798666011517
"CB","Cameron Sutton",2558849,-1.92268960864297,91,16,13,2,0,1,0,11,0,0,0,0,0,0,0,0,2.80573678013035,-1.63655686742251,-4.40578602866167,1.31494289463035,-0.00102638731949156,0,-3.23763250327332
"MLB","Preston Brown",2543814,-1.9596142048425,28,7,7,0,1,0,0,3.5,0,0,0,0,0,0,0,0,-1.55294798554142,0,-0.690379471031758,-0.178439119844085,0,0.462152371574766,-1.78117508499841
"OLB","Alex Anzalone",2558163,-1.9760281252843,58,7,7,0,0,0,0,7,0,1,1,0,0,-0.409437297701068,-0.409437297701068,0,-0.716082361210663,0,-0.604948468833453,-0.654997295240179,0,0,-1.32103083004412
"CB","Kareem Jackson",496735,-1.97635935742054,198,30,20,8,1,1,0,14,0,3,2,0,1,-2.67748032107286,-0.335366685455356,0,-7.52503476739932,-0.507997347307044,4.74156539786959,1.07602278461127,0.258397098173735,-0.0193125233687699,-3.05238214203181
"FS","Tashaun Gipson",2532848,-1.98332916536132,83,11,4,3,0,0,0,3,0,3,3,0,0,-2.8643388172491,-2.8643388172491,0,-2.71622956734649,0,2.63878411316643,-1.90588371118126,0,0,-0.0774454541800602
"OLB","Myles Jack",2555329,-1.99354681671048,85,3,2,0,0,0,0,1,0,0,0,0,0,0,0,0,-3.01189177260024,0,-0.0950284483833601,1.11337340427312,0,0,-3.1069202209836
"FS","Clayton Fejedelem",2555355,-2.00316447496317,13,2,1,0,0,0,0,1,0,0,0,0,0,0,0,0,-0.861305006795355,-2.19174088712336,1.12069404405455,-0.0708126250990071,0,0,-1.93235184986416
"ILB","Cory Littleton",2556593,-2.01799431806186,86,18,15,3,0,0,0,9.5,0,3,1,0,2,-2.33573199021475,-1.40594871075149,0,-3.66244301471308,0,-1.4240285718814,3.06847726853262,0,0,-5.08647158659448
"CB","Cre'von LeBlanc",2556587,-2.08687522186629,123,19,14,0,0,0,0,7.5,0,1,0,0,1,-1.24878889884865,0,0,1.15476307342201,-0.509816837727329,-0.867737637258948,-1.86408382030202,0,0,-0.222791401564267
"FS","Montae Nicholson",2558133,-2.09994191336918,22,1,1,0,0,0,0,0,0,0,0,0,0,0,0,0,0.46062058589473,0,-2.56056249926391,0,0,0,-2.09994191336918
"DB","Greg Stroman",2560886,-2.1036919777769,125,12,10,2,1,0,0,4.5,0,0,0,0,0,0,0,0,-0.317418741282002,1.63984019876859,-2.31218665848934,-1.69407810312319,0,0.58015132634904,-0.409613874653712
"CB","M.J. Stewart",2560884,-2.10961273053006,97,24,20,2,0,0,0,11.5,0,0,0,0,0,0,0,0,0.968278036473553,1.04716467567178,3.69314291302345,-7.81819835569884,0,0,5.70858562516878
"ILB","Gerald Hodges",2539293,-2.11298599347643,29,7,7,0,0,0,0,5,0,0,0,0,0,0,0,0,-1.42010035339309,0,-0.373018854320302,-0.319866785763035,0,0,-1.79311920771339
"FS","Ron Parker",2530794,-2.11519403531635,52,6,4,0,0,0,0,2.5,0,1,1,0,0,-0.41170656095805,-0.41170656095805,0,-1.40648625404162,0,-0.374601886750115,-0.334105894524616,0,0,-1.78108814079173
"CB","Trevor Williams",2556828,-2.12801606906164,122,17,14,2,0,0,1,7,0,1,1,0,0,-1.35535554535883,-1.35535554535883,0,-3.30189331081411,-0.05828100646454,-10.2718280629158,2.47055455722572,3.73359176751783,5.29983998638926,-4.59857062628736
"ILB","Zach Brown",2532804,-2.16712053043942,49,9,9,0,0,0,0,5.5,1,0,0,0,0,0,0,0,-0.510262804431758,0,-1.70295602352162,0.0460982975139559,0,0,-2.21321882795338
"CB","Walt Aikens",2543724,-2.19657652457028,5,1,1,0,0,0,0,0,0,0,0,0,0,0,0,0,-0.0563995817988347,0,-1.72816972666772,-0.412007216103725,0,0,-1.78456930846656
"OLB","Thomas Davis",2506352,-2.19701930829772,74,18,15,3,0,0,0,8,0,0,0,0,0,0,0,0,-2.79070410216811,0,4.09574779488645,-3.50206300101606,0,0,1.30504369271834
"CB","Leonard Johnson",2532878,-2.21714804249169,26,5,5,0,0,0,0,3,0,0,0,0,0,0,0,0,-1.1402216904449,0.349557354795086,-2.04579277167973,0.619309064837857,0,0,-2.83645710732954
"CB","Chidobe Awuzie",2557840,-2.24723358910268,319,46,30,7,0,0,1,19.5,0,0,0,0,0,0,0,0,0.327798116407874,-0.47091196555495,-9.46425890634417,2.40281271994536,1.42492069168293,3.53240575476028,-4.65004630904804
"CB","Sidney Jones",2557958,-2.29510824748313,91,13,9,2,0,0,0,7,0,0,0,0,0,0,0,0,-0.669377757007185,0,-1.35757211541544,-0.268158375060509,0,0,-2.02694987242262
"CB","Deante Burton",2559109,-2.30557556455638,22,4,4,0,0,0,0,3,1,0,0,0,0,0,0,0,-0.71427945203167,-0.0317661548535013,-1.7122109183546,0.15268096068339,0,0,-2.45825652523977
"DB","Keion Crossen",2561157,-2.34201105652661,22,5,5,0,0,0,0,6,0,0,0,0,0,0,0,0,-0.284480826538501,0,-2.02223096679633,-0.0352992631917748,0,0,-2.30671179333483
"ILB","Daren Bates",2541539,-2.35809098942381,5,2,2,0,0,0,0,0,0,0,0,0,0,0,0,0,0.0110768878942876,0.176812999136896,-0.679598091284276,-1.86638278517072,0,0,-0.491708204253092
"FS","Kemal Ishmael",2541431,-2.3586118984838,5,1,1,0,0,0,0,0,0,0,0,0,0,0,0,0,-0.214178677148063,0,-2.15634333203238,0.0119101106966437,0,0,-2.37052200918044
"OLB","Samson Ebukam",2558830,-2.35942375602658,13,3,3,0,0,0,0,0,0,0,0,0,0,0,0,0,-0.305518996152078,0.055140204861843,-1.95144371536062,-0.157601249375727,0,0,-2.20182250665085
"MLB","David Mayo",2553441,-2.3663833563007,12,2,2,0,0,0,0,1,0,0,0,0,0,0,0,0,-0.723626468335529,0.0217746588782131,-1.24610701387493,-0.418424532968456,0,0,-1.94795882333225
"OLB","A.J. Klein",2539982,-2.38290746790989,49,0,0,0,0,0,0,0,0,0,0,0,0,0,0,0,-2.38290746790989,0,0,0,0,0,-2.38290746790989
"MLB","Joe Schobert",2555166,-2.43522111202588,68,10,6,3,0,0,0,1,0,0,0,0,0,0,0,0,-2.40582916532402,0,-0.210188901606185,0.18079695490432,0,0,-2.6160180669302
"CB","Chris Harris",2530510,-2.44949427838728,230,36,26,4,0,1,0,17.5,0,2,2,0,0,-1.01330263847475,-1.01330263847475,0,-6.80626279624498,-2.23911773857268,5.73747060518824,0.863523019401898,-0.00510736815976021,0,-3.31301729778918
"CB","Aaron Colvin",2543501,-2.51998750943506,99,13,10,1,0,0,0,5.5,0,1,1,0,0,-0.119044844315879,-0.119044844315879,0,0.703746885328483,-1.5049750930792,-1.87787928466668,0.159119982982333,0,0,-2.6791074924174
"OLB","Anthony Chickillo",2552266,-2.52874320102389,9,2,2,0,0,0,0,0,0,0,0,0,0,0,0,0,-0.177147510619304,-0.00521244078295785,-1.84445052992907,-0.501932719692555,0,0,-2.02681048133133
"FS","Tyrann Mathieu",2540180,-2.54030932039169,135,14,11,3,0,0,1,8,0,3,3,0,0,-4.03787851500362,-4.03787851500362,0,-6.45628540137185,6.19810506060142,-3.15286286554273,-3.1237856742207,-0.00218321765519347,3.99670277779736,0.583476353829006
"CB","Mike Ford",2561527,-2.54339974346395,120,19,17,1,0,0,0,11,0,0,0,0,0,0,0,0,-0.339764511586769,-0.347068428207802,-1.49048470594396,-0.366082097725415,0,0,-2.17731764573853
"FS","Marcell Harris",2561006,-2.55878138428962,22,3,3,0,0,0,0,2,0,0,0,0,0,0,0,0,-1.26283092782912,0,-2.03418360958329,0.738233153122791,0,0,-3.29701453741241
"CB","Tramaine Brock",2507917,-2.59610848506606,138,19,12,5,0,0,0,7,0,0,0,0,0,0,0,0,0.57011975466536,-1.58509360132759,-0.489747651858403,-1.09138698654543,0,0,-1.50472149852063
"CB","Tony Brown",2560982,-2.65589478235659,87,15,10,5,2,0,0,5.5,1,0,0,0,0,0,0,0,0.15810232353389,-2.34006488436124,1.75471182402989,-1.32054017552961,0,-0.908103870029516,-1.33535460682698
"OLB","Jamie Collins",2539311,-2.72215521098196,69,8,7,1,1,0,0,2,0,0,0,0,0,0,0,0,-1.98785774673428,0,-0.103548828497538,-1.19320627636197,0,0.562457640611824,-1.52894893461999
"FS","Jabrill Peppers",2557980,-2.72287745795317,87,6,3,2,0,0,0,1.5,0,2,2,0,0,-1.90690838539942,-1.90690838539942,0,-2.2288956664116,0,-0.285413972496035,-0.208567819045536,0,0,-2.51430963890764
"DB","Jordan Whitehead",2560930,-2.73635345929501,43,3,2,1,0,0,0,2,0,1,1,0,0,-1.93627723514153,-1.93627723514153,0,-4.13546677109794,0,0.414735633159068,0.984377678643861,0,0,-3.72073113793887
"OLB","Neville Hewitt",2553657,-2.75191409884682,36,6,5,0,0,0,0,1.5,0,0,0,0,0,0,0,0,-0.62802245532116,0,-2.40899898452563,0.285107340999965,0,0,-3.03702143984679
"CB","Tavon Young",2555378,-2.76408885479732,147,18,12,2,0,0,0,7,0,1,1,0,0,-0.82682446870265,-0.82682446870265,0,-1.02845138671009,2.27868754509047,-4.57322666438677,0.558901651209067,0,0,-3.32299050600639
"OLB","Devante Bond",2555307,-2.77560068665868,14,3,3,0,0,0,0,2,0,0,0,0,0,0,0,0,-0.521390572938605,0.346362644897,-1.72320911972688,-0.8773636388902,0,0,-1.89823704776848
"DB","Ronnie Harrison",2561008,-2.77674233190618,26,5,3,0,0,0,0,2.5,0,0,0,0,0,0,0,0,-1.39631718037147,0,-1.64118785791516,0.260762706380448,0,0,-3.03750503828663
"LB","Alec Ogletree",2540143,-2.82455864270621,56,6,6,0,0,0,0,2,0,1,1,0,0,-0.410578089391531,-0.410578089391531,0,-0.823336612758572,0,-1.22493411621708,-0.776287913730556,0,0,-2.04827072897565
"CB","Josh Robinson",2533542,-2.84495757733534,6,1,1,0,0,0,0,1,0,0,0,0,0,0,0,0,-0.19243157585444,-2.34446606813149,-0.292375940585428,-0.0156839927639798,0,0,-2.82927358457136
"CB","Mike Hughes",2560746,-2.87433658734581,48,6,5,0,0,0,0,3,0,0,0,0,0,0,0,0,-1.02238492553006,0.515597240591252,-2.5154125606146,0.147863658207595,0,0,-3.02220024555341
"DB","Natrell Jamerson",2560759,-2.87695850680823,22,1,1,1,1,0,0,1,0,0,0,0,0,0,0,0,-0.640461025289803,-2.6321357452364,-0.367027259000891,-0.0621308319027443,0,0.824796354621607,-2.81482767490549
"ILB","Todd Davis",2550930,-2.93269449470707,55,9,9,0,0,0,0,8,0,2,2,0,0,-0.609116142554967,-0.609116142554967,0,-2.77220588289614,0,-0.135130612786669,-0.0253579990242602,0,0,-2.90733649568281
"MLB","Elandon Roberts",2556119,-2.93745448953804,32,6,6,1,1,0,0,3,0,0,0,0,0,0,0,0,-1.48699113500122,0,-0.0153504866900499,-1.77096628722841,0,0.33585341938164,-1.16648820230963
"CB","Tre Herndon",2561340,-2.9658890178691,32,4,4,0,0,0,0,2,0,0,0,0,0,0,0,0,0.210512838402931,0,-3.18736169697,0.0109598406979681,0,0,-2.97684885856707
"CB","Leon Hall",2495617,-3.02473279262755,91,9,7,2,0,0,0,4,0,0,0,0,0,0,0,0,-3.90299432581619,0,2.42806845348549,-1.54980692029685,0,0,-1.4749258723307
"SS","Adrian Phillips",2550842,-3.03423045849706,56,6,4,2,1,0,0,1,0,0,0,0,0,0,0,0,-4.27190286622951,0,0.0695718789168952,0.0663462967292605,0,1.10175423208629,-3.10057675522632
"DB","D.J. Reed",2560850,-3.04878555133089,42,8,8,0,0,0,0,4,0,0,0,0,0,0,0,0,-0.979019723103999,0,-3.63952246327511,1.56975663504822,0,0,-4.61854218637911
"CB","Shareece Wright",2495251,-3.09163616708779,201,20,14,4,0,0,0,8,0,0,0,0,0,0,0,0,2.09065297152665,-1.65275203919298,-3.76059344995063,0.231056350529166,0,0,-3.32269251761696
"FS","Clayton Geathers",2552386,-3.18868729241101,39,2,1,1,0,0,0,1,0,1,0,0,1,-1.34978878156678,0,0,-2.52644313552622,0,-0.372288163307537,-0.289955993577251,0,0,-2.89873129883376
"FS","Harrison Smith",2532948,-3.1993061044057,43,7,7,0,0,0,0,2.5,0,0,0,0,0,0,0,0,-1.81211984249514,0,-1.06411745202156,-0.323068809888997,0,0,-2.8762372945167
"OLB","Mychal Kendricks",2532890,-3.20645022430879,15,3,3,0,0,0,0,1.5,0,0,0,0,0,0,0,0,-2.15006058556644,0,-2.35277594917869,1.29638631043634,0,0,-4.50283653474513
"SS","Sean Davis",2555386,-3.2429529514129,14,2,2,0,0,0,0,0.5,0,0,0,0,0,0,0,0,-0.92904414579142,0,-0.652614654554992,-1.66129415106649,0,0,-1.58165880034641
"CB","E.J. Gaines",2543823,-3.24350718452891,58,9,6,2,0,0,0,4,0,0,0,0,0,0,0,0,-0.944747008196634,0.0481558321510692,-2.48668718569049,0.139771177207142,0,0,-3.38327836173605
"OLB","Damien Wilson",2552686,-3.28513528365296,23,5,4,0,0,0,0,3,0,0,0,0,0,0,0,0,-0.49937702870296,0,-1.47911860096153,-1.30663965398847,0,0,-1.97849562966449
"OLB","T.J. Watt",2558064,-3.35512855480231,21,5,5,0,0,0,0,1,0,0,0,0,0,0,0,0,-0.79608500691576,0,-2.85264122518573,0.293597677299181,0,0,-3.64872623210149
"DB","Sean Chandler",2561017,-3.37843952092665,29,5,4,1,0,0,0,3,0,0,0,0,0,0,0,0,1.70099957794041,-1.42347753123995,-3.47367770771319,-0.182283859913921,0,0,-3.19615566101273
"CB","Orlando Scandrick",2307,-3.51892150793635,278,37,23,9,1,1,0,16.5,0,9,7,0,2,-9.69868419470021,-8.10489833133634,0,-3.40991972617265,-1.99631493556239,-2.94062201670787,3.46459472610668,0.971023567474583,0.392316876925297,-6.98351623404303
"CB","Cornell Armstrong",2561147,-3.53242520701431,26,7,6,0,0,0,0,4,0,0,0,0,0,0,0,0,-0.336005364132343,0.438117286340599,-3.90248228223472,0.267945153012159,0,0,-3.80037036002646
"CB","Taron Johnson",2560766,-3.56795414152401,114,13,9,2,0,1,0,5.5,0,2,2,0,0,-1.9032562585589,-1.9032562585589,0,-7.85273362083409,0.430672203640407,6.14807364335245,-1.9067953285553,-0.387171039127481,0,-1.66115881296871
"SS","Marqui Christian",2556277,-3.58930541892019,91,11,9,1,0,0,0,5.5,0,0,0,0,0,0,0,0,-1.78396317869336,0,-0.660288574818394,-1.14505366540844,0,0,-2.44425175351175
"ILB","Sean Lee",496937,-3.5961472595315,19,4,4,0,0,0,0,1,0,0,0,0,0,0,0,0,-0.840030761069944,0.318740622185393,-3.1423734299037,0.067516309256746,0,0,-3.66366356878825
"MLB","Hardy Nickerson",2558982,-3.71381352541466,50,11,9,1,0,0,0,3.5,0,0,0,0,0,0,0,0,-2.27625642648352,0,-0.973007017109639,-0.464550081821505,0,0,-3.24926344359316
"CB","Kevin Johnson",2552261,-3.72695968656628,15,1,1,0,0,0,0,1,0,1,1,0,0,-1.09633763622051,-1.09633763622051,0,-1.37833464000246,-1.89626187584119,-0.718411669674423,0.266048498951795,0,0,-3.99300818551807
"SS","Shawn Williams",2539233,-3.80485294673277,53,11,10,0,0,0,1,6.5,0,0,0,0,0,0,0,0,-2.27402265223241,0,-6.06465216298357,-1.03526137523592,0.852050349860112,4.71703289385902,-2.76959157149685
"ILB","Bruce Carter",2495136,-3.82189852010486,5,2,2,0,0,0,0,2,0,0,0,0,0,0,0,0,-0.362625691679465,0.445097967960716,-3.01599050861653,-0.888380287769583,0,0,-2.93351823233528
"SS","Justin Evans",2557945,-3.85076100156094,19,6,6,0,0,0,0,2,0,0,0,0,0,0,0,0,-1.55319065069162,0,-2.3803008914814,0.0827305406120834,0,0,-3.93349154217302
"CB","Desmond Trufant",2539334,-3.89253819963565,349,45,34,10,0,0,0,23,0,4,3,0,1,-2.27230662736845,-1.26288404400787,0,-6.01190084268385,-0.717164005405326,2.03821079366603,0.798315854787491,0,0,-4.69085405442315
"FS","Jaquiski Tartt",2552391,-3.92780349199163,32,4,3,0,0,0,0,2.5,0,0,0,0,0,0,0,0,-1.41695961091665,0,-1.7192662971286,-0.791577583946376,0,0,-3.13622590804525
"SS","Jahleel Addae",2541958,-3.97684131098904,12,2,2,0,0,0,0,2,0,2,2,0,0,-2.6522250701576,-2.6522250701576,0,-3.58120407544953,0,-0.175340360367121,-0.220296875172394,0,0,-3.75654443581665
"S","Isaiah Johnson",2556567,-3.97764221822856,19,6,5,1,0,0,0,3,0,0,0,0,0,0,0,0,-2.01937894431969,0,-1.83475584033587,-0.123507433573004,0,0,-3.85413478465556
"MLB","Bobby Wagner",2532966,-4.0511047762016,77,11,8,2,0,0,0,4.5,0,0,0,0,0,0,0,0,-2.67205684633862,0,-1.02350107862356,-0.355546851239422,0,0,-3.69555792496218
"SS","T.J. McDonald",2539309,-4.0878676954465,58,9,7,0,0,0,0,5.5,0,1,1,0,0,-0.341760129579274,-0.341760129579274,0,-4.1849954354672,0,0.222620992993923,-0.12549325297322,0,0,-3.96237444247328
"FS","Andre Hal",2543874,-4.20314964307052,16,1,1,0,0,0,0,0,0,0,0,0,0,0,0,0,-1.3263826264263,-0.987013256761182,-1.88975375988304,0,0,0,-4.20314964307052
"OLB","Nigel Bradham",2532800,-4.21478119401135,77,6,6,0,0,0,0,3.5,0,0,0,0,0,0,0,0,-4.28072752865083,0,-0.477627564054098,0.543573898693579,0,0,-4.75835509270493
"SS","Karl Joseph",2555342,-4.23520632238973,30,4,3,0,0,0,0,2,0,0,0,0,0,0,0,0,-2.28246737832663,0,-1.85723686926783,-0.0955020747952712,0,0,-4.13970424759446
"CB","Sam Shields",1037374,-4.30215462148345,141,14,10,2,0,1,0,4,0,1,0,0,1,-0.751560732764356,0,0,-0.510529815301468,-1.95116811569503,1.03935016336076,-3.55452999003945,0.674723136191742,0,-0.747624631443997
"CB","Chris Milton",2556394,-4.32357184279789,24,2,2,0,0,0,0,0,0,0,0,0,0,0,0,0,-0.0484924891535568,0.341397117800099,-4.61647647144443,0,0,0,-4.32357184279789
"OLB","Vontaze Burfict",2533058,-4.3256143601323,27,2,2,0,0,0,0,1,0,2,2,0,0,-1.29212379261332,-1.29212379261332,0,-3.08388430549648,0,-0.549186726133807,-0.69254332850201,0,0,-3.63307103163029
"MLB","Adarius Taylor",2550565,-4.35781553606979,51,10,8,2,0,0,0,4.5,0,1,0,0,1,-0.551733126187044,0,0,-1.5930328282951,0,-3.00429679135977,0.239514083585084,0,0,-4.59732961965487
"CB","Janoris Jenkins",2532875,-4.37212369904569,314,40,26,11,2,1,0,14,0,2,2,0,0,-1.42736425579162,-1.42736425579162,0,-2.76690349742103,-2.56273497639141,-0.78389579322298,0.460914796026511,-0.00593973617689958,1.28643550814012,-4.8330384950722
"CB","Patrick Peterson",2495504,-4.37806229041379,275,17,11,1,0,2,0,5,0,1,1,0,0,-0.699618603153842,-0.699618603153842,0,-5.8639604269527,-0.752641162197326,3.26771368784001,-1.0255019255437,-0.003672463560074,0,-3.35256036487009
"MLB","Luke Kuechly",2533056,-4.43033477665858,61,10,10,0,0,0,0,5,1,0,0,0,0,0,0,0,-3.30302456263714,0,-4.39612995383245,3.26881973981101,0,0,-7.69915451646959
"CB","Terrance Mitchell",2543637,-4.4887290832055,123,16,11,3,0,0,0,6.5,1,2,1,0,1,-2.41178843563424,-0.993178160071906,0,-1.63996836115562,0.0862179411448225,-4.14101250144089,1.20603383824619,0,0,-5.69476292145169
"OLB","Telvin Smith",2543711,-4.52806320426643,70,14,13,0,0,0,0,0,0,0,0,0,0,0,0,0,-2.55864358664509,0,-0.336797748839329,-1.63262186878201,0,0,-2.89544133548442
"CB","Eric Rowe",2552255,-4.53627417101586,52,9,7,1,0,0,0,5,0,0,0,0,0,0,0,0,0.462027012485922,0,-4.49257259508568,-0.505728588416103,0,0,-4.03054558259976
"CB","Dre Kirkpatrick",2533060,-4.56071133523535,275,34,20,7,0,0,0,14,0,5,3,0,2,-5.74937044562218,-1.85577170098711,0,0.232862258860143,-1.28783452330793,-3.77847532751157,0.272736256724004,0,0,-4.83344759195936
"CB","Johnathan Joseph",2495872,-4.5741608321893,237,26,16,7,1,0,0,9,0,1,0,0,1,-0.604615233460826,0,0,-10.3542837603528,5.09623350948763,1.35906673497256,-1.76047200433745,0,1.08529468804076,-2.81368882785185
"ILB","Wesley Woodyard",2354,-4.59852721385567,35,5,4,0,0,0,0,2,0,0,0,0,0,0,0,0,-0.600875667198069,0,-2.79614818480363,-1.20150336185397,0,0,-3.3970238520017
"OLB","Jatavis Brown",2556148,-4.69771144857889,57,13,11,1,0,0,0,8,0,1,1,0,0,-0.329372715087588,-0.329372715087588,0,-3.92238501733799,0,-1.8765097923737,1.1011833611328,0,0,-5.79889480971169
"OLB","De'Vondre Campbell",2555255,-4.73493632569146,88,10,8,0,0,0,0,5.5,0,0,0,0,0,0,0,0,-1.21577985929309,0,-3.1391807617239,-0.379975704674466,0,0,-4.35496062101699
"SS","Justin Reid",2560851,-4.76365257866242,45,7,7,0,0,0,0,6,0,0,0,0,0,0,0,0,-3.1685562876042,0,-3.14819643567376,1.55310014461554,0,0,-6.31675272327796
"SS","Barry Church",494259,-4.78066094443793,36,5,5,0,0,0,0,3.5,0,0,0,0,0,0,0,0,-2.37235556886943,0,-0.711235730421183,-1.69706964514732,0,0,-3.08359129929061
"MLB","Deion Jones",2555162,-4.80052593750336,34,8,7,1,0,0,0,3,0,1,1,0,0,-0.518902514229321,-0.518902514229321,0,-1.38650673517673,0,-2.96152500769951,-0.452494194627123,0,0,-4.34803174287624
"FS","Lamarcus Joyner",2543492,-4.80068943718638,19,6,4,1,0,0,0,1,0,0,0,0,0,0,0,0,-1.14805740567388,0,0.813397739426361,-4.46602977093886,0,0,-0.334659666247519
"FS","Marcus Williams",2558847,-4.81399158168878,9,4,3,1,0,0,0,0,0,1,1,0,0,-0.785531443564444,-0.785531443564444,0,-2.15361195020216,0,-2.66037963148662,0,0,0,-4.81399158168878
"LB","Fred Warner",2560917,-4.81971679888539,74,10,10,0,0,0,0,6,0,1,1,0,0,-0.705250058232648,-0.705250058232648,0,-4.53365659470538,0,-0.463043396892905,0.176983192712895,0,0,-4.99669999159828
"FS","Andrew Adams",2556456,-4.83642860125698,38,7,5,2,0,0,0,4,0,0,0,0,0,0,0,0,-1.11825490601687,0,-3.70136550278784,-0.0168081924522676,0,0,-4.81962040880471
"CB","Kenny Moore II",2558976,-4.8860088883978,192,23,15,4,0,0,0,11,1,2,2,0,0,-2.17328370726015,-2.17328370726015,0,-10.2879309225598,2.9890640145069,-0.662811610129768,3.07566962978487,0,0,-7.96167851818267
"CB","Javien Elliott",2556934,-4.8894334429452,74,7,7,0,0,0,0,4,0,0,0,0,0,0,0,0,-1.34335004796242,0,-3.92812018476965,0.382036789786871,0,0,-5.27147023273207
"SS","Kentrell Brice",2556480,-5.14987962271296,35,9,8,1,0,0,0,4,0,0,0,0,0,0,0,0,-0.607478110447336,0,-3.01363814466758,-1.52876336759804,0,0,-3.62111625511492
"FS","D.J. Swearinger",2539943,-5.16150807976272,70,6,4,1,0,0,0,3,0,1,1,0,0,-1.5177335337133,-1.5177335337133,0,-3.90817115142677,0,-0.266621992724664,-0.986714935611288,0,0,-4.17479314415143
"CB","Buster Skrine",2495343,-5.16536541048181,177,30,22,5,2,0,0,15.5,1,2,1,0,1,-3.08864010052989,-1.11927586729133,0,-2.19718210717996,0.488822117309181,-6.97484184166957,2.21147318192334,0,1.3063632391352,-7.37683859240515
"OLB","Nick Vigil",2555528,-5.26025342524623,81,15,13,1,0,0,0,9,0,0,0,0,0,0,0,0,-2.15661891650379,0,-1.14107315621352,-1.96256135252892,0,0,-3.29769207271731
"CB","Ahkello Witherspoon",2558157,-5.28073404774121,216,28,16,3,0,0,0,7.5,0,5,2,0,3,-4.03275766398898,-1.98110853063364,0,-2.97709961495779,0.191349428607329,-0.814870243216459,-1.68011361817429,0,0,-3.60062042956692
"SS","Sharrod Neasman",2556443,-5.31580306465181,48,6,5,1,0,0,0,3,0,1,0,0,1,-1.18871949248563,0,0,-1.47267509067767,0,-3.81344144236956,-0.0296865316045827,0,0,-5.28611653304723
"OLB","Malcolm Smith",2499278,-5.57954479601567,26,4,4,0,0,0,0,3,0,1,1,0,0,-1.10819738384828,-1.10819738384828,0,-1.36605535191508,0,-2.79896675879413,-1.41452268530646,0,0,-4.16502211070921
"CB","LeShaun Sims",2555551,-5.58692760313954,52,4,4,0,0,0,0,2,0,1,1,0,0,-1.9109155497502,-1.9109155497502,0,-0.820607739200954,-0.803003925957438,-3.94593386231828,-0.0173820756628699,0,0,-5.56954552747667
"OLB","Tahir Whitehead",2532986,-5.69063945690429,85,13,10,2,0,0,0,4.5,0,2,2,0,0,-1.60094262408744,-1.60094262408744,0,-3.38753014496202,0,-4.62322074026324,2.32011142832097,0,0,-8.01075088522526
"OLB","Kyle Emanuel",2552296,-5.7351258576211,8,2,2,0,0,0,0,1,0,0,0,0,0,0,0,0,-0.452973676384241,-0.718597032690733,-1.43946955542031,-3.12408559312582,0,0,-2.61104026449528
"ILB","Zach Cunningham",2558094,-5.77846223980592,75,16,13,2,0,0,0,5.5,0,0,0,0,0,0,0,0,-3.15082325565331,0,-0.905723752500427,-1.72191523165218,0,0,-4.05654700815374
"CB","Artie Burns",2555344,-5.80276293108092,106,11,9,0,0,0,0,4,0,0,0,0,0,0,0,0,-1.61685030042164,0,-4.61729565513726,0.431383024477977,0,0,-6.2341459555589
"CB","Rashard Robinson",2555546,-5.80383732615623,25,6,6,0,0,0,0,4.5,0,0,0,0,0,0,0,0,0.00571499811616874,-0.71571746862458,-4.87364465455175,-0.220190201096072,0,0,-5.58364712506016
"CB","Darqueze Dennard",2543474,-5.80520049757893,212,30,22,5,0,0,0,14.5,1,1,0,0,1,-1.74952422589228,0,0,-3.07011832839045,1.03814302592707,-8.9889432485824,5.21571805346685,0,0,-11.0209185510458
"OLB","Christian Kirksey",2543720,-5.84368989414344,40,5,5,0,0,0,0,1,0,1,1,0,0,-1.04118092509025,-1.04118092509025,0,-1.70580013499409,0,-4.95904412681013,0.821154367660778,0,0,-6.66484426180422
"CB","Daryl Worley",2555394,-5.87657425385493,135,18,12,4,0,0,0,9,0,0,0,0,0,0,0,0,-4.69295625257863,-0.355490811000906,-0.173488963625173,-0.654638226650217,0,0,-5.22193602720471
"CB","Josh Norman",2532920,-5.89310364245813,323,34,27,4,1,2,0,15.5,1,5,4,0,1,-6.754171901113,-3.76443062622621,0,-1.54409901800607,-0.539355198903712,-9.75754742191408,3.20446692818334,2.51087139328451,0.232559674897881,-9.09757057064147
"SS","Daniel Sorensen",2550257,-5.95910285555694,30,5,4,0,0,0,0,3,0,1,1,0,0,-1.49737692182575,-1.49737692182575,0,0.0173134462918287,0,-3.52091096272428,-2.45550533912449,0,0,-3.50359751643245
"CB","Rashaan Melvin",2541200,-5.96895376744466,198,27,19,4,1,1,0,11,0,2,1,0,1,-3.09673405562142,-0.382632070295111,0,-1.49754973639671,0.66528934649385,-7.61354850080512,1.38438119877048,0.0753619433972088,1.01711198109563,-7.35333496621514
"CB","K'Waun Williams",2550654,-5.98294831865771,143,15,11,1,0,0,0,6,0,2,1,0,1,-2.45852851517589,-0.999253234498204,0,-5.23787989401385,0.284820239243341,-0.554925091839232,-0.474963572047965,0,0,-5.50798474660974
"CB","Marcus Peters",2552488,-6.01118823327014,226,28,19,3,0,1,0,8,0,4,2,0,2,-2.63343033497889,-1.00015033329116,0,-6.823187007099,1.62013670516281,-5.95231725649463,0.29018493556142,4.85399438959926,0,-6.30137316883156
"CB","Tre'Davious White",2557867,-6.06761565405388,306,25,18,5,2,0,0,11.5,0,6,6,0,0,-7.31436940854901,-7.31436940854901,0,-9.70849038943819,1.2048500224335,-1.8619830170878,2.02568051552009,0,2.27232721451852,-8.09329616957397
"CB","Corn Elder",2558171,-6.09844361930469,12,2,1,0,0,0,0,0,0,0,0,0,0,0,0,0,-0.40836053877382,-1.57860863111416,-4.11147444941671,0,0,0,-6.09844361930469
"ILB","Avery Williamson",2543597,-6.19110961325833,70,11,8,1,0,0,0,5,0,3,3,0,0,-1.26035951514902,-1.26035951514902,0,-2.49455956931766,0,-1.84896427767346,-1.84758576626721,0,0,-4.34352384699112
"ILB","Josh Bynes",2530491,-6.23489716940851,53,5,4,1,0,0,0,1,0,0,0,0,0,0,0,0,-2.84452081520978,0,-2.58563229271232,-0.804744061486412,0,0,-5.4301531079221
"CB","Quinton Dunbar",2553796,-6.34993784718793,137,20,16,3,0,0,0,11.5,0,0,0,0,0,0,0,0,1.64176288759889,0,-3.5973098080074,-4.39439092677942,0,0,-1.95554692040851
"LB","Leighton Vander Esch",2560908,-6.42663480205532,84,13,11,2,0,0,0,11,0,0,0,0,0,0,0,0,-5.78935393248532,0,-3.20627703282922,2.56899616325922,0,0,-8.99563096531454
"FS","Will Parks",2556278,-6.4880653688295,78,9,6,1,0,0,0,2.5,0,0,0,0,0,0,0,0,-1.37566067249633,0,-4.53917898363006,-0.573225712703115,0,0,-5.91483965612639
"OLB","Reuben Foster",2557837,-6.53417397850032,28,7,6,1,0,0,0,2,0,1,0,0,1,-2.35443281530716,0,0,-0.474326867056546,0,-4.24651039168304,-1.81333671976073,0,0,-4.72083725873959
"LB","Tremaine Edmunds",2560713,-6.6127760129149,77,19,16,4,1,0,1,8,0,2,2,0,0,-1.27940695984795,-1.27940695984795,0,-6.34279733607426,0,-1.83203122126091,-1.2507910762434,0.0693306676330829,2.74351295303059,-5.3619849366715
"CB","Carlton Davis",2561039,-6.63836574608512,232,24,17,4,1,0,0,9,0,5,2,0,3,-4.82677347794846,-2.8831859724796,0,-0.99255894206254,-2.90600647808329,-0.195038181800945,-2.52696856314666,0,-0.01779358099169,-4.11139718293846
"SS","Derwin James",2560760,-6.67168800424004,121,9,8,2,0,0,1,2.5,0,1,0,0,1,-1.75893113970396,0,0,-7.40920053427838,3.18371024755718,-5.85149224575822,-0.442036492561213,0.10334813151558,3.74398288928501,-6.22965151167883
"FS","Devin McCourty",494287,-6.74121909262918,90,13,10,2,0,0,0,6,0,0,0,0,0,0,0,0,-2.5284058933271,0,-4.85397193913442,0.64115873983234,0,0,-7.38237783246152
"FS","Marcus Gilchrist",2495153,-6.76760771735597,66,13,10,1,0,2,0,3,0,0,0,0,0,0,0,0,-3.81449953652176,0,-4.94428327216629,1.9595333937393,0.0316416975927782,0,-8.72714111109527
"CB","Arthur Maulet",2559087,-6.79434144635206,36,4,4,0,0,0,0,3.5,0,0,0,0,0,0,0,0,-1.02775245259756,-0.0973045221264123,-1.60383856642685,-4.06544590520124,0,0,-2.72889554115082
"ILB","Anthony Walker",2558851,-6.83217107573555,68,9,7,0,0,0,0,3.5,0,0,0,0,0,0,0,0,-4.95746975219238,0,-1.76132817409806,-0.113373149445105,0,0,-6.71879792629044
"CB","Jonathan Jones",2556571,-6.83895220487439,145,23,17,1,0,1,0,9,0,4,2,0,2,-3.37888278147471,-2.11967496530678,0,-5.53186613730378,0.185571567588824,-0.802410013488741,-0.678678678779543,-0.0115689428911541,0,-6.16027352609485
"CB","David Amerson",2540170,-6.85456983480409,72,4,3,0,0,0,0,2,0,1,1,0,0,-1.821249623278,-1.821249623278,0,-4.59572221068164,1.08330197290258,-3.4482856662659,0.106136069240869,0,0,-6.96070590404496
"OLB","Anthony Barr",2543459,-6.92517430832377,51,5,5,0,0,0,0,0,0,0,0,0,0,0,0,0,-1.55754589719433,0,-4.91769620747303,-0.449932203656413,0,0,-6.47524210466736
"CB","Shaquill Griffin",2558259,-7.0056884321361,329,38,28,5,0,0,0,18.5,0,3,1,0,2,-3.52721626681887,-1.21802461646233,0,-2.99420825748453,-2.16691571617662,-5.53214743781516,3.68758297934021,0,0,-10.6932714114763
"DB","Su'a Cravens",2555345,-7.1084613136804,27,6,6,0,0,0,0,2.5,0,1,1,0,0,-1.02248382129173,-1.02248382129173,0,-1.67242257433973,0.195237084560778,-5.54118754133708,-0.0900882825643651,0,0,-7.01837303111603
"LB","Roquan Smith",2560877,-7.14792401554806,117,21,20,0,0,0,1,17,0,1,0,0,1,-0.880467237177366,0,0,-2.669166327122,0.201440455409644,-7.75222722606873,-1.81163837461893,-0.896821946619556,5.78048940347151,-5.33628564092913
"MLB","Jaylon Smith",2555310,-7.17270445313779,71,9,8,2,1,0,0,7,0,1,0,0,1,-1.45003685636233,0,0,-4.35305794014431,0,-3.19195119146327,-0.730072760223625,0,1.10237743869341,-6.44263169291417
"FS","Tre Boston",2543830,-7.27574573224632,29,5,4,1,0,0,0,1,0,0,0,0,0,0,0,0,-2.25503072963839,0,-4.45329088710684,-0.567424115501086,0,0,-6.70832161674523
"CB","Richard Sherman",2495507,-7.58854430215457,251,19,13,3,0,0,0,7,0,2,2,0,0,-0.707377317780088,-0.707377317780088,0,-4.29097870700777,-1.09819129146678,-3.3774404908977,1.17806618721768,0,0,-8.76661048937225
"FS","Vonn Bell",2555530,-7.64305187228221,102,12,9,1,0,0,0,6,0,0,0,0,0,0,0,0,-4.31556868737732,2.13893513348707,-4.23899471268405,-1.22742360570791,0,0,-6.4156282665743
"ILB","C.J. Mosley",2543464,-7.65387645485636,43,12,10,1,0,0,0,5.5,0,0,0,0,0,0,0,0,-2.08086438667586,0,1.1315753753833,-6.7045874435638,0,0,-0.94928901129256
"CB","T.J. Carrie",2550164,-7.75257984427306,291,33,22,4,0,0,0,16.5,0,7,4,0,3,-7.47024700471256,-3.73827315197672,0,-0.0488812811266532,-1.44219221519245,-5.27106268730247,-0.99044366065149,0,0,-6.76213618362157
"FS","Mike Adams",2505708,-7.91648954068327,70,13,12,0,0,0,0,8.5,0,1,1,0,0,-0.7506403688082,-0.7506403688082,0,-2.72113574747388,0,-4.46464758390484,-0.730706209304548,0,0,-7.18578333137872
"CB","Chandon Sullivan",2560887,-8.04076069325204,21,4,4,0,0,0,0,3,0,0,0,0,0,0,0,0,-0.366437017793377,0.346231658795127,-7.88462880346792,-0.135926530785876,0,0,-7.90483416246617
"OLB","Duke Riley",2557967,-8.06873149336106,35,4,3,1,0,0,0,1,0,1,0,0,1,-2.69042371763307,0,0,-1.60623372502538,0,-1.19900717989941,-5.26349058843627,0,0,-2.80524090492479
"CB","Adoree' Jackson",2558065,-8.13331052091118,273,41,30,4,0,2,0,20,0,2,0,0,2,-3.23918512845183,0,0,-4.94506443697002,4.73622724368635,-8.68754813082882,-1.75403771714827,2.51711252034958,0,-6.37927280376291
"SS","Jeff Heath",2541832,-8.13968295424671,96,14,11,1,0,0,0,9.5,0,1,1,0,0,-0.979393452904197,-0.979393452904197,0,-5.96455483562811,-1.28159772593812,-0.0122100830053816,-0.881320309675097,0,0,-7.25836264457161
"CB","Trumaine Johnson",2532877,-8.21464876370315,203,19,16,0,0,2,0,11,0,2,0,0,2,-3.0409653010481,0,0,-3.4563645401512,0.366455960545228,-7.78653455428594,0.878423908206951,1.78337046198181,0,-9.0930726719101
"CB","Nickell Robey-Coleman",2540197,-8.24847551247956,162,9,7,2,0,0,0,5,0,2,1,0,1,-3.00702606739119,-1.79409578083848,0,-5.87051470489299,0.580187572661653,-2.46642373849702,-0.491724641751203,0,0,-7.75675087072836
"OLB","Shaq Thompson",2552447,-8.27367370506367,52,12,11,0,0,0,0,8,0,0,0,0,0,0,0,0,-3.07565402214733,0,-4.694567651976,-0.503452030940337,0,0,-7.77022167412333
"OLB","Jordan Evans",2558801,-8.47661288982557,57,7,7,0,0,0,0,1,0,0,0,0,0,0,0,0,-3.761870940973,0,-4.79830362459016,0.0835616757375937,0,0,-8.56017456556316
"FS","Duron Harmon",2541243,-8.60414771232153,9,5,5,0,0,0,0,3,0,1,1,0,0,-0.908910461913623,-0.908910461913623,0,-1.14512095857587,0,-4.31867547672433,-3.14035127702133,0,0,-5.4637964353002
"CB","Morris Claiborne",2533059,-8.81552175107595,358,38,25,6,0,1,0,15,0,5,4,0,1,-3.55314565009379,-3.86712208206979,0,-5.28265437822899,-3.174624753648,1.6171172546946,-1.93435524325226,-0.0410046306412974,0,-6.88116650782369
"CB","Nick Nelson",2560819,-8.98638860847314,80,11,8,1,0,0,0,3,0,0,0,0,0,0,0,0,-1.0368925825183,0,-5.78824827778927,-2.16124774816557,0,0,-6.82514086030757
"CB","Casey Hayward",2532861,-9.44699515724573,345,31,22,4,2,0,0,11.5,0,2,1,0,1,-2.27359340229365,-1.5175481151156,0,-5.48134122424787,0.998338176473137,-6.7448714471175,0.372352247538949,0,1.40852709010756,-9.81934740478467
"CB","Brian Poole",2556445,-9.48240655568238,186,23,18,1,0,0,0,15,0,1,1,0,0,-1.59176907912815,-1.59176907912815,0,-7.26667261134539,2.37183689611089,-3.52869787584046,-1.05887296460742,0,0,-8.42353359107496
"OLB","Kiko Alonso",2539935,-10.1933343175585,71,12,11,0,1,0,0,3,0,0,0,0,0,0,0,0,-4.35910621817518,0,-4.70185022790416,-1.55168626897577,0,0.419308397496575,-8.64164804858276
"CB","James Bradberry",2555175,-10.2100426169685,314,48,32,9,0,0,0,20.5,0,1,1,0,0,-6.42829725840954e-05,-6.42829725840954e-05,0,-6.05056054233072,0.846713365171233,-6.33184242150627,1.32564698169723,0,0,-11.5356895986658
"SS","Malcolm Jenkins",79848,-10.2118502255665,147,11,9,2,0,0,0,7,0,1,1,0,0,-0.546266400226675,-0.546266400226675,0,-3.23638296521986,-0.498516690577919,-5.22130536783083,-1.25564520193794,0,0,-8.95620502362861
"CB","Fabian Moreau",2558136,-10.2375001058488,246,27,21,2,0,0,0,12,1,5,3,0,2,-3.5539833484217,-3.1942107050257,0,-2.60460124625107,1.37188860434858,-6.31903530534064,-2.68575215860564,0,0,-7.55174794724313
"ILB","Demario Davis",2533008,-10.4307616390601,65,9,9,1,1,0,0,4.5,0,1,1,0,0,-0.959263543861005,-0.959263543861005,0,-4.04418960753715,0,-5.60789001218896,-0.998402538922849,0,0.219720519588906,-9.43235910013721
"CB","Xavier Rhodes",2540155,-10.4796168696799,248,32,24,5,1,0,0,15,0,6,4,0,2,-6.39011267286904,-3.50437878146025,0,-1.5863984622768,-2.43352127613276,-4.52871625630743,-3.40405297626358,0,1.47307210130065,-7.07556389341634
"MLB","Jordan Hicks",2552315,-10.8705238896618,50,7,7,0,0,0,0,4,0,1,1,0,0,-1.51069079322143,-1.51069079322143,0,-3.76612214635126,0,-2.0593320736622,-5.04506966964837,0,0,-5.82545422001346
"CB","Michael Davis",2559164,-11.1343276366004,211,28,22,6,1,0,0,16.5,0,3,0,0,3,-3.04943383026562,0,0,-5.39637698444611,1.67264276985047,-5.44708555007525,-2.06789387666767,0,0.104386004738141,-9.06643375993275
"CB","Teez Tabor",2557955,-11.1508960618127,88,11,11,0,0,0,0,9,0,1,1,0,0,-0.185571356782953,-0.185571356782953,0,2.83512612658373,0.283906457280736,-13.5042937186502,-0.765634927027002,0,0,-10.3852611347857
"CB","DeVante Bausby",2553790,-11.1725874080587,51,8,8,0,0,0,0,4,0,1,1,0,0,-1.23685150047812,-1.23685150047812,0,-3.12178257387071,-0.184810920788503,-3.38328289327516,-4.48271102012434,0,0,-6.68987638793437
"CB","Grant Haley",2561001,-11.4685323048181,125,16,13,1,0,0,0,8,0,0,0,0,0,0,0,0,0.546563234422302,1.62640266969599,-8.23256823370681,-5.40892997522957,0,0,-6.05960232958852
"CB","Trae Waynes",2552448,-11.4895331604811,214,24,20,4,0,0,0,13.5,0,2,1,0,1,-1.38779307003515,-1.04406784178165,0,-3.46264236384279,0.16899612268816,-8.52544051680827,0.329553597481766,0,0,-11.8190867579629
"CB","Josh Jackson",2560755,-12.2389324426737,235,28,19,7,0,0,0,10,0,4,4,0,0,-2.10443474712245,-2.10443474712245,0,-0.186186121455035,-2.11104196596253,-8.60047131476594,-1.3412330404902,0,0,-10.8976994021835
"CB","B.W. Webb",2539338,-12.2871458168584,309,27,19,4,0,0,0,11.5,0,3,1,0,2,-4.737311434282,-2.61901224382384,0,0.539932982536523,-0.257946963882955,-11.274698420097,-1.29443341541498,0,0,-10.9927124014434
"CB","Jamar Taylor",2539932,-12.7158052174388,80,12,10,0,0,0,0,5,0,3,3,0,0,-3.02230267478345,-3.02230267478345,0,-5.44097166009618,-1.68883433200038,-5.90563922554579,0.319640000203534,0,0,-13.0354452176423
"CB","Phillip Gaines",2543851,-13.1262529094947,119,16,13,1,0,0,0,9,0,2,0,0,2,-5.53542266961987,0,0,-0.314746784504167,-1.51856720052969,-11.6630028414325,0.370063916971703,0,0,-13.4963168264664
"CB","Torry McTyer",2559053,-13.2449774101935,101,15,13,0,1,0,0,7.5,0,3,2,0,1,-3.46938271191858,-2.5028668006008,0,-2.0596803515441,-0.296280368399759,-11.4443862270194,-0.505780594063979,0,1.06115013083378,-12.7391968161295
"SS","Rafael Bush",2507817,-13.9888765933388,99,10,10,0,0,0,0,7,0,0,0,0,0,0,0,0,-5.03373674695805,-0.59467802924417,-1.89635055677314,-6.46411126036347,0,0,-7.52476533297536
"CB","Ken Crawley",2556735,-14.538199628621,137,23,18,4,0,0,0,10,0,3,1,0,2,-4.46539698634919,-1.81135809129775,0,-4.50634306908792,1.70657582808537,-13.735262701243,1.99683031362458,0,0,-16.5350299422456
"CB","Jaire Alexander",2560952,-14.688340453565,223,40,26,5,0,0,0,21.5,0,0,0,0,0,0,0,0,0.44308047061485,-1.80695745029589,-14.4380541921525,1.1135907182685,0,0,-15.8019311718335
"CB","P.J. Williams",2552484,-15.2762330032988,233,21,16,4,1,0,0,10,0,3,3,0,0,-2.28235187333371,-2.28235187333371,0,-5.72059505760892,0.700598605294935,-10.5254787545818,-1.94519252109245,0,2.21443472468943,-13.3310404822064
"CB","Troy Hill",2553536,-16.1674346257138,113,14,11,2,0,1,0,1,0,1,1,0,0,-0.583007779603458,-0.583007779603458,0,-6.40929228706417,0.783379540891018,-7.82080928817026,-1.94316259012465,-0.777550001245707,0,-14.2242720355891
"FS","Budda Baker",2558009,-16.2989932798559,173,20,17,1,0,0,0,9,0,4,1,0,3,-2.74699380128648,-0.163201912041198,0,-2.93325675399483,-1.80710846874765,-7.47794701934798,-4.08068103776548,0,0,-12.2183122420905
"CB","Prince Amukamara",2495108,-17.3765723518096,356,48,35,8,0,0,0,20.5,0,6,2,0,4,-7.56576538826116,-3.62534074255206,0,5.09102112140187,-2.79342933675528,-13.7192704905125,-5.95489364594374,0,0,-11.4216787058659
"CB","Bobby McCain",2552434,-17.8427737546802,227,27,21,2,1,0,0,10,0,1,1,0,0,-2.18090508740647,-2.18090508740647,0,-9.31081741899321,-1.29552764584274,-6.65865772342061,-1.62565555314309,0,1.04788458671948,-16.2171182015371
"CB","Brent Grimes",2506861,-18.191177095552,235,30,22,4,0,0,0,13.5,0,2,2,0,0,-1.3449411268457,-1.3449411268457,0,-9.91674461907922,0.236950087174639,-10.7816784635915,2.27029589994405,0,0,-20.4614729954961
"CB","Rasul Douglas",2558168,-18.4077994049577,182,25,22,0,0,1,0,11,0,0,0,0,0,0,0,0,-3.09104985071724,0.301827000053892,-9.78942200998192,-5.48166604379967,-0.347488500512788,0,-12.9261333611581
"CB","Tre Flowers",2560728,-18.4779630616048,283,25,18,3,0,0,0,10.5,0,3,2,0,1,-1.23919863421928,-0.744957162353051,0,-6.91891336027193,-1.66044540141407,-1.91327263844673,-7.98533166147207,0,0,-10.4926314001327
"CB","Robert Alford",2539653,-19.430557034292,352,47,37,8,0,0,0,24.5,0,7,3,0,4,-6.11680904827111,-3.42049178066353,0,-3.29575071035896,1.50008587390529,-12.4097803173968,-5.22511188044154,0,0,-14.2054451538505
"CB","Jalen Mills",2555383,-19.4729976549291,152,25,19,6,1,0,0,10,0,1,0,0,1,-0.750918865038316,0,0,-8.29882211353407,-0.579972662747138,-6.94715021691751,-3.85232448606195,0,0.205271824331526,-15.6206731688672
"CB","Bradley Roby",2543505,-19.6706982080889,308,45,32,8,0,1,0,12,1,2,1,0,1,-2.09456402039593,-0.737079664922791,0,-3.31800176748561,0.207452925012666,-12.0731326715123,-6.95276881543901,2.4657521213354,0,-12.7179293926498
"CB","Donte Jackson",2560753,-20.6789191566228,271,29,22,2,0,2,0,13.5,0,2,1,0,1,-3.11245633517413,-1.48599225395891,0,-6.46741349321448,1.33117304208255,-13.2433184867076,-1.98835061744828,-0.311009601334982,0,-18.6905685391745
