"qualifying","position","displayName","nflId_def","targets","closing_penalties","closing_penalties_eps","eps_saved_closing_w_penalties","eps_saved_closing","eps_saved_closing_per_target","eps_saved_closing_per_target_w_penalties","epa_pass_attempt_avg"
1,"FS","Tashaun Gipson",2532848,13,0,0,6.62941961185957,6.31602031061745,0.485847716201342,0.485847716201342,0.573218194355775
1,"FS","Tyrann Mathieu",2540180,17,0,0,6.19810506060142,5.78827520513095,0.340486776772409,0.340486776772409,0.50160479789009
1,"CB","Johnathan Joseph",2495872,32,0,0,5.09623350948763,4.32478907566086,0.135149658614402,0.135149658614402,0.132680125682114
1,"CB","Adoree' Jackson",2558065,32,0,0,4.73622724368635,3.96478280985957,0.123899462808112,0.123899462808112,0.212490405927118
1,"CB","Desmond King",2557927,29,0,0,4.62555880933588,3.92643729118036,0.135394389351047,0.135394389351047,0.153866681300777
1,"CB","Jourdan Lewis",2557920,8,0,0,4.61630765112818,4.42344654267149,0.552930817833936,0.552930817833936,-0.14139059120079
1,"MLB","Luke Kuechly",2533056,27,0,0,4.31242494156453,3.66151870052319,0.135611803723081,0.135611803723081,0.238619118009005
1,"CB","D.J. Hayden",2539237,17,0,0,4.25421131599418,3.8443814605237,0.226140085913159,0.226140085913159,0.0379233793371226
1,"ILB","Darron Lee",2555322,24,0,0,4.07589355939322,3.49731023402314,0.145721259750964,0.145721259750964,0.147312145684116
1,"ILB","Todd Davis",2550930,25,0,0,4.00634684174254,3.40365587781537,0.136146235112615,0.136146235112615,0.420112214775431
1,"ILB","Cory Littleton",2556593,27,0,0,3.96814343076708,3.31723718972574,0.122860636656509,0.122860636656509,0.222428920619043
1,"SS","Sean Davis",2555386,17,0,0,3.91964963746023,3.50981978198975,0.206459987175868,0.206459987175868,0.0808528560397012
1,"MLB","Jordan Hicks",2552315,17,0,0,3.70231069451051,3.29248083904004,0.193675343472943,0.193675343472943,0.249726938176686
1,"FS","Andrew Adams",2556456,10,0,0,3.50354263129397,3.2624662457231,0.32624662457231,0.32624662457231,0.500780535453863
1,"ILB","Mason Foster",2495281,38,0,0,3.34542358602127,2.42933332085197,0.0639298242329466,0.0639298242329466,-0.00280445378947135
1,"ILB","Nicholas Morrow",2559054,10,0,0,3.32583391640557,3.0847575308347,0.30847575308347,0.30847575308347,0.191017421615158
1,"OLB","Lavonte David",2532828,35,0,0,3.24384883896752,2.40008148946949,0.0685737568419853,0.0685737568419853,0.437467855670289
1,"FS","Jaquiski Tartt",2552391,8,0,0,3.1930321552404,3.00017104678371,0.375021380847963,0.375021380847963,0.389046342951047
1,"SS","Derwin James",2560760,30,0,0,3.18371024755718,2.46048109084458,0.0820160363614858,0.0820160363614858,0.159384320911229
1,"OLB","Myles Jack",2555329,17,0,0,3.09209987709634,2.68227002162587,0.157780589507404,0.157780589507404,0.283172506326201
1,"OLB","Eric Wilson",2559012,9,0,0,2.99720547744979,2.78023673043601,0.308915192270667,0.308915192270667,-0.277336719022916
1,"CB","Kenny Moore II",2558976,25,0,0,2.9890640145069,2.38637305057973,0.0954549220231894,0.0954549220231894,0.150770420055109
1,"ILB","Jayon Brown",2558005,21,0,0,2.93631225452582,2.430051844827,0.115716754515571,0.115716754515571,0.0195495674008245
1,"DB","Tre Sullivan",2559260,3,0,0,2.90897245162394,2.83664953595268,0.945549845317559,0.945549845317559,1.14981145623764
1,"OLB","Shaq Thompson",2552447,16,0,0,2.90713001055423,2.52140779364084,0.157587987102553,0.157587987102553,0.304769449216297
1,"OLB","Nigel Bradham",2532800,23,0,0,2.80885355820942,2.25437787139643,0.0980164291911489,0.0980164291911489,0.148714690331191
1,"MLB","Joe Schobert",2555166,8,0,0,2.75495894153928,2.56209783308259,0.320262229135324,0.320262229135324,0.232058334305561
1,"CB","Anthony Brown",2555531,16,0,0,2.73996844101736,2.35424622410397,0.147140389006498,0.147140389006498,-0.0260611468727631
1,"CB","Briean Boddy-Calhoun",2556475,14,0,0,2.67433566154077,2.33682872174155,0.166916337267254,0.166916337267254,0.153789081753385
1,"CB","Quincy Wilson",2557961,16,0,0,2.60929034664686,2.22356812973347,0.138973008108342,0.138973008108342,0.476492271412397
1,"MLB","Bobby Wagner",2532966,26,0,0,2.6020236068304,1.97522500434614,0.0759701924748516,0.0759701924748516,0.0260478126693193
1,"SS","Justin Simmons",2555550,15,0,0,2.50959075542946,2.14797617707316,0.143198411804877,0.143198411804877,0.342130463696148
1,"ILB","Danny Trevathan",2532961,22,0,0,2.45741555338283,1.92704750512692,0.0875930684148599,0.0875930684148599,0.287773318739099
1,"SS","Reshad Jones",496739,14,0,0,2.44915228709202,2.11164534729281,0.150831810520915,0.150831810520915,0.376087385848363
1,"MLB","Kwon Alexander",2552592,14,0,0,2.43276367251664,2.09525673271742,0.149661195194102,0.149661195194102,0.234184821368146
1,"CB","Brian Poole",2556445,19,0,0,2.37183689611089,1.91379176352624,0.100725882290855,0.100725882290855,0.330583306697345
1,"CB","Darryl Roberts",2553353,17,0,0,2.30335945361883,1.89352959814836,0.111384094008727,0.111384094008727,0.0302364535365985
1,"OLB","Mychal Kendricks",2532890,5,0,0,2.30208148498907,2.18154329220364,0.436308658440728,0.436308658440728,0.0929522167984488
1,"FS","Eddie Jackson",2558176,23,0,0,2.29374383834703,1.73926815153403,0.0756203544145232,0.0756203544145232,0.131090033096291
1,"S","Minkah Fitzpatrick",2560725,11,0,0,2.29236114631659,2.02717712218864,0.184288829289876,0.184288829289876,0.0847177298894456
1,"CB","Tavon Young",2555378,15,0,0,2.27868754509047,1.91707296673417,0.127804864448945,0.127804864448945,-0.0770088905651128
1,"SS","Bradley McDougald",2539243,26,0,0,2.2538717056359,1.62707310315164,0.0625797347366017,0.0625797347366017,0.498926590988932
1,"SS","Jamal Adams",2557979,14,0,0,2.17917272040787,1.84166578060865,0.131547555757761,0.131547555757761,0.456771615548413
1,"CB","Mackensie Alexander",2555177,10,0,0,2.17870630012353,1.93762991455266,0.193762991455266,0.193762991455266,-0.123456884017634
1,"FS","Vonn Bell",2555530,19,0,0,2.13893513348707,1.68089000090242,0.0884678947843378,0.0884678947843378,0.456290224355713
1,"MLB","Jarrad Davis",2557855,21,0,0,2.09175837236003,1.58549796266121,0.0754999029838671,0.0754999029838671,0.195237383378125
1,"ILB","Blake Martinez",2555161,27,0,0,2.08664988799056,1.43574364694922,0.0531756906277489,0.0531756906277489,0.064634542805031
1,"OLB","De'Vondre Campbell",2555255,23,0,0,2.02300987737466,1.46853419056166,0.0638493126331158,0.0638493126331158,0.214947305507863
1,"ILB","Wesley Woodyard",2354,20,0,0,2.02235325194619,1.54020048080445,0.0770100240402227,0.0770100240402227,0.333229635000023
1,"CB","Gareon Conley",2558062,11,0,0,1.98077293437898,1.71558891025102,0.155962628204638,0.155962628204638,0.411865951035273
1,"LB","Josey Jewell",2560763,8,0,0,1.93988501936835,1.74702391091165,0.218377988863957,0.218377988863957,0.344279982388083
1,"ILB","Josh Bynes",2530491,16,0,0,1.89642752479912,1.51070530788573,0.0944190817428582,0.0944190817428582,0.386507663570985
1,"SS","Tony Jefferson",2540164,16,0,0,1.89285212854642,1.50712991163303,0.0941956194770644,0.0941956194770644,0.163394682387383
1,"LB","Darius Leonard",2560789,38,0,0,1.82888118867723,0.912790923507938,0.0240208137765247,0.0240208137765247,0.129719679731399
1,"ILB","Jon Bostic",2539978,11,0,0,1.80950286575482,1.54431884162686,0.140392621966079,0.140392621966079,0.338826041955771
1,"MLB","Preston Brown",2543814,9,0,0,1.72072306640059,1.50375431938681,0.167083813265201,0.167083813265201,0.131400461693757
1,"CB","Ken Crawley",2556735,10,0,0,1.70657582808537,1.4654994425145,0.14654994425145,0.14654994425145,0.255292867902383
1,"CB","Michael Davis",2559164,6,0,0,1.67264276985047,1.52799693850795,0.254666156417991,0.254666156417991,-0.0754533637797575
1,"DB","Greg Stroman",2560886,11,0,0,1.63984019876859,1.37465617464064,0.124968743149149,0.124968743149149,0.270754890146938
1,"CB","Grant Haley",2561001,7,0,0,1.62640266969599,1.45764919979639,0.208235599970912,0.208235599970912,-0.019776656696058
1,"CB","Marcus Peters",2552488,20,0,0,1.62013670516281,1.13798393402107,0.0568991967010536,0.0568991967010536,0.191188754253418
1,"LB","Dorian O'Daniel",2560827,9,0,0,1.61817219899051,1.40120345197673,0.155689272441859,0.155689272441859,-0.0161249406516963
1,"CB","Byron Jones",2552568,16,0,0,1.61003802652106,1.22431580960767,0.0765197381004795,0.0765197381004795,0.441139557702624
1,"MLB","Deion Jones",2555162,12,0,0,1.60639263057088,1.31710096788584,0.109758413990487,0.109758413990487,-0.074839286087733
1,"MLB","Elandon Roberts",2556119,9,0,0,1.59869305023659,1.38172430322281,0.153524922580312,0.153524922580312,0.29009809004544
1,"ILB","L.J. Fort",2535613,18,0,0,1.5606100866364,1.12667259260883,0.0625929218116019,0.0625929218116019,0.211112775405156
1,"OLB","Duke Riley",2557967,14,0,0,1.54528992910496,1.20778298930575,0.086270213521839,0.086270213521839,0.283625593157617
1,"SS","John Johnson",2558183,20,0,0,1.53950932000154,1.05735654885981,0.0528678274429903,0.0528678274429903,0.324448514550123
1,"CB","Marlon Humphrey",2558067,24,0,0,1.53284283307548,0.954259507705395,0.0397608128210581,0.0397608128210581,0.0829519380530497
1,"FS","Will Parks",2556278,7,0,0,1.53058665253674,1.36183318263713,0.19454759751959,0.19454759751959,0.482065559091325
1,"FS","Anthony Harris",2553655,6,0,0,1.51542219954896,1.37077636820644,0.228462728034406,0.228462728034406,0.365457258553645
1,"CB","Robert Alford",2539653,13,0,0,1.50008587390529,1.18668657266316,0.0912835825125507,0.0912835825125507,0.536026811191859
1,"LB","Tremaine Edmunds",2560713,25,0,0,1.46240732324664,0.859716359319469,0.0343886543727788,0.0343886543727788,0.325698524275729
1,"MLB","Jaylon Smith",2555310,21,0,0,1.45386728920913,0.947606879510308,0.0451241371195385,0.0451241371195385,0.296880709398789
1,"CB","Nate Hairston",2558108,4,0,0,1.44665750515991,1.35022695093157,0.337556737732891,0.337556737732891,0.861386136349818
1,"ILB","Deone Bucannon",2543769,6,0,0,1.41031728690915,1.26567145556663,0.210945242594438,0.210945242594438,0.386378386069497
1,"SS","Kenny Vaccaro",2539320,13,0,0,1.40580236121613,1.092403059974,0.0840310046133845,0.0840310046133845,0.346534606149956
1,"LB","Leighton Vander Esch",2560908,26,0,0,1.3967101325326,0.769911530048345,0.0296119819249364,0.0296119819249364,0.210218509814606
1,"FS","Mike Adams",2505708,12,0,0,1.3739873649808,1.08469570229576,0.0903913085246469,0.0903913085246469,0.60427614431142
1,"CB","Fabian Moreau",2558136,14,0,0,1.37188860434858,1.03438166454937,0.0738844046106693,0.0738844046106693,0.616953364088473
1,"SS","Lano Hill",2558077,5,0,0,1.36319316239234,1.2426549696069,0.24853099392138,0.24853099392138,0.417463874454791
1,"SS","Shawn Williams",2539233,22,0,0,1.35688315907559,0.826515110819685,0.037568868673622,0.037568868673622,0.517401694985369
1,"OLB","Reuben Foster",2557837,11,0,0,1.35528921943175,1.0901051953038,0.0991004723003451,0.0991004723003451,0.195853733855218
1,"CB","Donte Jackson",2560753,22,0,0,1.33117304208255,0.800804993826642,0.0364002269921201,0.0364002269921201,0.114660040197988
1,"FS","Ha Ha Clinton-Dix",2543470,16,0,0,1.32770688736464,0.941984670451252,0.0588740419032033,0.0588740419032033,0.388966612960789
1,"LB","Jerome Baker",2560966,22,0,0,1.3182129757417,0.78784492748579,0.0358111330675359,0.0358111330675359,0.267991250248671
1,"ILB","Demario Davis",2533008,23,0,0,1.3100432515929,0.755567564779908,0.032850763686083,0.032850763686083,0.0896057432162823
1,"CB","Aqib Talib",1302,12,0,0,1.3096090475216,1.02031738483656,0.08502644873638,0.08502644873638,0.375089343212931
1,"CB","Stephon Gilmore",2533062,14,0,0,1.30436770944475,0.966860769645536,0.0690614835461097,0.0690614835461097,0.20028073001614
1,"ILB","B.J. Goodson",2555522,13,0,0,1.28057808648481,0.967178785242679,0.0743983680955907,0.0743983680955907,0.303021324011723
1,"ILB","Zaire Franklin",2561155,5,0,0,1.2221005491936,1.10156235640817,0.220312471281634,0.220312471281634,0.664080024420719
1,"CB","Tre'Davious White",2557867,15,0,0,1.2048500224335,0.843235444077194,0.0562156962718129,0.0562156962718129,0.0628755735043143
1,"SS","Micah Hyde",2539240,10,0,0,1.20445007871382,0.963373693142957,0.0963373693142957,0.0963373693142957,0.527528707572587
1,"OLB","Kyle Van Noy",2543699,15,0,0,1.1794846342225,0.817870055866196,0.0545246703910797,0.0545246703910797,0.0525987400684749
1,"SS","Daniel Sorensen",2550257,7,0,0,1.17842154181724,1.00966807191763,0.144238295988233,0.144238295988233,0.178865922416616
1,"CB","A.J. Bouye",2541162,12,0,0,1.14984775693762,0.860556094252578,0.0717130078543815,0.0717130078543815,0.253170795387032
1,"ILB","Zach Brown",2532804,23,0,0,1.13647830450931,0.582002617696313,0.0253044616389701,0.0253044616389701,0.0840270639175913
1,"DB","Anthony Levine",2508004,6,0,0,1.13528694465381,0.99064111331129,0.165106852218548,0.165106852218548,0.0397305569902459
1,"SS","Barry Church",494259,17,0,0,1.12981441067513,0.71998455520465,0.0423520326590971,0.0423520326590971,0.377775041441709
1,"SS","Kurt Coleman",494261,5,0,0,1.11571045754999,0.995172264764556,0.199034452952911,0.199034452952911,0.0515414444089801
1,"SS","Adrian Phillips",2550842,17,0,0,1.10133718391432,0.691507328443841,0.0406769016731671,0.0406769016731671,0.0422185844335478
1,"CB","Bashaud Breeland",2543571,7,0,0,1.04769038076118,0.878936910861575,0.125562415837368,0.125562415837368,0.192952043371853
1,"CB","M.J. Stewart",2560884,7,0,0,1.04716467567178,0.878411205772172,0.12548731511031,0.12548731511031,-0.0263543797698282
1,"CB","Darqueze Dennard",2543474,25,0,0,1.03814302592707,0.435452061999897,0.0174180824799959,0.0174180824799959,0.292347833930969
1,"OLB","Vontaze Burfict",2533058,11,0,0,1.00647321731468,0.741289193186722,0.0673899266533384,0.0673899266533384,0.0593272470199058
1,"OLB","Damien Wilson",2552686,8,0,0,0.998463156276094,0.8056020478194,0.100700255977425,0.100700255977425,0.444409256135981
1,"CB","Casey Hayward",2532861,7,0,0,0.998338176473137,0.82958470657353,0.118512100939076,0.118512100939076,0.103976895652325
1,"OLB","Kamu Grugier-Hill",2556363,6,0,0,0.997143109675361,0.85249727833284,0.14208287972214,0.14208287972214,0.528401259188383
1,"CB","Bryce Callahan",2553500,11,0,0,0.990443880656108,0.725259856528154,0.0659327142298322,0.0659327142298322,0.225541092899832
1,"SS","Damontae Kazee",2558184,6,0,0,0.970272784656084,0.825626953313564,0.137604492218927,0.137604492218927,0.467257497088934
1,"FS","Malik Hooker",2558060,7,0,0,0.965745036831614,0.796991566932006,0.113855938133144,0.113855938133144,0.649993039602605
1,"OLB","Matt Milano",2557969,15,0,0,0.963148173073295,0.601533594716994,0.0401022396477996,0.0401022396477996,0.227000542072332
1,"OLB","T.J. Watt",2558064,7,0,0,0.954656079418408,0.785902609518801,0.112271801359829,0.112271801359829,-0.00987904823985214
1,"CB","Justin Coleman",2553637,14,0,0,0.930651645040333,0.593144705241119,0.0423674789457942,0.0423674789457942,0.0720885214593745
1,"SS","Landon Collins",2552454,13,0,0,0.914577226415071,0.601177925172943,0.0462444557825341,0.0462444557825341,0.273842498389052
1,"OLB","Lorenzo Alexander",2506268,5,0,0,0.861920457178117,0.741382264392684,0.148276452878537,0.148276452878537,0.122708436772752
1,"SS","Josh Jones",2558119,13,0,0,0.854777783890474,0.541378482648346,0.0416444986652574,0.0416444986652574,0.689176330969626
1,"CB","James Bradberry",2555175,27,0,0,0.846713365171233,0.195807124129891,0.00725211570851447,0.00725211570851447,0.300375980383278
1,"MLB","Dont'a Hightower",2533057,14,0,0,0.814905964325366,0.477399024526151,0.0340999303232965,0.0340999303232965,0.37803505510314
1,"CB","Troy Hill",2553536,10,0,0,0.783379540891018,0.542303155320151,0.0542303155320151,0.0542303155320151,0.0221453855304267
1,"CB","Jason McCourty",89756,18,0,0,0.766062424555912,0.332124930528351,0.0184513850293528,0.0184513850293528,0.194203175591017
1,"SS","Derrick Kindred",2555540,9,0,0,0.74826073569451,0.53129198868073,0.0590324431867477,0.0590324431867477,0.496055059260914
1,"DB","D.J. Reed",2560850,3,0,0,0.72940893876991,0.657086023098649,0.219028674366216,0.219028674366216,0.0256168410700261
1,"OLB","Anthony Barr",2543459,9,0,0,0.706475321308335,0.489506574294554,0.0543896193660616,0.0543896193660616,0.114940137342373
1,"CB","P.J. Williams",2552484,23,0,0,0.700598605294935,0.146122918481939,0.00635317036877998,0.00635317036877998,0.442741590723264
1,"CB","Rashaan Melvin",2541200,14,0,0,0.66528934649385,0.327782406694635,0.0234130290496168,0.0234130290496168,0.198206375022473
1,"OLB","Jordan Evans",2558801,14,0,0,0.645691441479701,0.308184501680486,0.0220131786914633,0.0220131786914633,0.596791328502054
1,"OLB","Tahir Whitehead",2532986,21,0,0,0.633164199786757,0.126903790087935,0.006043037623235,0.006043037623235,0.418142809008876
1,"SS","Karl Joseph",2555342,3,0,0,0.617489137846499,0.545166222175239,0.181722074058413,0.181722074058413,0.361395958001125
1,"FS","Curtis Riley",2553822,11,0,0,0.589321039035489,0.324137014907535,0.0294670013552305,0.0294670013552305,0.305893304073484
1,"CB","Nickell Robey-Coleman",2540197,14,0,0,0.580187572661653,0.242680632862438,0.0173343309187456,0.0173343309187456,0.345450898459306
1,"MLB","Adarius Taylor",2550565,12,0,0,0.573560012075825,0.284268349390784,0.0236890291158987,0.0236890291158987,0.299065702786837
1,"FS","Corey Graham",2495613,13,0,0,0.5653064790142,0.251907177772072,0.0193774752132363,0.0193774752132363,0.92038534834053
1,"CB","Bene' Benwikere",2543855,14,0,0,0.563372567270457,0.225865627471243,0.0161332591050888,0.0161332591050888,0.127867218561102
1,"OLB","A.J. Klein",2539982,9,0,0,0.524910337170073,0.307941590156292,0.034215732239588,0.034215732239588,0.0760026088315308
1,"OLB","Barkevious Mingo",2540140,3,0,0,0.503145720726858,0.430822805055598,0.143607601685199,0.143607601685199,0.239507764452014
1,"DB","Ronnie Harrison",2561008,9,0,0,0.492738772972667,0.275770025958886,0.0306411139954318,0.0306411139954318,0.0718676773997671
1,"CB","Buster Skrine",2495343,13,0,0,0.488822117309181,0.175422816067053,0.0134940627743887,0.0134940627743887,0.0859084252766507
1,"CB","Tramon Williams",2506789,16,0,0,0.466091546960351,0.0803693300469632,0.0050230831279352,0.0050230831279352,0.324430678364213
1,"CB","Ryan Smith",2555552,17,0,0,0.460226775271195,0.0503969198007201,0.00296452469416001,0.00296452469416001,0.429473701342707
1,"OLB","Christian Kirksey",2543720,8,0,0,0.458476965760875,0.265615857304181,0.0332019821630226,0.0332019821630226,0.222439423182985
1,"CB","Leon Hall",2495617,3,0,0,0.454892505936169,0.382569590264909,0.12752319675497,0.12752319675497,0.615599882589345
1,"CB","Kendall Fuller",2555349,20,0,0,0.453826181880581,-0.0283265892611541,-0.00141632946305771,-0.00141632946305771,-0.125912146100983
1,"CB","Steven Nelson",2552265,17,0,0,0.432292901873231,0.0224630464027564,0.00132135567075038,0.00132135567075038,0.201348527703392
1,"CB","Taron Johnson",2560766,3,0,0,0.430672203640407,0.358349287969147,0.119449762656382,0.119449762656382,0.0290722947000507
1,"LB","Elijah Lee",2558121,13,0,0,0.413647842469946,0.100248541227819,0.00771142624829374,0.00771142624829374,0.105211188243111
1,"ILB","Anthony Walker",2558851,17,0,0,0.407475649726665,-0.00235420574380996,-0.00013848269081235,-0.00013848269081235,0.191030727519502
1,"SS","T.J. McDonald",2539309,11,0,0,0.406838566675579,0.141654542547625,0.0128776856861477,0.0128776856861477,0.430331655599138
1,"OLB","Whitney Mercilus",2533049,7,0,0,0.405654336452438,0.236900866552831,0.0338429809361187,0.0338429809361187,0.304136125421757
1,"LB","Kenny Young",2560947,5,0,0,0.402787110714573,0.282248917929139,0.0564497835858278,0.0564497835858278,0.0539933882311195
1,"CB","Darius Slay",2540288,22,0,0,0.370355945720872,-0.160012102535037,-0.0072732773879562,-0.0072732773879562,0.33878405999418
1,"CB","Trumaine Johnson",2532877,13,0,0,0.366455960545228,0.0530566593030999,0.00408128148485384,0.00408128148485384,0.264843797373603
1,"OLB","Thomas Davis",2506352,12,0,0,0.359971635973969,0.0706799732889278,0.00588999777407732,0.00588999777407732,0.254184815633761
1,"ILB","Avery Williamson",2543597,25,0,0,0.322500429759606,-0.280190534167563,-0.0112076213667025,-0.0112076213667025,0.287985470079003
1,"ILB","Gerald Hodges",2539293,6,0,0,0.30490103988338,0.16025520854086,0.0267092014234767,0.0267092014234767,0.544419206967778
1,"CB","Rasul Douglas",2558168,17,0,0,0.301827000053892,-0.108002855416583,-0.00635310914215192,-0.00635310914215192,-0.0209462579114762
1,"CB","K'Waun Williams",2550654,9,0,0,0.284820239243341,0.0678514922295598,0.00753905469217331,0.00753905469217331,-0.0826156521558338
1,"SS","Justin Evans",2557945,3,0,0,0.279528334584244,0.207205418912984,0.0690684729709947,0.0690684729709947,-0.148551148328149
1,"CB","Brent Grimes",2506861,8,0,0,0.236950087174639,0.0440889787179453,0.00551112233974316,0.00551112233974316,-0.0573514691598653
1,"FS","Montae Nicholson",2558133,2,0,0,0.224964483395492,0.176749206281319,0.0883746031406595,0.0883746031406595,0.0612916042510755
1,"CB","Marshon Lattimore",2558061,16,0,0,0.213637620009874,-0.172084596903514,-0.0107552873064696,-0.0107552873064696,0.338265939285428
1,"CB","Bradley Roby",2543505,16,0,0,0.207452925012666,-0.178269291900722,-0.0111418307437952,-0.0111418307437952,0.0525188149990576
1,"LB","Roquan Smith",2560877,31,0,0,0.201440455409644,-0.545896339860045,-0.017609559350324,-0.017609559350324,0.213815826315613
1,"FS","Darian Stewart",494307,7,0,0,0.198823961882915,0.0300704919833072,0.00429578456904389,0.00429578456904389,0.228667927958433
1,"CB","Ahkello Witherspoon",2558157,14,0,0,0.191349428607329,-0.146157511191886,-0.0104398222279918,-0.0104398222279918,0.472074135993833
1,"CB","Jonathan Jones",2556571,18,0,0,0.185571567588824,-0.248365926438737,-0.0137981070243743,-0.0137981070243743,0.00381813600846456
1,"CB","Nevin Lawson",2543872,18,0,0,0.1805320394298,-0.253405454597761,-0.0140780808109867,-0.0140780808109867,0.326529634075727
1,"CB","Trae Waynes",2552448,11,0,0,0.16899612268816,-0.0961879014397944,-0.00874435467634494,-0.00874435467634494,0.131165906825909
1,"FS","Duron Harmon",2541243,4,0,0,0.139585853325903,0.0431552990975561,0.010788824774389,0.010788824774389,1.04009853132503
1,"ILB","C.J. Mosley",2543464,22,0,0,0.134879343853322,-0.395488704402586,-0.0179767592910267,-0.0179767592910267,0.310421878245594
1,"ILB","Terrance Smith",2556775,4,0,0,0.12834638005249,0.0319158258241428,0.0079789564560357,0.0079789564560357,-0.129481449626066
1,"SS","Justin Reid",2560851,17,0,0,0.103678427524164,-0.306151427946311,-0.0180089075262536,-0.0180089075262536,0.524926067360369
1,"CB","Terrance Mitchell",2543637,16,0,0,0.0862179411448225,-0.299504275768566,-0.0187190172355353,-0.0187190172355353,0.0503411116080407
1,"ILB","Brandon Marshall",2532898,7,0,0,0.0732112361743303,-0.0955422337252769,-0.0136488905321824,-0.0136488905321824,0.113845500760835
1,"ILB","Mark Barron",2532789,13,0,0,0.0538403865803599,-0.259558914661768,-0.0199660703585975,-0.0199660703585975,0.350273815153953
1,"OLB","Alex Anzalone",2558163,10,0,0,0.0513553460827476,-0.18972103948812,-0.018972103948812,-0.018972103948812,0.214226381207776
1,"CB","Denzel Ward",2560916,27,0,0,0.0426370542225153,-0.608269186818827,-0.0225284884006973,-0.0225284884006973,0.0997107274536159
1,"OLB","Jatavis Brown",2556148,18,0,0,0.0258590628682935,-0.408078431159268,-0.0226710239532927,-0.0226710239532927,0.267572943535609
1,"CB","Parry Nickerson",2560822,2,0,0,0.0206167654526876,-0.0275985116614859,-0.0137992558307429,-0.0137992558307429,-0.748526081922469
1,"FS","Reggie Nelson",2507167,10,0,0,0.0127855494710956,-0.228290836099772,-0.0228290836099772,-0.0228290836099772,0.44430206374702
1,"ILB","Patrick Onwuasor",2556642,7,0,0,-0.0203696129504368,-0.189123082850044,-0.027017583264292,-0.027017583264292,0.221269302509882
1,"OLB","Ray-Ray Armstrong",2541792,5,0,0,-0.0331548843420663,-0.1536930771275,-0.0307386154255,-0.0307386154255,0.610641210077579
1,"CB","Trevor Williams",2556828,8,0,0,-0.05828100646454,-0.251142114921234,-0.0313927643651543,-0.0313927643651543,0.319329795432428
1,"FS","Marcus Williams",2558847,9,0,0,-0.0627447019367707,-0.279713448950552,-0.0310792721056168,-0.0310792721056168,0.705871270613113
1,"ILB","Josh Harvey-Clemons",2557880,11,0,0,-0.0671001758922954,-0.33228420002025,-0.0302076545472954,-0.0302076545472954,0.454578021746879
1,"FS","Antone Exum",2543680,5,0,0,-0.083676709133201,-0.204214901918635,-0.040842980383727,-0.040842980383727,0.367872451940814
1,"ILB","Vince Williams",2540221,14,0,0,-0.0879388775025334,-0.425445817301748,-0.0303889869501249,-0.0303889869501249,0.113215415609249
1,"OLB","K.J. Wright",2495252,6,0,0,-0.0964628400880512,-0.241108671430572,-0.0401847785717619,-0.0401847785717619,0.00894015469392962
1,"MLB","Marquel Lee",2557972,6,0,0,-0.109562960358718,-0.254208791701238,-0.0423681319502064,-0.0423681319502064,0.569579120826231
1,"CB","Pierre Desir",2543811,7,0,0,-0.116572797209726,-0.285326267109334,-0.0407608953013334,-0.0407608953013334,0.242773593006467
1,"FS","Jabrill Peppers",2557980,17,0,0,-0.152986447441711,-0.562816302912186,-0.0331068413477756,-0.0331068413477756,0.516819523291356
1,"CB","Javien Elliott",2556934,8,0,0,-0.167114024319595,-0.359975132776289,-0.0449968915970361,-0.0449968915970361,0.136121969447027
1,"SS","Michael Thomas",2535687,13,0,0,-0.215521746358371,-0.528921047600499,-0.0406862344308076,-0.0406862344308076,0.17405870334505
1,"CB","Levi Wallace",2560914,3,0,0,-0.22824597917619,-0.30056889484745,-0.100189631615817,-0.100189631615817,0.142593723285255
1,"CB","Sidney Jones",2557958,9,0,0,-0.243916231154387,-0.460884978168168,-0.0512094420186853,-0.0512094420186853,-0.0119289538606756
1,"FS","Marcell Harris",2561006,5,0,0,-0.250712113347688,-0.371250306133122,-0.0742500612266244,-0.0742500612266244,0.121133198955157
1,"CB","B.W. Webb",2539338,16,0,0,-0.257946963882955,-0.643669180796343,-0.0402293237997715,-0.0402293237997715,0.285119842958714
1,"CB","Logan Ryan",2540162,16,0,0,-0.262837913203986,-0.648560130117374,-0.0405350081323358,-0.0405350081323358,0.19275859373662
1,"CB","Torry McTyer",2559053,7,0,0,-0.296280368399759,-0.465033838299366,-0.066433405471338,-0.066433405471338,0.106630002437573
1,"ILB","Zach Cunningham",2558094,23,0,0,-0.298053655170924,-0.852529341983919,-0.0370664931297356,-0.0370664931297356,0.123449504166083
1,"FS","Eric Weddle",2495775,17,0,0,-0.318262587321391,-0.728092442791866,-0.0428289672230509,-0.0428289672230509,0.1992416537795
1,"MLB","Eric Kendricks",2552312,17,0,0,-0.332914731193242,-0.742744586663717,-0.0436908580390422,-0.0436908580390422,0.327991937713979
1,"CB","Mike Ford",2561527,6,0,0,-0.347068428207802,-0.491714259550322,-0.0819523765917203,-0.0819523765917203,0.498506246226911
1,"FS","Kevin Byard",2555158,8,0,0,-0.35451734511378,-0.547378453570474,-0.0684223066963092,-0.0684223066963092,0.496685183661763
1,"CB","Daryl Worley",2555394,9,0,0,-0.355490811000906,-0.572459558014687,-0.0636066175571875,-0.0636066175571875,0.307855976921435
1,"FS","Tedric Thompson",2557881,12,0,0,-0.36326936435778,-0.652561027042821,-0.0543800855869017,-0.0543800855869017,0.393805781091227
1,"LB","Alec Ogletree",2540143,20,0,0,-0.403767799181702,-0.885920570323437,-0.0442960285161718,-0.0442960285161718,0.193329196101983
1,"FS","Devin McCourty",494287,19,0,0,-0.410823498299442,-0.868868630884091,-0.0457299279412679,-0.0457299279412679,0.25225603031756
1,"CB","Sherrick McManis",494289,6,0,0,-0.439233398846929,-0.583879230189449,-0.0973132050315749,-0.0973132050315749,0.36152715143541
1,"CB","Nick Nelson",2560819,5,0,0,-0.458618804473645,-0.579156997259079,-0.115831399451816,-0.115831399451816,-0.0599018574982976
1,"OLB","Nick Vigil",2555528,14,0,0,-0.463056777156392,-0.800563716955606,-0.0571831226396862,-0.0571831226396862,0.188587234177677
1,"CB","Chidobe Awuzie",2557840,17,0,0,-0.47091196555495,-0.880741821025425,-0.0518083424132603,-0.0518083424132603,0.162908487867377
1,"SS","Malcolm Jenkins",79848,23,0,0,-0.498516690577919,-1.05299237739091,-0.0457822772778659,-0.0457822772778659,0.308196114049802
1,"ILB","Denzel Perryman",2552310,10,0,0,-0.503357021289747,-0.744433406860614,-0.0744433406860614,-0.0744433406860614,0.135712310869935
1,"FS","Tre Boston",2543830,17,0,0,-0.504041976055587,-0.913871831526062,-0.0537571665603566,-0.0537571665603566,0.180812227823036
1,"CB","Kareem Jackson",496735,21,0,0,-0.507997347307044,-1.01425775700587,-0.0482979884288507,-0.0482979884288507,0.162024079417253
1,"CB","Cre'von LeBlanc",2556587,7,0,0,-0.509816837727329,-0.678570307626936,-0.0969386153752766,-0.0969386153752766,0.0546988577022889
1,"FS","D.J. Swearinger",2539943,24,0,0,-0.516298661968426,-1.09488198733851,-0.0456200828057712,-0.0456200828057712,0.105485391876807
1,"CB","Josh Norman",2532920,17,0,0,-0.539355198903712,-0.949185054374187,-0.0558344149631875,-0.0558344149631875,0.369250760781551
1,"ILB","Benardrick McKinney",2552490,19,0,0,-0.544468075606107,-1.00251320819076,-0.0527638530626714,-0.0527638530626714,0.339004975579186
1,"DB","J.C. Jackson",2560754,7,0,0,-0.577398801825147,-0.746152271724755,-0.106593181674965,-0.106593181674965,0.392906022744718
1,"CB","Jalen Mills",2555383,10,0,0,-0.579972662747138,-0.821049048318005,-0.0821049048318005,-0.0821049048318005,0.417299648061436
1,"S","Terrell Edmunds",2560712,15,0,0,-0.589576309229694,-0.951190887585995,-0.0634127258390664,-0.0634127258390664,0.149347660648959
1,"SS","Rafael Bush",2507817,11,0,0,-0.59467802924417,-0.859862053372125,-0.0781692775792841,-0.0781692775792841,0.204456991364779
1,"ILB","Tae Davis",2561318,12,0,0,-0.613244881798781,-0.902536544483822,-0.0752113787069852,-0.0752113787069852,0.351045319561012
1,"SS","Sharrod Neasman",2556443,12,0,0,-0.620668181532149,-0.90995984421719,-0.0758299870180992,-0.0758299870180992,0.253371575260493
1,"CB","Jimmy Smith",2508107,8,0,0,-0.628949514864188,-0.821810623320882,-0.10272632791511,-0.10272632791511,0.486355798277053
1,"SS","Tavon Wilson",2534830,6,0,0,-0.636409444774562,-0.781055276117082,-0.130175879352847,-0.130175879352847,0.41537510099149
1,"OLB","Malcolm Smith",2499278,6,0,0,-0.647401232685948,-0.792047064028468,-0.132007844004745,-0.132007844004745,0.312866311455185
1,"LB","Austin Calitro",2558925,8,0,0,-0.674916722921443,-0.867777831378137,-0.108472228922267,-0.108472228922267,0.286198776431903
1,"FS","Mike Mitchell",238227,5,0,0,-0.681980157360311,-0.802518350145745,-0.160503670029149,-0.160503670029149,-0.0564873780885756
1,"FS","Jimmie Ward",2543741,4,0,0,-0.703290728213788,-0.799721282442135,-0.199930320610534,-0.199930320610534,0.214092161343636
1,"CB","Desmond Trufant",2539334,15,0,0,-0.717164005405326,-1.07877858376163,-0.0719185722507752,-0.0719185722507752,0.427538886365981
1,"OLB","Telvin Smith",2543711,25,0,0,-0.717599577296384,-1.32029054122355,-0.0528116216489421,-0.0528116216489421,0.246660021019676
1,"SS","Kentrell Brice",2556480,9,0,0,-0.744807148528637,-0.961775895542418,-0.106863988393602,-0.106863988393602,0.14344020087833
1,"CB","Patrick Peterson",2495504,19,0,0,-0.752641162197326,-1.21068629478197,-0.0637203313043144,-0.0637203313043144,0.0301950135914182
1,"FS","Adrian Amos",2552385,21,0,0,-0.768855932257571,-1.27511634195639,-0.0607198258074473,-0.0607198258074473,-0.0272495864445349
1,"OLB","Kiko Alonso",2539935,23,0,0,-0.786510095483079,-1.34098578229607,-0.0583037296650467,-0.0583037296650467,0.205623574780421
1,"OLB","Jamie Collins",2539311,32,0,0,-0.87878906315763,-1.65023349698441,-0.0515697967807627,-0.0515697967807627,0.143922666457559
1,"ILB","Christian Jones",2550572,7,0,0,-0.883928540428262,-1.05268201032787,-0.150383144332553,-0.150383144332553,-0.134579612788791
1,"CB","Joe Haden",496733,12,0,0,-0.889661189891955,-1.178952852577,-0.098246071048083,-0.098246071048083,0.273211538576913
1,"LB","Rashaan Evans",2560718,4,0,0,-0.944474453205937,-1.04090500743428,-0.260226251858571,-0.260226251858571,0.700020196640293
1,"OLB","Ben Gedeon",2558033,7,0,0,-0.975921084603028,-1.14467455450264,-0.163524936357519,-0.163524936357519,0.0562981387674449
1,"FS","Glover Quin",71441,10,0,0,-0.997104945741043,-1.23818133131191,-0.123818133131191,-0.123818133131191,0.0785174877698939
1,"OLB","Leonard Floyd",2555285,7,0,0,-1.00572120935221,-1.17447467925181,-0.167782097035973,-0.167782097035973,0.253220953076146
1,"CB","Brandon Carr",4365,13,0,0,-1.0484298873037,-1.36182918854583,-0.104756091426602,-0.104756091426602,0.327773251367979
1,"LB","Raekwon McMillan",2558070,19,0,0,-1.06613125825044,-1.52417639083509,-0.0802198100439523,-0.0802198100439523,0.400948152616767
1,"ILB","Reggie Ragland",2555169,6,0,0,-1.07512030090226,-1.21976613224478,-0.20329435537413,-0.20329435537413,0.528976352258202
1,"CB","Richard Sherman",2495507,10,0,0,-1.09819129146678,-1.33926767703765,-0.133926767703765,-0.133926767703765,0.307532441652076
1,"OLB","Neville Hewitt",2553657,6,0,0,-1.10850530378331,-1.25315113512583,-0.208858522520971,-0.208858522520971,0.603233214811855
1,"ILB","Haason Reddick",2557887,12,0,0,-1.1742712565003,-1.46356291918534,-0.121963576598779,-0.121963576598779,0.254866912444995
1,"FS","Marcus Maye",2557995,4,0,0,-1.27844033884035,-1.3748708930687,-0.343717723267174,-0.343717723267174,0.399810140827793
1,"SS","Jeff Heath",2541832,11,0,0,-1.28159772593812,-1.54678175006608,-0.14061652273328,-0.14061652273328,0.424754792647081
1,"CB","Dre Kirkpatrick",2533060,15,0,0,-1.28783452330793,-1.64944910166423,-0.109963273444282,-0.109963273444282,0.209233109970973
1,"CB","Bobby McCain",2552434,19,0,0,-1.29552764584274,-1.75357277842739,-0.0922933041277574,-0.0922933041277574,0.260944612520971
1,"CB","Tyler Patmon",2550659,4,0,0,-1.31164006987695,-1.4080706241053,-0.352017656026324,-0.352017656026324,0.519990666773062
1,"SS","Erik Harris",2555568,7,0,0,-1.31457946650861,-1.48333293640822,-0.211904705201174,-0.211904705201174,0.513150865382221
1,"FS","Lamarcus Joyner",2543492,11,0,0,-1.32795570246515,-1.5931397265931,-0.144830884235736,-0.144830884235736,0.285433764015015
1,"CB","Malcolm Butler",2550613,11,0,0,-1.37096590783466,-1.63614993196261,-0.148740902905692,-0.148740902905692,0.231562635093421
1,"FS","Jordan Poyer",2539290,8,0,0,-1.37202713526063,-1.56488824371732,-0.195611030464665,-0.195611030464665,0.730114482809165
1,"SS","Jahleel Addae",2541958,8,0,0,-1.37616705312783,-1.56902816158452,-0.196128520198066,-0.196128520198066,0.275940306651379
1,"CB","Avonte Maddox",2560795,8,0,0,-1.43376689806185,-1.62662800651854,-0.203328500814818,-0.203328500814818,0.0455833944566353
1,"CB","T.J. Carrie",2550164,20,0,0,-1.44219221519245,-1.92434498633419,-0.0962172493167095,-0.0962172493167095,0.0975707499199762
1,"CB","Captain Munnerlyn",80668,10,0,0,-1.46276340082696,-1.70383978639783,-0.170383978639783,-0.170383978639783,0.112487141320036
1,"CB","Kyle Fuller",2543681,27,0,0,-1.48641521042351,-2.13732145146485,-0.0791600537579574,-0.0791600537579574,-0.0904102662216025
1,"CB","Aaron Colvin",2543501,5,0,0,-1.5049750930792,-1.62551328586463,-0.325102657172926,-0.325102657172926,0.484897603405337
1,"DB","Jordan Whitehead",2560930,18,0,0,-1.51015977134567,-1.94409726537323,-0.108005403631846,-0.108005403631846,0.04425220395349
1,"CB","Phillip Gaines",2543851,6,0,0,-1.51856720052969,-1.66321303187221,-0.277202171978702,-0.277202171978702,0.36520366599862
1,"CB","Ronald Darby",2552689,15,0,0,-1.53033700384076,-1.89195158219706,-0.126130105479804,-0.126130105479804,0.462942791880411
1,"MLB","Hardy Nickerson",2558982,12,0,0,-1.533700794284,-1.82299245696905,-0.151916038080754,-0.151916038080754,0.470585299835203
1,"FS","Clayton Geathers",2552386,19,0,0,-1.55652977186401,-2.01457490444866,-0.106030258128877,-0.106030258128877,0.293542801841478
1,"SS","Jordan Richards",2552392,8,0,0,-1.56971354376851,-1.7625746522252,-0.22032183152815,-0.22032183152815,0.254061716708408
1,"CB","Tramaine Brock",2507917,7,0,0,-1.58509360132759,-1.7538470712272,-0.250549581603885,-0.250549581603885,0.263440430100797
1,"FS","Harrison Smith",2532948,13,0,0,-1.62327424977432,-1.93667355101644,-0.148974888539726,-0.148974888539726,0.226848979928801
1,"CB","Jalen Ramsey",2555280,18,0,0,-1.64230776304289,-2.07624525707045,-0.115346958726136,-0.115346958726136,0.519725752258686
1,"CB","Shareece Wright",2495251,12,0,0,-1.65275203919298,-1.94204370187802,-0.161836975156502,-0.161836975156502,0.255485021569697
1,"FS","Marcus Gilchrist",2495153,17,0,0,-1.65276605187126,-2.06259590734174,-0.121329171020102,-0.121329171020102,0.307686275766946
1,"CB","Tre Flowers",2560728,21,0,0,-1.66044540141407,-2.16670581111289,-0.103176467195852,-0.103176467195852,0.451384394475216
1,"FS","Xavier Woods",2558159,18,0,0,-1.66909648957681,-2.10303398360437,-0.116835221311354,-0.116835221311354,0.134172549252867
1,"CB","Coty Sensabaugh",2532946,18,0,0,-1.6996613805792,-2.13359887460676,-0.118533270811487,-0.118533270811487,0.228271959706257
1,"CB","Jaire Alexander",2560952,17,0,0,-1.80695745029589,-2.21678730576636,-0.130399253280374,-0.130399253280374,0.0513995504477031
1,"FS","Budda Baker",2558009,20,0,0,-1.80710846874765,-2.28926123988938,-0.114463061994469,-0.114463061994469,0.303618568350642
1,"SS","Quandre Diggs",2552262,17,0,0,-1.85316487575342,-2.2629947312239,-0.133117337130818,-0.133117337130818,0.220552609039265
1,"SS","Patrick Chung",71251,17,0,0,-1.86363028771604,-2.27346014318652,-0.133732949599207,-0.133732949599207,0.18416508203523
1,"FS","Antoine Bethea",2495807,23,0,0,-1.87698241030608,-2.43145809711908,-0.10571556943996,-0.10571556943996,0.38677921074068
1,"SS","Morgan Burnett",496727,9,0,0,-1.88424493961246,-2.10121368662624,-0.233468187402916,-0.233468187402916,0.228028261297241
1,"CB","Sam Shields",1037374,11,0,0,-1.95116811569503,-2.21635213982298,-0.201486558165726,-0.201486558165726,0.137641730458678
1,"CB","Orlando Scandrick",2307,13,0,0,-1.99631493556239,-2.30971423680452,-0.17767032590804,-0.17767032590804,0.0883166281188795
1,"SS","Eric Reid",2540152,17,0,0,-1.99832178153314,-2.40815163700362,-0.141655978647272,-0.141655978647272,0.339684019160679
1,"CB","Eli Apple",2555277,27,0,0,-2.00416557359704,-2.65507181463838,-0.098335993134755,-0.098335993134755,0.25314062940869
1,"CB","Josh Jackson",2560755,11,0,0,-2.11104196596253,-2.37622599009048,-0.21602054455368,-0.21602054455368,-0.134432404903915
1,"CB","Shaquill Griffin",2558259,14,0,0,-2.16691571617662,-2.50442265597583,-0.178887332569702,-0.178887332569702,0.44394480133613
1,"LB","Foye Oluokun",2561132,11,0,0,-2.17920618566947,-2.44439020979742,-0.222217291799765,-0.222217291799765,0.0323514541739146
1,"CB","William Jackson",2556367,7,0,0,-2.19324716228656,-2.36200063218616,-0.337428661740881,-0.337428661740881,0.0632116286063744
1,"CB","Chris Harris",2530510,5,0,0,-2.23911773857268,-2.35965593135812,-0.471931186271623,-0.471931186271623,0.0550982917863488
1,"S","Jessie Bates",2560970,13,0,0,-2.28015034349342,-2.59354964473555,-0.199503818825811,-0.199503818825811,0.363853276443262
1,"LB","Fred Warner",2560917,29,0,0,-2.29046153422452,-2.98958305238004,-0.103089070771725,-0.103089070771725,0.17496145493138
1,"CB","Xavier Rhodes",2540155,12,0,0,-2.43352127613276,-2.7228129388178,-0.226901078234817,-0.226901078234817,0.235836043889452
1,"FS","Chuck Clark",2558248,5,0,0,-2.47600669251522,-2.59654488530065,-0.51930897706013,-0.51930897706013,0.451212895389121
1,"CB","Janoris Jenkins",2532875,25,0,0,-2.56273497639141,-3.16542594031858,-0.126617037612743,-0.126617037612743,0.214194384781498
1,"SS","Marqui Christian",2556277,11,0,0,-2.62900868666744,-2.8941927107954,-0.263108428254127,-0.263108428254127,0.096731513181703
1,"FS","Ron Parker",2530794,16,0,0,-2.77816792761366,-3.16389014452705,-0.197743134032941,-0.197743134032941,0.396973365721049
1,"CB","Prince Amukamara",2495108,16,0,0,-2.79342933675528,-3.17915155366867,-0.198696972104292,-0.198696972104292,0.3148016137682
1,"CB","Carlton Davis",2561039,12,0,0,-2.90600647808329,-3.19529814076833,-0.266274845064028,-0.266274845064028,0.385960265606583
1,"CB","Mike Hilton",2556559,18,0,0,-3.03861262066686,-3.47255011469442,-0.192919450816357,-0.192919450816357,0.179519203680279
1,"MLB","Anthony Hitchens",2543592,28,0,0,-3.14651018276564,-3.82152406236407,-0.136483002227288,-0.136483002227288,0.173843277001538
1,"CB","Morris Claiborne",2533059,13,0,0,-3.174624753648,-3.48802405489013,-0.268309542683856,-0.268309542683856,0.159998086623193
1,"CB","Damarious Randall",2552389,22,0,0,-3.54408533804233,-4.07445338629823,-0.18520242664992,-0.18520242664992,0.542687771623696
1,"FS","Eric Murray",2555173,11,0,0,-4.05124256755193,-4.31642659167989,-0.392402417425444,-0.392402417425444,0.161834401986049
1,"S","Isaiah Johnson",2556567,9,0,0,-4.09553890549156,-4.31250765250534,-0.479167516945038,-0.479167516945038,0.719258627859046
1,"CB","Xavien Howard",2555539,9,0,0,-7.07142789794723,-7.28839664496101,-0.809821849440112,-0.809821849440112,0.113960056196802
0,"SS","Eddie Pleasant",2532928,6,0,0,3.26944966738706,3.12480383604454,0.520800639340757,0.520800639340757,0.139364428750195
0,"LB","Kyzir White",2560928,5,0,0,3.12553326600688,3.00499507322145,0.600999014644289,0.600999014644289,0.0247033258416666
0,"CB","Quinton Dunbar",2553796,14,0,0,2.62754217135856,2.29003523155935,0.163573945111382,0.163573945111382,0.165170667295082
0,"FS","Rodney McLeod",2534832,5,0,0,1.83071083680726,1.71017264402183,0.342034528804366,0.342034528804366,0.307397343318006
0,"CB","Neiko Thorpe",2534846,1,0,0,1.70499609133073,1.68088845277364,1.68088845277364,1.68088845277364,1.73561102875607
0,"FS","Earl Thomas",2508080,4,0,0,1.62565764174229,1.52922708751395,0.382306771878486,0.382306771878486,0.633403958005435
0,"MLB","Zach Vigil",2553687,3,0,0,1.41787774173387,1.34555482606261,0.448518275354204,0.448518275354204,0.147667072214144
0,"DB","Tracy Walker",2560913,3,0,0,1.40759851424604,1.33527559857478,0.445091866191592,0.445091866191592,0.39078683655949
0,"CB","Vernon Hargreaves III",2555299,1,0,0,1.33154626992161,1.30743863136452,1.30743863136452,1.30743863136452,0.707990791863602
0,"CB","Tony McRae",2556817,4,0,0,1.30096095683427,1.20453040260592,0.301132600651481,0.301132600651481,0.0978560532217275
0,"CB","Akeem King",2553456,3,0,0,1.12072372809467,1.04840081242341,0.349466937474468,0.349466937474468,1.00131412326854
0,"SS","Matthias Farley",2556429,8,0,0,1.11895472930927,0.926093620852578,0.115761702606572,0.115761702606572,0.816566284250803
0,"CB","David Amerson",2540170,10,0,0,1.08330197290258,0.842225587331712,0.0842225587331712,0.0842225587331712,0.235031494363745
0,"OLB","Matt Judon",2555505,4,0,0,1.06765530784285,0.9712247536145,0.242806188403625,0.242806188403625,-0.049794078398204
0,"SS","Shamarko Thomas",2539937,1,0,0,1.01326692113801,0.989159282580921,0.989159282580921,0.989159282580921,1.62294394279989
0,"LB","Tanner Vallejo",2558289,5,0,0,0.968066567218775,0.847528374433341,0.169505674886668,0.169505674886668,0.888230746490257
0,"ILB","Ramik Wilson",2552320,5,0,0,0.941899188902554,0.82136099611712,0.164272199223424,0.164272199223424,0.0227876720904692
0,"CB","Ryan Lewis",2559208,8,0,0,0.881437231234017,0.688576122777323,0.0860720153471654,0.0860720153471654,0.137810320816006
0,"ILB","Derrick Johnson",2506353,3,0,0,0.859022894156941,0.786699978485681,0.262233326161894,0.262233326161894,-0.167713009455588
0,"SS","Chris Banjo",2541192,2,0,0,0.854114041359622,0.805898764245448,0.402949382122724,0.402949382122724,0.577532560105288
0,"CB","Holton Hill",2560741,1,0,0,0.814850600207728,0.790742961650642,0.790742961650642,0.790742961650642,-0.285993638949584
0,"LB","Jason Cabinda",2560986,4,0,0,0.809746854601539,0.713316300373192,0.178329075093298,0.178329075093298,0.151856678948326
0,"CB","Derrick Jones",2558819,2,0,0,0.794431123009133,0.746215845894959,0.37310792294748,0.37310792294748,0.0793330205448715
0,"ILB","Kamalei Correa",2555339,4,0,0,0.786129937579489,0.689699383351142,0.172424845837786,0.172424845837786,0.822657995144601
0,"SS","Rayshawn Jenkins",2558182,4,0,0,0.71566094030101,0.619230386072663,0.154807596518166,0.154807596518166,0.225637403889732
0,"CB","KeiVarae Russell",2555547,3,0,0,0.61964747345314,0.547324557781879,0.182441519260626,0.182441519260626,0.0594990978801561
0,"OLB","Jordan Jenkins",2555256,4,0,0,0.60516014091477,0.508729586686423,0.127182396671606,0.127182396671606,0.625244189505941
0,"SS","Deon Bush",2555155,4,0,0,0.593673659940143,0.497243105711796,0.124310776427949,0.124310776427949,0.502920221174906
0,"S","Brandon Wilson",2558786,2,0,0,0.528116124678551,0.479900847564378,0.239950423782189,0.239950423782189,0.445237881395109
0,"CB","Mike Hughes",2560746,4,0,0,0.515597240591252,0.419166686362905,0.104791671590726,0.104791671590726,0.224529195122147
0,"OLB","Kyler Fackrell",2555340,2,0,0,0.51552081888431,0.467305541770137,0.233652770885068,0.233652770885068,1.29344511926872
0,"OLB","Tyus Bowser",2558166,1,0,0,0.514927209683274,0.490819571126188,0.490819571126188,0.490819571126188,0.0376034402802719
0,"DB","Rashaan Gaulden",2560775,1,0,0,0.45105213648591,0.426944497928824,0.426944497928824,0.426944497928824,0.0597469443164157
0,"ILB","Bruce Carter",2495136,3,0,0,0.445097967960716,0.372775052289456,0.124258350763152,0.124258350763152,-0.13051608316035
0,"CB","Cornell Armstrong",2561147,2,0,0,0.438117286340599,0.389902009226425,0.194951004613213,0.194951004613213,-0.24424522535443
0,"CB","Cordrea Tankersley",2557931,2,0,0,0.424438218615255,0.376222941501082,0.188111470750541,0.188111470750541,0.298563875325764
0,"ILB","Antonio Morrison",2555160,6,0,0,0.412405982556034,0.267760151213513,0.0446266918689189,0.0446266918689189,-0.00767844040297408
0,"LB","Leon Jacobs",2560758,1,0,0,0.411580219184327,0.387472580627241,0.387472580627241,0.387472580627241,1.04096579670345
0,"LB","Frankie Luvu",2561366,2,0,0,0.367642549316758,0.319427272202584,0.159713636101292,0.159713636101292,-0.391350673268472
0,"ILB","Joe Thomas",2550262,2,0,0,0.364759370596008,0.316544093481834,0.158272046740917,0.158272046740917,0.0251061709919225
0,"SS","Blake Countess",2556374,1,0,0,0.360935355260804,0.336827716703717,0.336827716703717,0.336827716703717,0.209393999150185
0,"CB","Leonard Johnson",2532878,2,0,0,0.349557354795086,0.301342077680913,0.150671038840456,0.150671038840456,0.672775399735129
0,"OLB","Devante Bond",2555307,1,0,0,0.346362644897,0.322255006339913,0.322255006339913,0.322255006339913,0.899268177715415
0,"CB","Chandon Sullivan",2560887,2,0,0,0.346231658795127,0.298016381680953,0.149008190840477,0.149008190840477,0.334180328643794
0,"CB","Chris Milton",2556394,2,0,0,0.341397117800099,0.293181840685926,0.146590920342963,0.146590920342963,-0.025876396106952
0,"DE","Romeo Okwara",2556641,1,0,0,0.332170231288409,0.308062592731322,0.308062592731322,0.308062592731322,-0.228208781147641
0,"OLB","Brian Orakpo",71423,2,0,0,0.329915754698273,0.2817004775841,0.14085023879205,0.14085023879205,0.433105909721811
0,"FS","Ibraheim Campbell",2552605,3,0,0,0.328971416410858,0.256648500739598,0.0855495002465325,0.0855495002465325,0.441966937423352
0,"ILB","Sean Lee",496937,3,0,0,0.318740622185393,0.246417706514133,0.0821392355047111,0.0821392355047111,0.161386106132974
0,"FS","Jordan Lucas",2555542,4,0,0,0.296968448831672,0.200537894603325,0.0501344736508312,0.0501344736508312,0.284540307340413
0,"CB","Darius Phillips",2560839,3,0,0,0.29566663866416,0.2233437229929,0.0744479076642999,0.0744479076642999,0.275450653434399
0,"ILB","Ukeme Eligwe",2558097,2,0,0,0.28450390718471,0.236288630070536,0.118144315035268,0.118144315035268,0.121937163813796
0,"CB","Teez Tabor",2557955,6,0,0,0.283906457280736,0.139260625938215,0.0232101043230358,0.0232101043230358,-0.0469347165564256
0,"OLB","Derrick Morgan",496828,2,0,0,0.277798667030028,0.229583389915854,0.114791694957927,0.114791694957927,0.622539927743469
0,"MLB","Kentrell Brothers",2555168,1,0,0,0.267186338752409,0.243078700195322,0.243078700195322,0.243078700195322,-0.248738228450822
0,"LB","Genard Avery",2560964,2,0,0,0.266872470242215,0.218657193128042,0.109328596564021,0.109328596564021,0.284540164332898
0,"OLB","Bud Dupree",2552289,2,0,0,0.26673845520066,0.218523178086486,0.109261589043243,0.109261589043243,0.297901603564846
0,"FS","Adrian Colbert",2558857,2,0,0,0.266072073943336,0.217856796829162,0.108928398414581,0.108928398414581,1.12904756173426
0,"LB","Shaun Dion Hamilton",2561003,1,0,0,0.258498979641576,0.23439134108449,0.23439134108449,0.23439134108449,-0.625898778441973
0,"SS","Kavon Frazier",2555536,7,0,0,0.257056378990401,0.088302909090794,0.0126147012986849,0.0126147012986849,-0.0142658652362923
0,"OLB","Terrell Suggs",2505660,3,0,0,0.251063554949146,0.178740639277886,0.0595802130926286,0.0595802130926286,0.178533033511159
0,"WR","Tremon Smith",2561103,1,0,0,0.238018753053866,0.213911114496779,0.213911114496779,0.213911114496779,-0.490753220970625
0,"OLB","Sharif Finch",2561328,2,0,0,0.233369080244202,0.185153803130029,0.0925769015650143,0.0925769015650143,0.107498855198755
0,"MLB","Hayes Pullard",2552313,3,0,0,0.221930948227682,0.149608032556422,0.0498693441854741,0.0498693441854741,0.0392663385532623
0,"OLB","Clay Matthews",80431,2,0,0,0.215223580865036,0.167008303750862,0.083504151875431,0.083504151875431,0.805151007755194
0,"CB","Marcus Cooper",2541202,1,0,0,0.203685270727973,0.179577632170886,0.179577632170886,0.179577632170886,-0.196297285733184
0,"CB","Marcus Williams",2550605,2,0,0,0.201410369370403,0.153195092256229,0.0765975461281146,0.0765975461281146,0.0882124549881505
0,"DB","Su'a Cravens",2555345,2,0,0,0.195237084560778,0.147021807446604,0.0735109037233021,0.0735109037233021,-0.03967893523384
0,"CB","Lenzy Pipkins",2558988,1,0,0,0.190054553606138,0.165946915049051,0.165946915049051,0.165946915049051,0.267945825820422
0,"ILB","Will Compton",2540013,1,0,0,0.186970811825959,0.162863173268872,0.162863173268872,0.162863173268872,-0.24097915098935
0,"ILB","Daren Bates",2541539,1,0,0,0.176812999136896,0.152705360579809,0.152705360579809,0.152705360579809,-0.190233881310038
0,"CB","Artie Burns",2555344,6,0,0,0.176540182818583,0.0318943514760626,0.00531572524601043,0.00531572524601043,0.144183395446244
0,"DB","Tyvis Powell",2556655,1,0,0,0.169959328442196,0.145851689885109,0.145851689885109,0.145851689885109,-0.0970113296519389
0,"ILB","Nick Kwiatkoski",2555288,3,0,0,0.166522765223368,0.0941998495521079,0.0313999498507026,0.0313999498507026,0.223114786917463
0,"CB","De'Vante Harris",2556833,2,0,0,0.164129092347372,0.115913815233199,0.0579569076165995,0.0579569076165995,-0.045566801760714
0,"S","Rudy Ford",2558174,1,0,0,0.149132637279826,0.125024998722739,0.125024998722739,0.125024998722739,0.196030601616029
0,"ILB","Tyler Matakevich",2555171,1,0,0,0.147136564892982,0.123028926335896,0.123028926335896,0.123028926335896,-0.114322047982114
0,"CB","Lafayette Pitts",2556652,1,0,0,0.140983879310766,0.116876240753679,0.116876240753679,0.116876240753679,0.107122948007767
0,"OLB","Jalen Reeves-Maybin",2557924,1,0,0,0.137572468933757,0.11346483037667,0.11346483037667,0.11346483037667,-0.27700928739714
0,"CB","Jalen Davis",2561316,1,0,0,0.134845481129426,0.110737842572339,0.110737842572339,0.110737842572339,0.106534104747218
0,"OLB","Ramon Humber",2507644,1,0,0,0.134656991039975,0.110549352482888,0.110549352482888,0.110549352482888,-0.38903252734227
0,"LB","Joel Iyiegbuniwe",2560750,1,0,0,0.134520356310003,0.110412717752916,0.110412717752916,0.110412717752916,0.0938638373120812
0,"FS","Rontez Miles",2540287,1,0,0,0.127693267830898,0.103585629273811,0.103585629273811,0.103585629273811,-0.0793992668312434
0,"DB","Justin Hardee",2559181,3,0,0,0.125024749568087,0.0527018338968265,0.0175672779656088,0.0175672779656088,-0.0640197447638125
0,"FS","J.J. Wilcox",2540219,1,0,0,0.120349908758935,0.0962422702018486,0.0962422702018486,0.0962422702018486,-1.02013515476472
0,"LB","Duke Ejiofor",2560714,2,0,0,0.116140300038189,0.0679250229240156,0.0339625114620078,0.0339625114620078,0.285140638532671
0,"CB","Kenneth Durden",2556798,1,0,0,0.115520237687649,0.0914125991305619,0.0914125991305619,0.0914125991305619,0.196210820780814
0,"OLB","Devon Kennard",2543869,2,0,0,0.115035375836074,0.0668200987219006,0.0334100493609503,0.0334100493609503,0.106031371581689
0,"LB","Nicholas Grigsby",2556542,2,0,0,0.108206423964092,0.059991146849918,0.029995573424959,0.029995573424959,0.338472199234504
0,"MLB","Mark Nzeocha",2552684,1,0,0,0.102396466212315,0.0782888276552278,0.0782888276552278,0.0782888276552278,-0.119392581387273
0,"LB","Andre Smith",2560875,1,0,0,0.102330986627137,0.0782233480700503,0.0782233480700503,0.0782233480700503,-0.198308413163996
0,"LB","Peter Kalambayi",2560774,1,0,0,0.101048618260438,0.076940979703351,0.076940979703351,0.076940979703351,0.410747548724007
0,"LB","Nate Gerry",2558175,4,0,0,0.0955726326134303,-0.000857921614916712,-0.000214480403729178,-0.000214480403729178,0.615243848918469
0,"FS","George Odum",2561131,5,0,0,0.0944060406558737,-0.0261321521295601,-0.00522643042591202,-0.00522643042591202,0.933916543543469
0,"LB","Ben Niemann",2561383,1,0,0,0.0918077787091699,0.0677001401520831,0.0677001401520831,0.0677001401520831,0.0586215628614297
0,"ILB","Brian Peters",2552730,2,0,0,0.0907766350744271,0.0425613579602536,0.0212806789801268,0.0212806789801268,0.0924654314011605
0,"CB","Josh Shaw",2552259,3,0,0,0.0858609140993549,0.0135379984280947,0.00451266614269822,0.00451266614269822,0.192363124682733
0,"DB","Dane Cruikshank",2561033,1,0,0,0.0676081365895135,0.0435004980324268,0.0435004980324268,0.0435004980324268,-0.483130373132147
0,"OLB","Samson Ebukam",2558830,1,0,0,0.055140204861843,0.0310325663047562,0.0310325663047562,0.0310325663047562,-0.0466899244708381
0,"ILB","Nate Stupar",2533459,3,0,0,0.0532405028449285,-0.0190824128263317,-0.00636080427544391,-0.00636080427544391,0.0498481264570879
0,"SS","Jayron Kearse",2555156,8,0,0,0.0486677464424048,-0.144193362014289,-0.0180241702517862,-0.0180241702517862,0.036241222381427
0,"CB","E.J. Gaines",2543823,3,0,0,0.0481558321510692,-0.024167083520191,-0.00805569450673035,-0.00805569450673035,0.687188245614057
0,"CB","Patrick Robinson",2508084,1,0,0,0.0465137509942244,0.0224061124371376,0.0224061124371376,0.0224061124371376,-0.049876761322056
0,"ILB","Bryce Hager",2552307,1,0,0,0.0393845568673255,0.0152769183102388,0.0152769183102388,0.0152769183102388,-0.237377594823065
0,"MLB","Manti Te'o",2539277,6,0,0,0.0392059219978789,-0.105439909344642,-0.0175733182241069,-0.0175733182241069,-0.0207390507303465
0,"LB","Corey Thompson",2561107,1,0,0,0.0284241564318524,0.0043165178747657,0.0043165178747657,0.0043165178747657,0.0444505224984551
0,"SS","Ricardo Allen",2543850,6,0,0,0.0267870928911458,-0.117858738451375,-0.0196431230752291,-0.0196431230752291,0.161523199787368
0,"LB","Ja'Whaun Bentley",2561143,2,0,0,0.0233254495339907,-0.0248898275801828,-0.0124449137900914,-0.0124449137900914,0.000244359721409501
0,"MLB","David Mayo",2553441,1,0,0,0.0217746588782131,-0.00233297967887364,-0.00233297967887364,-0.00233297967887364,0.153082026366429
0,"CB","Jamal Agnew",2558821,1,0,0,0.0141511669184889,-0.00995647163859787,-0.00995647163859787,-0.00995647163859787,-0.0836065297519255
0,"FS","Jermaine Whitehead",2552697,5,0,0,0.00467257105219565,-0.115865621733238,-0.0231731243466476,-0.0231731243466476,0.197807714718294
0,"OLB","Anthony Chickillo",2552266,1,0,0,-0.00521244078295785,-0.0293200793400446,-0.0293200793400446,-0.0293200793400446,0.30375425910075
0,"CB","Tavierre Thomas",2561278,1,0,0,-0.0164173815664218,-0.0405250201235086,-0.0405250201235086,-0.0405250201235086,0.316181305407694
0,"SS","Nat Berhe",2543643,1,0,0,-0.0177814875877585,-0.0418891261448453,-0.0418891261448453,-0.0418891261448453,1.77139389124318
0,"CB","Dominique Rodgers-Cromartie",306,2,0,0,-0.0215416765714681,-0.0697569536856416,-0.0348784768428208,-0.0348784768428208,-0.0333475633552565
0,"CB","Dexter McDougle",2543608,2,0,0,-0.0274361700765082,-0.0756514471906817,-0.0378257235953409,-0.0378257235953409,0.12633251312165
0,"CB","Deante Burton",2559109,1,0,0,-0.0317661548535013,-0.0558737934105881,-0.0558737934105881,-0.0558737934105881,0.0640119771340082
0,"OLB","Najee Goode",2533016,1,0,0,-0.0328806877723578,-0.0569883263294445,-0.0569883263294445,-0.0569883263294445,0.588524764898929
0,"OLB","Preston Smith",2552276,3,0,0,-0.0644988719584046,-0.136821787629665,-0.0456072625432216,-0.0456072625432216,-0.0663925032241625
0,"OLB","Kyle Wilber",2532974,1,0,0,-0.0658492006333869,-0.0899568391904736,-0.0899568391904736,-0.0899568391904736,-0.105672960172025
0,"CB","Davon House",2495170,2,0,0,-0.0744744312775723,-0.122689708391746,-0.0613448541958729,-0.0613448541958729,0.285507774798583
0,"SS","Deshazor Everett",2553710,1,0,0,-0.0871692371334827,-0.111276875690569,-0.111276875690569,-0.111276875690569,0.0999223451540395
0,"SS","Jarrod Wilson",2556711,3,0,0,-0.0874101723709415,-0.159733088042202,-0.0532443626807339,-0.0532443626807339,-0.144988816662344
0,"OLB","Emmanuel Lamur",2536032,1,0,0,-0.0939244052927288,-0.118032043849816,-0.118032043849816,-0.118032043849816,-0.198618188488175
0,"LB","Jermaine Carter",2561093,3,0,0,-0.097012075081068,-0.169334990752328,-0.0564449969174428,-0.0564449969174428,0.563018182369693
0,"CB","Arthur Maulet",2559087,2,0,0,-0.0973045221264123,-0.145519799240586,-0.0727598996202929,-0.0727598996202929,0.317038890130266
0,"OLB","Nick Perry",2533048,1,0,0,-0.105351888607443,-0.129459527164529,-0.129459527164529,-0.129459527164529,-0.429473633819423
0,"ILB","Matthew Adams",2561149,3,0,0,-0.112684570184923,-0.185007485856183,-0.061669161952061,-0.061669161952061,0.807513754544055
0,"SS","Da'Norris Searcy",2495339,1,0,0,-0.124860213298996,-0.148967851856083,-0.148967851856083,-0.148967851856083,1.38524959553603
0,"LB","Nick DeLuca",2561042,1,0,0,-0.131697603043338,-0.155805241600425,-0.155805241600425,-0.155805241600425,1.03506061479687
0,"DE","Justin Houston",2495493,2,0,0,-0.133069472232525,-0.181284749346698,-0.0906423746733491,-0.0906423746733491,0.936408885708473
0,"SS","Chris Conte",2495272,4,0,0,-0.13802180340135,-0.234452357629697,-0.0586130894074242,-0.0586130894074242,0.628031969387497
0,"OLB","Craig Robertson",2532431,1,0,0,-0.157478830102901,-0.181586468659988,-0.181586468659988,-0.181586468659988,2.08315553291123
0,"DB","Dean Marlowe",2553562,2,0,0,-0.16959900643034,-0.217814283544514,-0.108907141772257,-0.108907141772257,0.793980472808
0,"MLB","Mike Hull",2552317,1,0,0,-0.169929060200001,-0.194036698757088,-0.194036698757088,-0.194036698757088,-0.390495941875394
0,"CB","DeVante Bausby",2553790,2,0,0,-0.184810920788503,-0.233026197902677,-0.116513098951338,-0.116513098951338,0.10403062591522
0,"CB","Tony Lippett",2552427,3,0,0,-0.185534580196578,-0.257857495867839,-0.0859524986226129,-0.0859524986226129,0.0527144279079863
0,"OLB","Za'Darius Smith",2552279,1,0,0,-0.189532382790402,-0.213640021347489,-0.213640021347489,-0.213640021347489,0.374234059939794
0,"ILB","Kevin Pierre-Louis",2543563,1,0,0,-0.193761392943528,-0.217869031500614,-0.217869031500614,-0.217869031500614,0.868318879330996
0,"DB","Kevin Toliver",2560901,7,0,0,-0.205049390980793,-0.373802860880401,-0.0534004086972001,-0.0534004086972001,-0.0478806935103738
0,"ILB","Dylan Cole",2559152,4,0,0,-0.23074010967324,-0.327170663901587,-0.0817926659753967,-0.0817926659753967,0.442755738910944
0,"SS","Andrew Sendejo",2525323,3,0,0,-0.242652739018935,-0.314975654690195,-0.104991884896732,-0.104991884896732,0.548859226157812
0,"ILB","Julian Stanford",2535867,2,0,0,-0.246602555939656,-0.29481783305383,-0.147408916526915,-0.147408916526915,0.720400994690288
0,"CB","Cyrus Jones",2555380,2,0,0,-0.250863628808003,-0.299078905922177,-0.149539452961088,-0.149539452961088,0.589270794236326
0,"CB","Brandon Williams",2556371,1,0,0,-0.275394678430742,-0.299502316987829,-0.299502316987829,-0.299502316987829,1.07022453960712
0,"LB","Reggie Gilbert",2556537,2,0,0,-0.294206268199627,-0.3424215453138,-0.1712107726569,-0.1712107726569,0.858545346922433
0,"CB","Marcus Sherels",2508007,1,0,0,-0.301538359265918,-0.325645997823005,-0.325645997823005,-0.325645997823005,-0.00122445518440378
0,"LB","Riley Bullough",2558923,3,0,0,-0.344427703778332,-0.416750619449592,-0.138916873149864,-0.138916873149864,0.00381027724452097
0,"OLB","Vincent Rey",2507843,2,0,0,-0.389935478455042,-0.438150755569215,-0.219075377784608,-0.219075377784608,0.105563668793451
0,"CB","DeShawn Shead",2535609,4,0,0,-0.428194538876255,-0.524625093104602,-0.131156273276151,-0.131156273276151,0.47787677808876
0,"OLB","Brennan Scarlett",2556673,2,0,0,-0.438815588575467,-0.48703086568964,-0.24351543284482,-0.24351543284482,-0.109230975894007
0,"LB","Oren Burks",2560984,1,0,0,-0.492277180973994,-0.516384819531081,-0.516384819531081,-0.516384819531081,-1.255836434256
0,"S","Doug Middleton",2556617,2,0,0,-0.517108864956937,-0.56532414207111,-0.282662071035555,-0.282662071035555,0.542957215956436
0,"S","Maurice Smith",2559058,2,0,0,-0.526739120565096,-0.57495439767927,-0.287477198839635,-0.287477198839635,0.521220478798636
0,"SS","Corey Moore",2553817,1,0,0,-0.549175403246873,-0.57328304180396,-0.57328304180396,-0.57328304180396,0.519924062576925
0,"OLB","Josh Keyes",2553719,1,0,0,-0.594419662511233,-0.61852730106832,-0.61852730106832,-0.61852730106832,0.264422040842225
0,"CB","Quenton Meeks",2560808,2,0,0,-0.631983036971864,-0.680198314086037,-0.340099157043019,-0.340099157043019,-0.653559197203424
0,"OLB","Von Miller",2495202,2,0,0,-0.632584511737536,-0.68079978885171,-0.340399894425855,-0.340399894425855,0.065355632483875
0,"CB","Rashard Robinson",2555546,3,0,0,-0.71571746862458,-0.78804038429584,-0.262680128098613,-0.262680128098613,0.207069159436455
0,"OLB","Kyle Emanuel",2552296,3,0,0,-0.718597032690733,-0.790919948361994,-0.263639982787331,-0.263639982787331,0.279911111616733
0,"CB","Charvarius Ward",2561417,6,0,0,-0.73877374650698,-0.883419577849501,-0.14723659630825,-0.14723659630825,0.367008925627047
0,"CB","Adam Jones",2506345,6,0,0,-0.741562860722342,-0.886208692064863,-0.147701448677477,-0.147701448677477,0.0644605275458006
0,"CB","LeShaun Sims",2555551,2,0,0,-0.803003925957438,-0.851219203071611,-0.425609601535806,-0.425609601535806,0.765323084567539
0,"DB","Tarvarius Moore",2561117,3,0,0,-0.859050047668986,-0.931372963340246,-0.310457654446749,-0.310457654446749,0.516102877157222
0,"FS","Andre Hal",2543874,4,0,0,-0.987013256761182,-1.08344381098953,-0.270860952747382,-0.270860952747382,0.938194632364394
0,"OLB","James Burgess",2556489,2,0,0,-1.14133649852021,-1.18955177563438,-0.594775887817191,-0.594775887817191,0.0635469223064749
0,"SS","Eric Berry",496723,3,0,0,-1.17269195989535,-1.24501487556661,-0.415004958522202,-0.415004958522202,-0.15942933418078
0,"FS","Kendrick Lewis",494277,4,0,0,-1.18295026565313,-1.27938081988148,-0.31984520497037,-0.31984520497037,0.820895080702624
0,"CB","Greg Mabin",2558971,5,0,0,-1.21044797103018,-1.33098616381561,-0.266197232763122,-0.266197232763122,0.534981961976688
0,"DB","Danny Johnson",2560764,7,0,0,-1.21233046811078,-1.38108393801039,-0.197297705430055,-0.197297705430055,0.171162462028782
0,"DB","Isaac Yiadom",2560946,6,0,0,-1.39101643251753,-1.53566226386005,-0.255943710643342,-0.255943710643342,0.361580854852242
0,"DB","Sean Chandler",2561017,3,0,0,-1.42347753123995,-1.49580044691121,-0.498600148970403,-0.498600148970403,-0.264239136097818
0,"FS","Colin Jones",2499257,2,0,0,-1.55399209128325,-1.60220736839742,-0.801103684198711,-0.801103684198711,1.62334032277202
0,"CB","Corn Elder",2558171,2,0,0,-1.57860863111416,-1.62682390822833,-0.813411954114167,-0.813411954114167,0.155467179118646
0,"CB","Kevin King",2557996,5,0,0,-1.62935950584311,-1.74989769862854,-0.349979539725709,-0.349979539725709,0.235136158454337
0,"CB","Cameron Sutton",2558849,5,0,0,-1.63655686742251,-1.75709506020794,-0.351419012041588,-0.351419012041588,0.420134074044002
0,"CB","Jamar Taylor",2539932,13,0,0,-1.68883433200038,-2.0022336332425,-0.154017971787885,-0.154017971787885,0.263235746682799
0,"CB","Kevin Johnson",2552261,4,0,0,-1.89626187584119,-1.99269243006953,-0.498173107517383,-0.498173107517383,0.173776998363157
0,"CB","Isaiah Oliver",2560830,7,0,0,-1.89645501717215,-2.06520848707176,-0.295029783867394,-0.295029783867394,0.0271804353888622
0,"FS","Clayton Fejedelem",2555355,2,0,0,-2.19174088712336,-2.23995616423754,-1.11997808211877,-1.11997808211877,0.612843785887013
0,"CB","Tony Brown",2560982,8,0,0,-2.34006488436124,-2.53292599281793,-0.316615749102241,-0.316615749102241,0.158587969886318
0,"CB","Josh Robinson",2533542,1,0,0,-2.34446606813149,-2.36857370668858,-2.36857370668858,-2.36857370668858,0.310079890742432
0,"DB","Natrell Jamerson",2560759,2,0,0,-2.6321357452364,-2.68035102235057,-1.34017551117529,-1.34017551117529,1.00602778162314
