"qualifying","position","displayName","nflId_def","tackling_opportunities","eps_tackling","eps_per_tackling_opportunity","perc_reduce_yac","FF","Tackles","tackle_perc"
1,"CB","Stephon Gilmore",2533062,25,6.89817165067808,0.275926866027123,0.8,1,17.5,0.7
1,"CB","Josh Norman",2532920,30,5.94527808741131,0.198175936247044,0.6,1,14,0.466666666666667
1,"CB","Darqueze Dennard",2543474,22,5.23390661011996,0.237904845914544,0.681818181818182,1,14,0.636363636363636
1,"CB","Joe Haden",496733,24,4.89891039813201,0.204121266588834,0.791666666666667,0,15,0.625
1,"CB","Shaquill Griffin",2558259,30,4.84132082672561,0.161377360890854,0.733333333333333,0,20.5,0.683333333333333
1,"CB","Aqib Talib",1302,8,4.52058376788261,0.565072970985326,0.5,1,4,0.5
1,"CB","Marshon Lattimore",2558061,30,4.02066210416715,0.134022070138905,0.733333333333333,2,19,0.633333333333333
1,"CB","Terrance Mitchell",2543637,11,3.92585868831729,0.356896244392481,0.636363636363636,1,8.5,0.772727272727273
1,"CB","Denzel Ward",2560916,20,3.51788077674682,0.175894038837341,0.55,1,10.5,0.525
1,"CB","Briean Boddy-Calhoun",2556475,17,3.19671171372565,0.188041865513273,0.588235294117647,0,10.5,0.617647058823529
1,"CB","Tre'Davious White",2557867,14,2.65557440428867,0.189683886020619,0.785714285714286,0,10.5,0.75
1,"CB","Trevor Williams",2556828,15,2.48018931563147,0.165345954375431,0.733333333333333,0,10,0.666666666666667
1,"CB","Orlando Scandrick",2307,18,2.26962739986873,0.126090411103818,0.666666666666667,0,14.5,0.805555555555556
1,"CB","Bobby McCain",2552434,18,2.16728182642596,0.120404545912554,0.666666666666667,0,7.5,0.416666666666667
1,"CB","Anthony Brown",2555531,16,2.08652939344447,0.130408087090279,0.6875,1,10,0.625
1,"CB","A.J. Bouye",2541162,21,2.08157360153463,0.0991225524540299,0.80952380952381,0,19.5,0.928571428571429
1,"CB","Chidobe Awuzie",2557840,34,1.90678073441055,0.0560817863061927,0.705882352941177,0,24.5,0.720588235294118
1,"CB","Byron Jones",2552568,26,1.76537806511659,0.0678991563506382,0.807692307692308,0,19,0.730769230769231
1,"CB","Buster Skrine",2495343,21,1.46108038953009,0.0695752566442902,0.619047619047619,1,15.5,0.738095238095238
1,"CB","Ronald Darby",2552689,17,1.43983636445808,0.0846962567328281,0.705882352941177,0,10.5,0.617647058823529
1,"S","Minkah Fitzpatrick",2560725,16,1.41105954397226,0.0881912214982661,0.5,0,12,0.75
1,"CB","James Bradberry",2555175,29,1.28961184061565,0.0444693738143329,0.724137931034483,0,20.5,0.706896551724138
1,"CB","Nate Hairston",2558108,9,1.10572774253525,0.122858638059473,0.777777777777778,0,3,0.333333333333333
1,"CB","Tramaine Brock",2507917,10,1.03612617436643,0.103612617436643,0.8,0,7,0.7
1,"CB","Richard Sherman",2495507,14,1.02355626496788,0.0731111617834203,0.857142857142857,0,8,0.571428571428571
1,"CB","Chris Harris",2530510,26,0.864517325557287,0.033250666367588,0.653846153846154,0,17.5,0.673076923076923
1,"DB","Isaac Yiadom",2560946,13,0.830140121858066,0.0638569324506205,0.692307692307692,0,6.5,0.5
1,"CB","Casey Hayward",2532861,18,0.73213525405107,0.040674180780615,0.555555555555556,0,8.5,0.472222222222222
1,"CB","Artie Burns",2555344,4,0.701183785721596,0.175295946430399,0.75,0,3,0.75
1,"CB","K'Waun Williams",2550654,7,0.675014771736644,0.0964306816766634,0.714285714285714,0,6,0.857142857142857
1,"FS","Vonn Bell",2555530,10,0.664588417413443,0.0664588417413443,0.8,0,6,0.6
1,"CB","Mike Hilton",2556559,12,0.630294344057981,0.0525245286714984,0.833333333333333,0,6,0.5
1,"CB","Brent Grimes",2506861,15,0.622598226284417,0.0415065484189611,0.666666666666667,0,10,0.666666666666667
1,"CB","Morris Claiborne",2533059,23,0.511532226352594,0.0222405315805476,0.652173913043478,0,13,0.565217391304348
1,"CB","Kareem Jackson",496735,22,0.482996298926027,0.0219543772239103,0.681818181818182,0,13,0.590909090909091
1,"CB","Levi Wallace",2560914,3,0.347710213498502,0.1159034044995,1,0,3,1
1,"LB","Roquan Smith",2560877,19,0.276080210002575,0.0145305373685566,0.421052631578947,0,14.5,0.763157894736842
1,"CB","Avonte Maddox",2560795,8,0.275248194673032,0.034406024334129,0.625,0,6,0.75
1,"CB","Jimmy Smith",2508107,22,0.270240211586533,0.012283645981206,0.318181818181818,0,16,0.727272727272727
1,"CB","Jason McCourty",89756,26,0.189023774307796,0.00727014516568444,0.5,0,20.5,0.788461538461538
1,"CB","Captain Munnerlyn",80668,22,0.163282108243413,0.00742191401106424,0.681818181818182,0,13.5,0.613636363636364
1,"CB","Quincy Wilson",2557961,7,0.141901067060621,0.0202715810086601,0.714285714285714,0,3,0.428571428571429
1,"CB","Malcolm Butler",2550613,30,0.140020122949472,0.00466733743164907,0.533333333333333,1,20.5,0.683333333333333
1,"CB","Dre Kirkpatrick",2533060,22,0.124372540624106,0.00565329730109571,0.5,0,14,0.636363636363636
1,"CB","Brandon Carr",4365,18,0.102011068003556,0.00566728155575309,0.611111111111111,0,14,0.777777777777778
1,"CB","Kyle Fuller",2543681,32,0.0925733226521348,0.00289291633287921,0.71875,0,17,0.53125
1,"CB","Bryce Callahan",2553500,14,0.0809176070479666,0.00577982907485476,0.642857142857143,0,9,0.642857142857143
1,"CB","Jaire Alexander",2560952,20,-0.00284207185714053,-0.000142103592857027,0.7,0,15.5,0.775
1,"CB","Coty Sensabaugh",2532946,18,-0.00314330815305119,-0.000174628230725066,0.722222222222222,0,11.5,0.638888888888889
1,"CB","Patrick Peterson",2495504,11,-0.0421063148076791,-0.0038278468006981,0.545454545454545,0,6,0.545454545454545
1,"CB","Marlon Humphrey",2558067,15,-0.172075784399302,-0.0114717189599534,0.533333333333333,1,9,0.6
1,"CB","Isaiah Oliver",2560830,4,-0.17452133667648,-0.0436303341691199,0.5,0,3.5,0.875
1,"CB","Kenny Moore II",2558976,13,-0.185986882946116,-0.0143066833035474,0.307692307692308,0,11,0.846153846153846
1,"SS","Malcolm Jenkins",79848,13,-0.194222096732919,-0.0149401612871476,0.461538461538462,0,7.5,0.576923076923077
1,"CB","Bene' Benwikere",2543855,14,-0.268210889757165,-0.0191579206969403,0.5,0,9,0.642857142857143
1,"CB","Trae Waynes",2552448,17,-0.2865776144288,-0.0168575067311059,0.588235294117647,0,13.5,0.794117647058823
1,"CB","Mackensie Alexander",2555177,8,-0.30275858047892,-0.037844822559865,0.5,0,2.5,0.3125
1,"CB","Justin Coleman",2553637,11,-0.307599827749975,-0.0279636207045432,0.545454545454545,0,6,0.545454545454545
1,"CB","Janoris Jenkins",2532875,23,-0.324644934424214,-0.0141149971488789,0.652173913043478,0,14.5,0.630434782608696
1,"CB","Trumaine Johnson",2532877,17,-0.35109290496541,-0.0206525238214947,0.705882352941177,0,9,0.529411764705882
1,"CB","Nickell Robey-Coleman",2540197,6,-0.40546709125409,-0.0675778485423484,0.333333333333333,0,5,0.833333333333333
1,"CB","Marcus Peters",2552488,18,-0.412821847711455,-0.0229345470950808,0.444444444444444,0,10.5,0.583333333333333
1,"CB","Rashaan Melvin",2541200,17,-0.442012764470957,-0.0260007508512328,0.588235294117647,0,13.5,0.794117647058823
1,"SS","Patrick Chung",71251,12,-0.448943053391698,-0.0374119211159749,0.5,0,6.5,0.541666666666667
1,"CB","Brian Poole",2556445,18,-0.4857396212376,-0.0269855345132,0.555555555555556,0,12,0.666666666666667
1,"CB","Eli Apple",2555277,29,-0.584941847433074,-0.020170408532175,0.689655172413793,0,19,0.655172413793103
1,"CB","Logan Ryan",2540162,19,-0.613610994012293,-0.0322953154743312,0.473684210526316,0,12.5,0.657894736842105
1,"CB","Desmond King",2557927,11,-0.649717450311482,-0.0590652227555893,0.545454545454545,0,6.5,0.590909090909091
1,"CB","T.J. Carrie",2550164,24,-0.717936621893622,-0.0299140259122343,0.583333333333333,0,17,0.708333333333333
1,"CB","Shareece Wright",2495251,11,-0.750096704168426,-0.0681906094698569,0.363636363636364,0,7.5,0.681818181818182
1,"CB","Ahkello Witherspoon",2558157,14,-0.805836095575719,-0.0575597211125514,0.642857142857143,0,7.5,0.535714285714286
1,"CB","William Jackson",2556367,20,-0.842700162849505,-0.0421350081424752,0.65,0,10.5,0.525
1,"SS","Derwin James",2560760,3,-0.94595103254818,-0.315317010849393,0,0,1,0.333333333333333
1,"CB","Phillip Gaines",2543851,11,-0.959943143742781,-0.087267558522071,0.454545454545455,0,7,0.636363636363636
1,"CB","Jonathan Jones",2556571,12,-0.998358004404497,-0.0831965003670414,0.5,0,7,0.583333333333333
1,"FS","Budda Baker",2558009,14,-1.20308874400276,-0.0859349102859117,0.428571428571429,0,8,0.571428571428571
1,"CB","Daryl Worley",2555394,12,-1.23870020085762,-0.103225016738135,0.583333333333333,0,10,0.833333333333333
1,"CB","Kendall Fuller",2555349,20,-1.25281208361159,-0.0626406041805796,0.55,0,13,0.65
1,"CB","Ken Crawley",2556735,11,-1.37793223494555,-0.125266566813232,0.636363636363636,0,9,0.818181818181818
1,"CB","Adoree' Jackson",2558065,27,-1.4425225402017,-0.0534267607482112,0.740740740740741,0,18,0.666666666666667
1,"CB","Desmond Trufant",2539334,32,-1.46331421919973,-0.0457285693499915,0.5,0,18,0.5625
1,"CB","Jalen Ramsey",2555280,30,-1.47300365640294,-0.049100121880098,0.566666666666667,0,22,0.733333333333333
1,"CB","Darryl Roberts",2553353,15,-1.61971806085539,-0.107981204057026,0.533333333333333,0,7,0.466666666666667
1,"CB","Carlton Davis",2561039,19,-1.63352062235195,-0.0859747695974709,0.789473684210526,0,10,0.526315789473684
1,"CB","Xavien Howard",2555539,13,-1.66819120359318,-0.128322400276398,0.461538461538462,0,7,0.538461538461538
1,"CB","Josh Jackson",2560755,17,-1.67649024142405,-0.0986170730249442,0.647058823529412,0,9.5,0.558823529411765
1,"CB","Johnathan Joseph",2495872,18,-1.75175741501189,-0.0973198563895493,0.666666666666667,0,10,0.555555555555556
1,"CB","Sam Shields",1037374,7,-1.93703922880003,-0.276719889828575,0.285714285714286,0,3,0.428571428571429
1,"CB","Cre'von LeBlanc",2556587,10,-1.95284336674235,-0.195284336674235,0.4,0,5,0.5
1,"CB","B.W. Webb",2539338,26,-2.04606609419773,-0.0786948497768356,0.576923076923077,0,15,0.576923076923077
1,"CB","Donte Jackson",2560753,23,-2.06913217132501,-0.0899622683184785,0.608695652173913,0,14,0.608695652173913
1,"DB","J.C. Jackson",2560754,11,-2.09589838198351,-0.190536216543955,0.272727272727273,0,9.5,0.863636363636364
1,"CB","Mike Ford",2561527,15,-2.10098743784267,-0.140065829189511,0.4,0,11,0.733333333333333
1,"SS","Jamal Adams",2557979,6,-2.11874396833653,-0.353123994722755,0.5,0,5,0.833333333333333
1,"CB","Michael Davis",2559164,24,-2.1899879502485,-0.0912494979270207,0.458333333333333,0,17,0.708333333333333
1,"CB","Darius Slay",2540288,19,-2.22267907639367,-0.116983109283877,0.631578947368421,0,15,0.789473684210526
1,"CB","Pierre Desir",2543811,26,-2.36668778183863,-0.0910264531476396,0.653846153846154,0,18.5,0.711538461538462
1,"CB","Tavon Young",2555378,8,-2.61333018552365,-0.326666273190456,0.5,0,5,0.625
1,"CB","Tramon Williams",2506789,11,-2.77732214270208,-0.252483831154735,0.454545454545455,0,6,0.545454545454545
1,"CB","Steven Nelson",2552265,34,-2.90289484365266,-0.0853792601074311,0.588235294117647,0,25,0.735294117647059
1,"FS","Tyrann Mathieu",2540180,9,-2.97893039478026,-0.330992266086695,0.666666666666667,0,5,0.555555555555556
1,"CB","P.J. Williams",2552484,15,-2.98774689251407,-0.199183126167604,0.533333333333333,0,10,0.666666666666667
1,"CB","Gareon Conley",2558062,16,-3.07115087593291,-0.191946929745807,0.4375,0,8.5,0.53125
1,"DB","Greg Stroman",2560886,8,-3.1215222417738,-0.390190280221725,0.375,0,3.5,0.4375
1,"CB","Xavier Rhodes",2540155,24,-3.30303049889168,-0.137626270787153,0.708333333333333,0,16.5,0.6875
1,"CB","Jalen Mills",2555383,24,-3.56375270666756,-0.148489696111148,0.625,0,11,0.458333333333333
1,"CB","Nevin Lawson",2543872,21,-3.57099744089095,-0.170047497185283,0.571428571428571,0,16.5,0.785714285714286
1,"CB","Prince Amukamara",2495108,35,-3.84900800676256,-0.109971657336073,0.657142857142857,1,23,0.657142857142857
1,"CB","Torry McTyer",2559053,12,-3.8496013276392,-0.3208001106366,0.25,0,7.5,0.625
1,"CB","Ryan Smith",2555552,15,-3.87816554224218,-0.258544369482812,0.533333333333333,1,8,0.533333333333333
1,"ILB","Danny Trevathan",2532961,12,-3.98552962603503,-0.332127468836253,0.333333333333333,0,3.5,0.291666666666667
1,"CB","Robert Alford",2539653,33,-3.99322702785114,-0.121006879631853,0.636363636363636,0,23,0.696969696969697
1,"CB","Rasul Douglas",2558168,23,-4.32447298585401,-0.188020564602348,0.478260869565217,0,13.5,0.58695652173913
1,"CB","Quinton Dunbar",2553796,15,-4.78170049189842,-0.318780032793228,0.466666666666667,0,12.5,0.833333333333333
1,"CB","Grant Haley",2561001,11,-5.46069190318331,-0.496426536653028,0.545454545454545,0,7,0.636363636363636
1,"CB","Fabian Moreau",2558136,16,-6.6521248319718,-0.415757801998238,0.5625,0,8.5,0.53125
1,"CB","Tre Flowers",2560728,21,-8.23673001516909,-0.392225238817576,0.333333333333333,0,14,0.666666666666667
1,"CB","Bradley Roby",2543505,23,-10.2552134305456,-0.44587884480633,0.565217391304348,1,10,0.434782608695652
0,"ILB","Jayon Brown",2558005,11,5.44848007449414,0.495316370408558,0.818181818181818,1,6,0.545454545454545
0,"MLB","Luke Kuechly",2533056,9,5.12396568154207,0.569329520171341,0.666666666666667,1,4,0.444444444444444
0,"DB","Tarvarius Moore",2561117,5,3.45547462341406,0.691094924682812,0.6,1,5,1
0,"MLB","Jarrad Davis",2557855,10,3.41167973450999,0.341167973451,1,0,5,0.5
0,"OLB","Shaquil Barrett",2550541,2,3.14562754327245,1.57281377163623,0.5,0,0,0
0,"LB","Leighton Vander Esch",2560908,14,2.80612797072566,0.20043771219469,0.857142857142857,0,9.5,0.678571428571429
0,"ILB","Cory Littleton",2556593,16,2.46259580539101,0.153912237836938,0.6875,0,8.5,0.53125
0,"ILB","B.J. Goodson",2555522,8,2.40199256937064,0.30024907117133,0.625,0,2.5,0.3125
0,"OLB","Lavonte David",2532828,15,2.30465024506349,0.153643349670899,0.866666666666667,0,11,0.733333333333333
0,"SS","Landon Collins",2552454,13,2.13108652811907,0.163929732932236,0.538461538461538,0,9.5,0.730769230769231
0,"OLB","Tahir Whitehead",2532986,9,2.05797887055537,0.228664318950597,0.444444444444444,0,3,0.333333333333333
0,"FS","Marcus Gilchrist",2495153,4,2.0529611425317,0.513240285632925,1,0,2,0.5
0,"OLB","Lorenzo Alexander",2506268,8,2.03839822057755,0.254799777572194,0.625,0,4,0.5
0,"ILB","Darron Lee",2555322,10,1.95705131137709,0.195705131137709,0.7,0,2,0.2
0,"SS","Corey Moore",2553817,1,1.88610499974414,1.88610499974414,1,0,1,1
0,"CB","Ryan Lewis",2559208,6,1.7719557759626,0.295325962660433,0.333333333333333,1,5,0.833333333333333
0,"OLB","T.J. Watt",2558064,4,1.68030335726557,0.420075839316391,1,0,2,0.5
0,"ILB","Blake Martinez",2555161,17,1.65642811995436,0.0974369482326093,0.705882352941177,0,8.5,0.5
0,"OLB","Reuben Foster",2557837,6,1.58456820562813,0.264094700938022,0.666666666666667,0,3,0.5
0,"LB","Foye Oluokun",2561132,12,1.54162574695169,0.128468812245974,0.75,0,7.5,0.625
0,"FS","Xavier Woods",2558159,5,1.53094901217289,0.306189802434579,0.6,0,1,0.2
0,"CB","Holton Hill",2560741,5,1.33917044954263,0.267834089908527,0.8,0,5,1
0,"OLB","De'Vondre Campbell",2555255,9,1.33414634597294,0.148238482885882,0.555555555555556,0,7.5,0.833333333333333
0,"SS","Jeff Heath",2541832,11,1.29737359114066,0.11794305374006,0.545454545454545,0,6.5,0.590909090909091
0,"ILB","Zach Brown",2532804,12,1.27066621021868,0.105888850851557,0.583333333333333,0,6.5,0.541666666666667
0,"MLB","Anthony Hitchens",2543592,8,1.20927967754714,0.151159959693393,0.625,0,4.5,0.5625
0,"FS","Devin McCourty",494287,7,1.16673349966745,0.166676214238207,0.571428571428571,0,6,0.857142857142857
0,"SS","Lano Hill",2558077,2,1.11357190244413,0.556785951222064,0.5,0,0,0
0,"OLB","Jatavis Brown",2556148,14,1.07376401050905,0.0766974293220749,0.357142857142857,0,10,0.714285714285714
0,"FS","Eric Weddle",2495775,1,1.06108495615393,1.06108495615393,1,0,1,1
0,"DB","Anthony Levine",2508004,3,1.05228835085438,0.350762783618128,1,0,0,0
0,"CB","Akeem King",2553456,6,1.02335912610166,0.170559854350277,0.5,0,6,1
0,"LB","Elijah Lee",2558121,10,1.00160337910019,0.100160337910019,0.5,0,6.5,0.65
0,"SS","Quandre Diggs",2552262,8,0.913629238835071,0.114203654854384,0.5,0,5,0.625
0,"CB","Cameron Sutton",2558849,12,0.855707314177036,0.0713089428480863,0.833333333333333,0,9,0.75
0,"CB","E.J. Gaines",2543823,7,0.853860662304598,0.121980094614943,0.714285714285714,0,4,0.571428571428571
0,"SS","Morgan Burnett",496727,3,0.819739775752667,0.273246591917556,0.666666666666667,0,1.5,0.5
0,"CB","Adam Jones",2506345,3,0.787258028179158,0.262419342726386,0.666666666666667,0,2,0.666666666666667
0,"S","Terrell Edmunds",2560712,5,0.763427204312001,0.1526854408624,0.8,0,2,0.4
0,"ILB","Nick Kwiatkoski",2555288,3,0.753551194501434,0.251183731500478,0.333333333333333,0,1.5,0.5
0,"DB","D.J. Reed",2560850,7,0.735186126373978,0.105026589481997,0.285714285714286,0,4,0.571428571428571
0,"FS","Tre Boston",2543830,6,0.731583299130907,0.121930549855151,0.666666666666667,0,0,0
0,"FS","Darian Stewart",494307,4,0.727852486589449,0.181963121647362,0.5,0,2,0.5
0,"OLB","Brennan Scarlett",2556673,1,0.713814838441991,0.713814838441991,1,0,0.5,0.5
0,"FS","Montae Nicholson",2558133,1,0.693041950263962,0.693041950263962,1,0,0,0
0,"CB","Parry Nickerson",2560822,9,0.68725595787686,0.0763617730974289,0.444444444444444,0,5.5,0.611111111111111
0,"DE","Romeo Okwara",2556641,1,0.681311488524127,0.681311488524127,1,0,0,0
0,"CB","Charvarius Ward",2561417,4,0.670674033528096,0.167668508382024,0.75,0,5,1.25
0,"LB","Josey Jewell",2560763,3,0.657445398469486,0.219148466156495,0.666666666666667,0,1.5,0.5
0,"ILB","Patrick Onwuasor",2556642,4,0.633830371268072,0.158457592817018,0.75,0,2,0.5
0,"FS","Kendrick Lewis",494277,2,0.617888900125211,0.308944450062605,0.5,0,1,0.5
0,"CB","Greg Mabin",2558971,4,0.615976789649723,0.153994197412431,1,1,3,0.75
0,"ILB","Demario Davis",2533008,13,0.584155159073819,0.0449350122364476,0.692307692307692,0,5.5,0.423076923076923
0,"SS","Adrian Phillips",2550842,6,0.57819207099436,0.0963653451657266,1,0,2.5,0.416666666666667
0,"MLB","Preston Brown",2543814,7,0.568386724125786,0.0811981034465409,0.571428571428571,0,2.5,0.357142857142857
0,"FS","Antone Exum",2543680,3,0.568170318622649,0.18939010620755,0.333333333333333,0,1,0.333333333333333
0,"LB","Austin Calitro",2558925,3,0.559464176764689,0.186488058921563,1,0,1,0.333333333333333
0,"ILB","Jon Bostic",2539978,13,0.554751405053522,0.0426731850041171,0.615384615384615,0,8.5,0.653846153846154
0,"OLB","Kyler Fackrell",2555340,1,0.534898154023164,0.534898154023164,1,0,0,0
0,"LB","Kyzir White",2560928,2,0.504449002870551,0.252224501435276,0.5,0,1,0.5
0,"CB","Tony Lippett",2552427,1,0.500477323919663,0.500477323919663,1,0,0,0
0,"OLB","Ray-Ray Armstrong",2541792,3,0.490690457673955,0.163563485891318,1,0,1,0.333333333333333
0,"CB","Josh Shaw",2552259,2,0.488386985705976,0.244193492852988,1,0,2,1
0,"FS","Marcus Maye",2557995,1,0.48838410940492,0.48838410940492,1,0,0,0
0,"DB","Danny Johnson",2560764,6,0.478030801557034,0.0796718002595056,0.833333333333333,0,4,0.666666666666667
0,"LB","Riley Bullough",2558923,1,0.472837911710939,0.472837911710939,1,0,0,0
0,"OLB","Ben Gedeon",2558033,3,0.460221862628016,0.153407287542672,0.666666666666667,0,1.5,0.5
0,"MLB","Dont'a Hightower",2533057,7,0.453532362724058,0.0647903375320083,0.857142857142857,0,1.5,0.214285714285714
0,"SS","Reshad Jones",496739,2,0.422848892489464,0.211424446244732,1,0,1,0.5
0,"ILB","Tyler Matakevich",2555171,2,0.413152651174821,0.20657632558741,1,0,1,0.5
0,"FS","Clayton Geathers",2552386,5,0.395686761919446,0.0791373523838892,0.6,0,2,0.4
0,"CB","Sherrick McManis",494289,4,0.393962635010265,0.0984906587525662,0.75,0,2,0.5
0,"ILB","Josh Harvey-Clemons",2557880,3,0.385810135719715,0.128603378573238,1,0,2.5,0.833333333333333
0,"CB","Tavierre Thomas",2561278,1,0.364441802855268,0.364441802855268,1,0,1,1
0,"FS","Marcell Harris",2561006,1,0.358348368758299,0.358348368758299,1,0,1,1
0,"SS","Barry Church",494259,6,0.351209172291801,0.0585348620486335,0.666666666666667,0,4,0.666666666666667
0,"CB","Leonard Johnson",2532878,4,0.349693214027784,0.087423303506946,0.75,0,3,0.75
0,"FS","Malik Hooker",2558060,3,0.341616341768158,0.113872113922719,0.666666666666667,0,1.5,0.5
0,"LB","Frankie Luvu",2561366,2,0.341273078050383,0.170636539025191,1,0,1.5,0.75
0,"OLB","Mychal Kendricks",2532890,3,0.324664552812141,0.108221517604047,0.666666666666667,0,1.5,0.5
0,"CB","Damarious Randall",2552389,4,0.317485563918231,0.0793713909795577,1,0,3,0.75
0,"CB","KeiVarae Russell",2555547,7,0.312259880684321,0.0446085543834745,0.571428571428571,0,4.5,0.642857142857143
0,"LB","Shaun Dion Hamilton",2561003,1,0.305774792815242,0.305774792815242,1,0,0,0
0,"ILB","L.J. Fort",2535613,6,0.298669258078623,0.0497782096797705,0.666666666666667,0,3.5,0.583333333333333
0,"OLB","Matt Milano",2557969,7,0.291701852775009,0.0416716932535727,0.571428571428571,0,1.5,0.214285714285714
0,"CB","Sidney Jones",2557958,3,0.282736489134963,0.0942454963783209,0.666666666666667,0,3,1
0,"CB","Dominique Rodgers-Cromartie",306,1,0.279989712227964,0.279989712227964,1,0,0,0
0,"ILB","Julian Stanford",2535867,3,0.279752502697943,0.0932508342326476,0.333333333333333,0,1.5,0.5
0,"CB","Maurice Canady",2555178,2,0.279181367535329,0.139590683767664,1,0,2,1
0,"FS","Antoine Bethea",2495807,10,0.278679144071657,0.0278679144071657,0.5,1,5,0.5
0,"FS","Rontez Miles",2540287,1,0.273746635803291,0.273746635803291,1,0,0,0
0,"CB","Cornell Armstrong",2561147,4,0.267945153012159,0.0669862882530399,1,0,4,1
0,"FS","Duron Harmon",2541243,7,0.252312288028078,0.0360446125754397,0.571428571428571,0,5,0.714285714285714
0,"OLB","Nick Vigil",2555528,16,0.244026731356247,0.0152516707097654,0.5,0,9,0.5625
0,"LB","Dorian O'Daniel",2560827,4,0.232266070274617,0.0580665175686543,0.25,0,1,0.25
0,"OLB","Najee Goode",2533016,1,0.229915587969538,0.229915587969538,1,0,0,0
0,"LB","Leon Jacobs",2560758,2,0.226411928572189,0.113205964286094,1,0,1.5,0.75
0,"SS","T.J. McDonald",2539309,5,0.220732544704004,0.0441465089408009,1,0,4.5,0.9
0,"OLB","Duke Riley",2557967,4,0.217546918453274,0.0543867296133184,0.75,0,3,0.75
0,"MLB","Adarius Taylor",2550565,7,0.216298070851801,0.0308997244074001,0.571428571428571,1,5,0.714285714285714
0,"ILB","Kamalei Correa",2555339,1,0.208500975610982,0.208500975610982,1,0,0,0
0,"DB","Sean Chandler",2561017,3,0.20669756711447,0.0688991890381566,0.666666666666667,0,3,1
0,"CB","Cordrea Tankersley",2557931,1,0.204737238108331,0.204737238108331,1,0,1,1
0,"CB","Deante Burton",2559109,4,0.195481695314135,0.0488704238285337,0.75,1,2,0.5
0,"CB","De'Vante Harris",2556833,1,0.187247109812054,0.187247109812054,1,0,1,1
0,"CB","Kevin Johnson",2552261,2,0.176215596786869,0.0881077983934344,0.5,0,1.5,0.75
0,"CB","Neiko Thorpe",2534846,1,0.163982405001411,0.163982405001411,1,0,1,1
0,"MLB","Kevin Minter",2540159,2,0.160279844660223,0.0801399223301113,0.5,0,1,0.5
0,"MLB","Korey Toomer",2534567,1,0.157906656696125,0.157906656696125,1,0,1,1
0,"MLB","Hayes Pullard",2552313,1,0.153401209723774,0.153401209723774,1,0,1,1
0,"FS","Colin Jones",2499257,2,0.150375471015858,0.0751877355079292,0.5,0,1.5,0.75
0,"DB","Ronnie Harrison",2561008,2,0.145788481070584,0.072894240535292,1,0,1.5,0.75
0,"FS","Anthony Harris",2553655,3,0.143994554432111,0.0479981848107036,1,0,2,0.666666666666667
0,"SS","Tavon Wilson",2534830,2,0.131569467662108,0.065784733831054,0.5,0,1,0.5
0,"DB","Dane Cruikshank",2561033,1,0.128010378399034,0.128010378399034,1,0,1,1
0,"FS","Jordan Poyer",2539290,4,0.124182644002902,0.0310456610007255,0.75,0,2,0.5
0,"SS","Eric Reid",2540152,1,0.113613834414794,0.113613834414794,1,0,0,0
0,"S","Brandon Wilson",2558786,1,0.106855272912085,0.106855272912085,1,0,0,0
0,"SS","Sean Davis",2555386,4,0.105022754919675,0.0262556887299187,0.75,0,2,0.5
0,"CB","Mike Hughes",2560746,5,0.101722675966906,0.0203445351933812,0.6,0,2,0.4
0,"SS","Erik Harris",2555568,3,0.0966580760314796,0.0322193586771599,0.666666666666667,0,1,0.333333333333333
0,"OLB","Craig Robertson",2532431,1,0.0866312188320831,0.0866312188320831,1,0,0.5,0.5
0,"DB","Marcus Allen",2560956,1,0.0827824267671778,0.0827824267671778,1,0,1,1
0,"SS","Derrick Kindred",2555540,3,0.0794978204525422,0.0264992734841807,0.333333333333333,0,2,0.666666666666667
0,"SS","Micah Hyde",2539240,1,0.0760358940682264,0.0760358940682264,1,0,1,1
0,"S","Isaiah Johnson",2556567,2,0.0718908155758769,0.0359454077879384,1,0,2,1
0,"LB","Genard Avery",2560964,3,0.065777902870967,0.0219259676236557,0.666666666666667,0,1,0.333333333333333
0,"DB","Tre Sullivan",2559260,1,0.0653512151280038,0.0653512151280038,1,0,1,1
0,"OLB","Bud Dupree",2552289,4,0.063842960036548,0.015960740009137,0.75,0,1.5,0.375
0,"CB","Dexter McDougle",2543608,1,0.0563683507399806,0.0563683507399806,1,0,1,1
0,"FS","Adrian Colbert",2558857,2,0.053300663195124,0.026650331597562,0.5,0,1,0.5
0,"LB","Nicholas Grigsby",2556542,1,0.0505072061372909,0.0505072061372909,1,0,0,0
0,"CB","Kayvon Webster",2540291,1,0.0494933188683462,0.0494933188683462,1,0,0,0
0,"CB","Marcus Williams",2550605,1,0.0444093475430056,0.0444093475430056,1,0,1,1
0,"DB","Su'a Cravens",2555345,6,0.0342838330353354,0.0057139721725559,0.666666666666667,0,2.5,0.416666666666667
0,"CB","Derrick Jones",2558819,1,0.03297356416963,0.03297356416963,1,0,1,1
0,"ILB","Matthew Adams",2561149,1,0.0316840008832233,0.0316840008832233,1,0,1,1
0,"OLB","Harold Landry",2560784,1,0.0301232476032491,0.0301232476032491,1,0,0,0
0,"OLB","Za'Darius Smith",2552279,1,0.0247321299939574,0.0247321299939574,1,0,0,0
0,"OLB","Sharif Finch",2561328,1,0.021275940520684,0.021275940520684,1,0,1,1
0,"DB","Isaiah Johnson",2553545,1,0.0196412061149008,0.0196412061149008,1,0,0,0
0,"CB","Chris Milton",2556394,1,0.0129826238676091,0.0129826238676091,1,0,0,0
0,"CB","Tre Herndon",2561340,3,0.0109598406979681,0.00365328023265603,0.333333333333333,0,2,0.666666666666667
0,"LB","Jack Cichy",2561022,1,0.0107357127190628,0.0107357127190628,1,0,1,1
0,"DB","Keion Crossen",2561157,5,0.0057305312033743,0.00114610624067486,0.6,0,5,1
0,"FS","Chuck Clark",2558248,3,0.003989862772137,0.001329954257379,0.666666666666667,0,1,0.333333333333333
0,"CB","LeShaun Sims",2555551,4,0.00389807466602101,0.000974518666505253,0.5,0,3.5,0.875
0,"SS","Jayron Kearse",2555156,1,0.0038952200315574,0.0038952200315574,1,0,1,1
0,"ILB","Derrick Johnson",2506353,1,0.00383218818742724,0.00383218818742724,1,0,1,1
0,"ILB","Nate Stupar",2533459,1,0.00287512477872515,0.00287512477872515,1,0,0,0
0,"CB","David Amerson",2540170,1,0.000902148280756521,0.000902148280756521,1,0,1,1
0,"CB","Donte' Deayon",2556512,1,0.000195812820900088,0.000195812820900088,1,0,1,1
0,"LB","Nate Gerry",2558175,1,-0.00207789807454369,-0.00207789807454369,0,0,0,0
0,"LB","Jermaine Carter",2561093,2,-0.00322282031925167,-0.00161141015962583,0.5,0,2,1
0,"ILB","Denzel Perryman",2552310,1,-0.00409936312969983,-0.00409936312969983,0,0,0,0
0,"ILB","Kevin Pierre-Louis",2543563,1,-0.00822782209015493,-0.00822782209015493,0,0,0,0
0,"SS","Sharrod Neasman",2556443,3,-0.0116725849694053,-0.00389086165646843,0.666666666666667,0,3,1
0,"DB","Obi Melifonwu",2558189,1,-0.0121627295929787,-0.0121627295929787,0,0,1,1
0,"OLB","Jordan Jenkins",2555256,1,-0.012433008694501,-0.012433008694501,0,0,0,0
0,"CB","Josh Robinson",2533542,1,-0.0156839927639798,-0.0156839927639798,0,0,1,1
0,"CB","Jamal Agnew",2558821,3,-0.0159297467039529,-0.00530991556798429,0.666666666666667,0,3,1
0,"OLB","Josh Keyes",2553719,2,-0.0166499458632954,-0.0083249729316477,0.5,0,0,0
0,"SS","Da'Norris Searcy",2495339,1,-0.0235344583924657,-0.0235344583924657,0,0,1,1
0,"ILB","Christian Jones",2550572,8,-0.0237873078102282,-0.00297341347627852,0.75,0,6,0.75
0,"MLB","Mike Hull",2552317,2,-0.0241618299859213,-0.0120809149929607,0.5,0,1,0.5
0,"CB","Brandon Williams",2556371,3,-0.0251658796621118,-0.00838862655403726,0.666666666666667,0,2,0.666666666666667
0,"CB","Bashaud Breeland",2543571,11,-0.0385104507493405,-0.00350095006812186,0.545454545454545,0,5.5,0.5
0,"FS","Earl Thomas",2508080,1,-0.0415507281950567,-0.0415507281950567,0,0,0,0
0,"DB","Tracy Walker",2560913,1,-0.0429693906444482,-0.0429693906444482,0,0,1,1
0,"CB","Lenzy Pipkins",2558988,1,-0.0429899097445599,-0.0429899097445599,0,0,1,1
0,"FS","Curtis Riley",2553822,1,-0.0449346161870465,-0.0449346161870465,0,0,0.5,0.5
0,"CB","Patrick Robinson",2508084,3,-0.0463407809695571,-0.0154469269898524,0.666666666666667,0,2,0.666666666666667
0,"CB","Darius Phillips",2560839,7,-0.0485230794500821,-0.00693186849286887,0.714285714285714,0,7,1
0,"ILB","Nicholas Morrow",2559054,6,-0.0496074905511303,-0.00826791509185505,0.5,0,3,0.5
0,"SS","Kurt Coleman",494261,2,-0.0527711200817167,-0.0263855600408583,0.5,0,2,1
0,"FS","Clayton Fejedelem",2555355,2,-0.0584971352245329,-0.0292485676122664,0.5,0,1,0.5
0,"CB","Blidi Wreh-Wilson",2539219,1,-0.0606143187183707,-0.0606143187183707,0,0,1,1
0,"DB","Natrell Jamerson",2560759,1,-0.0621308319027443,-0.0621308319027443,0,0,1,1
0,"SS","Justin Reid",2560851,4,-0.0666372889351391,-0.0166593222337848,0.5,0,4,1
0,"ILB","Dylan Cole",2559152,1,-0.0724317558376418,-0.0724317558376418,0,0,1,1
0,"FS","J.J. Wilcox",2540219,2,-0.0790998445593368,-0.0395499222796684,0.5,0,2,1
0,"FS","Andrew Adams",2556456,4,-0.0791772043210206,-0.0197943010802552,0.75,0,3,0.75
0,"FS","George Iloka",2532869,1,-0.0827463989029462,-0.0827463989029462,0,0,0,0
0,"FS","Jimmie Ward",2543741,5,-0.0855935193545904,-0.0171187038709181,0.4,0,2.5,0.5
0,"FS","Eddie Jackson",2558176,1,-0.0923030639446876,-0.0923030639446876,0,1,1,1
0,"OLB","Matt Judon",2555505,3,-0.0944228843007791,-0.0314742947669264,0.333333333333333,0,2.5,0.833333333333333
0,"LB","Tanner Vallejo",2558289,1,-0.0964006042996626,-0.0964006042996626,0,0,1,1
0,"CB","Darious Williams",2561469,1,-0.0968883244407825,-0.0968883244407825,0,0,0,0
0,"ILB","Haason Reddick",2557887,9,-0.100109959504684,-0.0111233288338538,0.444444444444444,0,5,0.555555555555556
0,"OLB","Samson Ebukam",2558830,2,-0.100584904206475,-0.0502924521032377,0.5,0,0,0
0,"CB","DeShawn Shead",2535609,6,-0.104691721437474,-0.0174486202395789,0.333333333333333,0,4,0.666666666666667
0,"SS","Tony Jefferson",2540164,7,-0.110767537426409,-0.0158239339180585,0.285714285714286,0,4.5,0.642857142857143
0,"SS","Justin Evans",2557945,5,-0.114037082089962,-0.0228074164179923,0.4,0,1,0.2
0,"MLB","Joe Schobert",2555166,15,-0.122299772274781,-0.00815331815165207,0.333333333333333,0,3.5,0.233333333333333
0,"CB","Johnson Bademosi",2535693,1,-0.130900102523854,-0.130900102523854,0,0,0,0
0,"CB","Anthony Averett",2560963,1,-0.13326385272459,-0.13326385272459,0,0,1,1
0,"FS","Harrison Smith",2532948,4,-0.137409265051214,-0.0343523162628034,0.5,0,1.5,0.375
0,"ILB","Sean Lee",496937,2,-0.137809730367033,-0.0689048651835165,0.5,0,0,0
0,"OLB","Terrell Suggs",2505660,1,-0.138828948206531,-0.138828948206531,0,0,0,0
0,"SS","Rayshawn Jenkins",2558182,1,-0.141698783355914,-0.141698783355914,0,0,1,1
0,"SS","Eddie Pleasant",2532928,1,-0.145447910300509,-0.145447910300509,0,0,1,1
0,"SS","Kenny Vaccaro",2539320,3,-0.149168570507742,-0.0497228568359139,0.333333333333333,0,0.5,0.166666666666667
0,"FS","Jordan Lucas",2555542,1,-0.152080284383829,-0.152080284383829,0,0,1,1
0,"ILB","Bryce Hager",2552307,2,-0.155551928871157,-0.0777759644355783,0.5,0,0,0
0,"CB","Tony McRae",2556817,3,-0.17449647515545,-0.0581654917184833,0.666666666666667,0,1.5,0.5
0,"SS","Jordan Richards",2552392,5,-0.181855481429821,-0.0363710962859642,0.4,0,4,0.8
0,"DE","Justin Houston",2495493,1,-0.192435488282837,-0.192435488282837,0,0,1,1
0,"OLB","Clay Matthews",80431,2,-0.19637982483943,-0.098189912419715,0.5,0,0,0
0,"ILB","Josh Bynes",2530491,7,-0.20080850442537,-0.0286869292036242,0.285714285714286,0,1,0.142857142857143
0,"CB","Jamar Taylor",2539932,13,-0.203998666385222,-0.0156922051065555,0.692307692307692,0,6,0.461538461538462
0,"ILB","Brian Peters",2552730,1,-0.210434428429172,-0.210434428429172,0,0,0.5,0.5
0,"FS","George Odum",2561131,3,-0.215410466827288,-0.0718034889424295,0.333333333333333,0,2.5,0.833333333333333
0,"CB","Chandon Sullivan",2560887,5,-0.221336210317667,-0.0442672420635335,0.4,0,3,0.6
0,"CB","Jalen Davis",2561316,2,-0.231693269783474,-0.115846634891737,0,0,0,0
0,"CB","Kenneth Durden",2556798,1,-0.232103194681631,-0.232103194681631,0,0,0,0
0,"ILB","Reggie Ragland",2555169,2,-0.234247903985587,-0.117123951992794,0,0,0,0
0,"OLB","Myles Jack",2555329,9,-0.239052941910601,-0.0265614379900668,0.555555555555556,0,2,0.222222222222222
0,"LB","Joel Iyiegbuniwe",2560750,1,-0.240589013551931,-0.240589013551931,0,0,0,0
0,"FS","Tedric Thompson",2557881,2,-0.249877153509489,-0.124938576754745,0.5,0,0,0
0,"OLB","Alex Anzalone",2558163,12,-0.254744321271413,-0.0212286934392844,0.416666666666667,0,8,0.666666666666667
0,"MLB","Deion Jones",2555162,6,-0.25476689429926,-0.0424611490498766,0.666666666666667,0,3,0.5
0,"OLB","Kamu Grugier-Hill",2556363,4,-0.254911260724269,-0.0637278151810673,0.5,0,2,0.5
0,"ILB","Brandon Marshall",2532898,3,-0.260678208423919,-0.0868927361413063,0.666666666666667,0,0,0
0,"FS","Eric Murray",2555173,1,-0.26770015563008,-0.26770015563008,0,0,0,0
0,"DB","Kevin Toliver",2560901,6,-0.2749465823686,-0.0458244303947666,0.833333333333333,0,0,0
0,"CB","Rashard Robinson",2555546,5,-0.276927753564642,-0.0553855507129284,0.4,0,4.5,0.9
0,"ILB","Tae Davis",2561318,8,-0.282307521317741,-0.0352884401647177,0.75,0,4,0.5
0,"S","Jessie Bates",2560970,3,-0.285162360887549,-0.0950541202958497,0.333333333333333,0,2,0.666666666666667
0,"FS","Jermaine Whitehead",2552697,3,-0.291140328253779,-0.0970467760845929,0.666666666666667,0,3,1
0,"OLB","Ramon Humber",2507644,1,-0.300553272494111,-0.300553272494111,0,0,0,0
0,"LB","Nick DeLuca",2561042,2,-0.300652962845788,-0.150326481422894,0.5,0,1,0.5
0,"LB","Rashaan Evans",2560718,3,-0.310403166933563,-0.103467722311188,0.333333333333333,0,1.5,0.5
0,"SS","Damontae Kazee",2558184,2,-0.312201583214177,-0.156100791607089,0.5,0,1,0.5
0,"OLB","Derrick Morgan",496828,2,-0.319458847874639,-0.159729423937319,0.5,0,1,0.5
0,"OLB","Nigel Bradham",2532800,7,-0.322349878404598,-0.0460499826292283,0.428571428571429,0,3.5,0.5
0,"SS","Karl Joseph",2555342,3,-0.329321924838119,-0.10977397494604,0.333333333333333,0,3,1
0,"ILB","Zaire Franklin",2561155,6,-0.333306736650946,-0.0555511227751577,0.5,0,1.5,0.25
0,"CB","Cyrus Jones",2555380,1,-0.337874565955067,-0.337874565955067,0,0,0,0
0,"OLB","Devon Kennard",2543869,2,-0.338630161631118,-0.169315080815559,0.5,0,0,0
0,"ILB","Antonio Morrison",2555160,3,-0.350686645327265,-0.116895548442422,0.333333333333333,0,1,0.333333333333333
0,"ILB","Benardrick McKinney",2552490,11,-0.357101140130854,-0.0324637400118959,0.363636363636364,0,5.5,0.5
0,"ILB","Daren Bates",2541539,1,-0.359142775794792,-0.359142775794792,0,0,0,0
0,"ILB","Terrance Smith",2556775,3,-0.366634183305513,-0.122211394435171,0.333333333333333,0,0,0
0,"CB","Joshua Holsey",2558858,1,-0.37031260494118,-0.37031260494118,0,0,1,1
0,"ILB","Ramik Wilson",2552320,2,-0.388570149922537,-0.194285074961269,0,0,0.5,0.25
0,"OLB","Ryan Kerrigan",2495190,1,-0.39630379509387,-0.39630379509387,0,0,0,0
0,"LB","Alec Ogletree",2540143,7,-0.397668518036185,-0.0568097882908836,0.714285714285714,0,3,0.428571428571429
0,"MLB","Mark Nzeocha",2552684,2,-0.398643473631832,-0.199321736815916,0.5,0,1,0.5
0,"OLB","K.J. Wright",2495252,2,-0.404869221482611,-0.202434610741306,0.5,0,2,1
0,"CB","Walt Aikens",2543724,1,-0.412007216103725,-0.412007216103725,0,0,0,0
0,"WR","Tremon Smith",2561103,2,-0.415041676694526,-0.207520838347263,0,0,0,0
0,"FS","D.J. Swearinger",2539943,4,-0.429423733228412,-0.107355933307103,0.75,0,3,0.75
0,"CB","Teez Tabor",2557955,11,-0.45387343382988,-0.0412612212572618,0.363636363636364,0,9.5,0.863636363636364
0,"LB","Breeland Speaks",2560881,1,-0.469747806286262,-0.469747806286262,0,0,1,1
0,"OLB","Shaq Thompson",2552447,9,-0.482434044348165,-0.0536037827053517,0.666666666666667,0,5.5,0.611111111111111
0,"FS","Kevin Byard",2555158,8,-0.493922568775702,-0.0617403210969627,0.625,0,6,0.75
0,"CB","Tyler Patmon",2550659,1,-0.494875379512739,-0.494875379512739,0,0,1,1
0,"OLB","Anthony Chickillo",2552266,1,-0.501932719692555,-0.501932719692555,0,0,0,0
0,"CB","Quenton Meeks",2560808,2,-0.503187477168938,-0.251593738584469,0.5,0,2,1
0,"CB","Aaron Colvin",2543501,9,-0.512033792000861,-0.0568926435556512,0.444444444444444,0,5.5,0.611111111111111
0,"LB","Kenny Young",2560947,3,-0.513938608599373,-0.171312869533124,0.333333333333333,0,0.5,0.166666666666667
0,"FS","Adrian Amos",2552385,5,-0.545581684761329,-0.109116336952266,0.4,0,2.5,0.5
0,"FS","Corey Graham",2495613,2,-0.55530731454193,-0.277653657270965,0.5,0,0,0
0,"S","Kenny Ladler",2550365,1,-0.573059443969498,-0.573059443969498,0,0,0,0
0,"CB","Eric Rowe",2552255,3,-0.580418751749376,-0.193472917249792,0,0,3,1
0,"LB","Ben Niemann",2561383,1,-0.582924847033533,-0.582924847033533,0,0,0,0
0,"FS","Will Parks",2556278,3,-0.584853518299674,-0.194951172766558,0,0,1.5,0.5
0,"MLB","David Mayo",2553441,2,-0.603476604257433,-0.301738302128716,0,0,0,0
0,"SS","Kentrell Brice",2556480,6,-0.614252765862921,-0.102375460977153,0.333333333333333,0,4.5,0.75
0,"CB","Vernon Hargreaves III",2555299,3,-0.708647821965764,-0.236215940655255,0,0,3,1
0,"MLB","Jaylon Smith",2555310,7,-0.741529499274832,-0.10593278561069,0.714285714285714,0,3,0.428571428571429
0,"SS","Justin Simmons",2555550,9,-0.761477159310966,-0.084608573256774,0.444444444444444,0,3.5,0.388888888888889
0,"SS","Matthias Farley",2556429,3,-0.786374158149179,-0.26212471938306,0.333333333333333,0,0.5,0.166666666666667
0,"FS","Glover Quin",71441,5,-0.81871476141737,-0.163742952283474,0.2,0,2.5,0.5
0,"OLB","Kiko Alonso",2539935,12,-0.825033981118609,-0.0687528317598841,0.5,1,4.5,0.375
0,"OLB","Vontaze Burfict",2533058,4,-0.847718121969171,-0.211929530492293,0.75,0,1,0.25
0,"OLB","Eric Wilson",2559012,3,-0.853288596997844,-0.284429532332615,0,0,1,0.333333333333333
0,"FS","Jaquiski Tartt",2552391,1,-0.861208019627996,-0.861208019627996,0,0,0.5,0.5
0,"OLB","A.J. Klein",2539982,4,-0.868151447588407,-0.217037861897102,0,0,1,0.25
0,"OLB","Devante Bond",2555307,1,-0.885708854889069,-0.885708854889069,0,0,0,0
0,"MLB","Hardy Nickerson",2558982,16,-0.89646769459947,-0.0560292309124669,0.3125,0,4.5,0.28125
0,"DB","Justin Hardee",2559181,6,-0.924288076045708,-0.154048012674285,0.333333333333333,0,4,0.666666666666667
0,"FS","Mike Adams",2505708,7,-0.957898685486009,-0.136842669355144,0.142857142857143,0,5.5,0.785714285714286
0,"OLB","Leonard Floyd",2555285,2,-0.95827899123458,-0.47913949561729,0.5,0,1,0.5
0,"ILB","Bruce Carter",2495136,1,-0.981167643124545,-0.981167643124545,0,0,1,1
0,"DB","Jordan Whitehead",2560930,5,-0.991510779307498,-0.1983021558615,0.6,0,2.5,0.5
0,"CB","D.J. Hayden",2539237,10,-1.01631075688959,-0.101631075688959,0.6,0,7.5,0.75
0,"ILB","Vince Williams",2540221,9,-1.02959984091868,-0.114399982324297,0.333333333333333,0,6.5,0.722222222222222
0,"OLB","Jamie Collins",2539311,17,-1.04113155464685,-0.0612430326262856,0.588235294117647,0,3.5,0.205882352941176
0,"SS","John Johnson",2558183,6,-1.05651599991406,-0.176085999985677,0.166666666666667,0,5,0.833333333333333
0,"SS","Josh Jones",2558119,5,-1.06161998199471,-0.212323996398942,0.2,0,4.5,0.9
0,"CB","Javien Elliott",2556934,9,-1.0684556595718,-0.118717295507978,0.555555555555556,0,5,0.555555555555556
0,"OLB","Malcolm Smith",2499278,2,-1.07837561700261,-0.539187808501307,0.5,0,0,0
0,"MLB","Elandon Roberts",2556119,5,-1.17783332694126,-0.235566665388252,0.6,0,2,0.4
0,"MLB","Kwon Alexander",2552592,12,-1.20221762402614,-0.100184802002179,0.5,0,5,0.416666666666667
0,"CB","Davon House",2495170,2,-1.22050876903571,-0.610254384517857,0,0,1,0.5
0,"OLB","Whitney Mercilus",2533049,8,-1.31064935415569,-0.163831169269461,0.625,0,1,0.125
0,"ILB","Anthony Walker",2558851,7,-1.3429296348034,-0.1918470906862,0.428571428571429,0,3,0.428571428571429
0,"MLB","Eric Kendricks",2552312,15,-1.35692599409002,-0.0904617329393348,0.4,0,8.5,0.566666666666667
0,"OLB","Jordan Evans",2558801,7,-1.37946393650275,-0.197066276643251,0.428571428571429,0,0,0
0,"ILB","Gerald Hodges",2539293,6,-1.40083903853137,-0.233473173088562,0,0,2,0.333333333333333
0,"SS","Michael Thomas",2535687,5,-1.40530260772791,-0.281060521545583,0.4,0,3,0.6
0,"OLB","Neville Hewitt",2553657,4,-1.46791517024681,-0.366978792561702,0.25,0,1,0.25
0,"MLB","Marquel Lee",2557972,10,-1.47954628629047,-0.147954628629047,0.7,0,4,0.4
0,"ILB","Wesley Woodyard",2354,6,-1.48406429925715,-0.247344049876192,0.5,0,4.5,0.75
0,"CB","Kevin King",2557996,6,-1.48851661025954,-0.248086101709924,0.5,0,2.5,0.416666666666667
0,"ILB","Deone Bucannon",2543769,6,-1.49619161906361,-0.249365269843934,0.666666666666667,0,3,0.5
0,"ILB","Mark Barron",2532789,11,-1.5060249836855,-0.136911362153227,0.454545454545455,0,3,0.272727272727273
0,"SS","Shawn Williams",2539233,11,-1.52319101542914,-0.138471910493558,0.181818181818182,0,7.5,0.681818181818182
0,"OLB","Barkevious Mingo",2540140,4,-1.55190545695666,-0.387976364239166,0.5,0,2,0.5
0,"ILB","Avery Williamson",2543597,14,-1.647937204847,-0.117709800346214,0.642857142857143,0,6,0.428571428571429
0,"FS","Ron Parker",2530794,8,-1.66394710913275,-0.207993388641593,0.625,0,2,0.25
0,"CB","Leon Hall",2495617,5,-1.66879718533681,-0.333759437067363,0.6,0,2,0.4
0,"OLB","Christian Kirksey",2543720,5,-1.67584794765318,-0.335169589530636,0.6,0,0,0
0,"ILB","Joe Thomas",2550262,1,-1.72654132446526,-1.72654132446526,0,0,1,1
0,"SS","Daniel Sorensen",2550257,6,-1.74659039852116,-0.291098399753526,0.5,0,3,0.5
0,"OLB","Damien Wilson",2552686,8,-1.74816255742322,-0.218520319677902,0.375,0,4.5,0.5625
0,"ILB","Mason Foster",2495281,16,-1.75485922284714,-0.109678701427946,0.5,0,6.5,0.40625
0,"CB","Nick Nelson",2560819,8,-1.75763031222864,-0.219703789028581,0.625,0,3,0.375
0,"MLB","Bobby Wagner",2532966,11,-1.82966755136035,-0.166333413760032,0.272727272727273,0,7.5,0.681818181818182
0,"CB","Taron Johnson",2560766,6,-1.874999803133,-0.312499967188834,0.166666666666667,0,4.5,0.75
0,"OLB","Kyle Van Noy",2543699,8,-1.89441019642943,-0.236801274553679,0.125,0,3,0.375
0,"LB","Oren Burks",2560984,2,-1.99691432753223,-0.998457163766117,0,0,2,1
0,"LB","Darius Leonard",2560789,22,-2.00471084038995,-0.0911232200177248,0.272727272727273,0,10,0.454545454545455
0,"FS","Reggie Nelson",2507167,4,-2.00986798719916,-0.502466996799789,0.75,0,1,0.25
0,"OLB","Thomas Davis",2506352,15,-2.02124737805843,-0.134749825203896,0.533333333333333,0,8.5,0.566666666666667
0,"FS","Lamarcus Joyner",2543492,4,-2.02335060409525,-0.505837651023814,0.25,0,3,0.75
0,"SS","Marqui Christian",2556277,17,-2.12429888921016,-0.124958758188833,0.411764705882353,0,6.5,0.382352941176471
0,"LB","Jerome Baker",2560966,11,-2.13176226131169,-0.193796569210154,0.363636363636364,0,6,0.545454545454545
0,"CB","Troy Hill",2553536,6,-2.23706424601447,-0.372844041002412,0.333333333333333,0,1,0.166666666666667
0,"FS","Tashaun Gipson",2532848,5,-2.46333081715922,-0.492666163431844,0.4,0,3,0.6
0,"OLB","Telvin Smith",2543711,19,-2.54891992303042,-0.134153680159496,0.526315789473684,0,0,0
0,"OLB","Von Miller",2495202,3,-2.5541685326112,-0.851389510870399,0.333333333333333,0,0,0
0,"OLB","Anthony Barr",2543459,8,-2.6654951005367,-0.333186887567088,0.5,0,2,0.25
0,"SS","Bradley McDougald",2539243,7,-2.667736919666,-0.381105274238,0.428571428571429,0,4,0.571428571428571
0,"LB","Tremaine Edmunds",2560713,17,-2.71144168518358,-0.159496569716681,0.470588235294118,0,8.5,0.5
0,"SS","Jahleel Addae",2541958,5,-2.83684646094407,-0.567369292188813,0.4,0,1,0.2
0,"OLB","Kyle Emanuel",2552296,1,-3.1520831664817,-3.1520831664817,0,0,0,0
0,"ILB","Todd Davis",2550930,14,-3.19740632584524,-0.228386166131803,0.571428571428571,0,8,0.571428571428571
0,"LB","Fred Warner",2560917,15,-3.37436093378299,-0.224957395585533,0.4,0,6.5,0.433333333333333
0,"CB","Tony Brown",2560982,12,-3.38239785759649,-0.281866488133041,0.416666666666667,1,9.5,0.791666666666667
0,"CB","Arthur Maulet",2559087,3,-4.09151217549629,-1.3638373918321,0.666666666666667,0,1.5,0.5
0,"MLB","Jordan Hicks",2552315,10,-4.10479448838919,-0.410479448838919,0.7,0,7,0.7
0,"CB","DeVante Bausby",2553790,6,-4.33640106366067,-0.722733510610111,0.333333333333333,0,4,0.666666666666667
0,"SS","Rafael Bush",2507817,9,-4.96587145419785,-0.551763494910872,0.222222222222222,0,6,0.666666666666667
0,"ILB","Zach Cunningham",2558094,20,-5.05808955865087,-0.252904477932544,0.45,0,8.5,0.425
0,"CB","M.J. Stewart",2560884,17,-5.141597344121,-0.302446902595353,0.529411764705882,0,10,0.588235294117647
0,"SS","Chris Conte",2495272,2,-5.22180768137678,-2.61090384068839,0,0,0,0
0,"LB","Raekwon McMillan",2558070,4,-5.43160427110419,-1.35790106777605,0,0,0.5,0.125
0,"FS","Jabrill Peppers",2557980,7,-5.6183019028107,-0.802614557544385,0.428571428571429,0,4.5,0.642857142857143
0,"ILB","C.J. Mosley",2543464,13,-6.97150698682753,-0.536269768217502,0.307692307692308,0,5,0.384615384615385
