"qualifying","position","displayName","nflId_def","routes","eps_tracking_w_penalties","eps_tracking","normalized_avg_max_epa","penalties_and_time_to_throw_normalized_tracking_epa","tracking_penalities_count","tracking_penalty_perc","tracking_penalties_eps"
1,"CB","Malcolm Butler",2550613,290,7.24982824400441,6.1249046209233,0.0718279168731235,0.0731907417316047,1,0.00343642611683849,-0.468409950691163
1,"CB","William Jackson",2556367,386,6.40684018448795,4.70265386397463,0.0975071663523953,0.0983287358534844,1,0.00258397932816537,-0.415454563273868
1,"DB","J.C. Jackson",2560754,159,6.11746271161761,5.55726117700833,0.0148617132674843,0.0167294326063107,1,0.00625,-0.313696807479706
1,"CB","Jimmy Smith",2508107,204,5.99887303094263,5.39875654920516,0.0506949516186301,0.052992858761594,1,0.0048780487804878,-0.521765915926227
1,"CB","Nevin Lawson",2543872,265,5.68781836474114,5.66422716262368,0.0567590913819424,0.0614694660344564,3,0.0111940298507463,-1.43265768101957
1,"CB","Prince Amukamara",2495108,356,5.09102112140187,6.75361851117264,0.0793651753015026,0.089048444552757,2,0.00558659217877095,-3.62534074255206
1,"CB","DeShawn Shead",2535609,105,4.2062163614155,3.63025002733294,0.0049613037754949,0.0049613037754949,0,0,0
1,"DB","Isaac Yiadom",2560946,116,3.89369727844936,3.96022004005412,0.0228564471345066,0.0287013063978445,1,0.00854700854700855,-0.706704980945045
1,"CB","Marlon Humphrey",2558067,247,3.87559833609355,5.43407171768055,0.0618545283117445,0.0727870834075974,3,0.012,-2.91870235889846
1,"CB","Eli Apple",2555277,300,3.74954009679947,3.35986243822194,0.104637751233965,0.10811496671027,2,0.00662251655629139,-1.25939457631207
1,"CB","Isaiah Oliver",2560830,106,3.34978510047864,2.76833337273815,0.0511188135714239,0.0511188135714239,0,0,0
1,"SS","Patrick Chung",71251,197,3.22289440421166,3.04117188520418,0.0856621048282767,0.0893306878065879,2,0.0100502512562814,-0.901372222340494
1,"CB","Brandon Carr",4365,271,2.90106674379695,1.41452506249815,0.122589395625414,0.122589395625414,0,0,0
1,"CB","Jason McCourty",89756,296,2.78024756079931,1.15657103805229,0.134673838133812,0.134673838133812,0,0,0
1,"CB","Denzel Ward",2560916,259,2.7323006292676,1.79239864397139,0.127105733069324,0.128476353245237,1,0.00384615384615385,-0.483466978806797
1,"CB","Marshon Lattimore",2558061,328,2.7025160171247,0.903306897323945,0.156904014342317,0.156904014342317,0,0,0
1,"CB","Stephon Gilmore",2533062,399,2.5736696248503,2.15567414035154,0.123272779885578,0.12708574948818,2,0.00498753117206983,-1.77554637041478
1,"CB","Shareece Wright",2495251,201,2.09065297152665,0.988088846282899,0.127932339217125,0.127932339217125,0,0,0
1,"CB","Joe Haden",496733,342,1.98051393242686,0.392496878627615,0.143655110291208,0.14408053567127,1,0.00291545189504373,-0.28957601565226
1,"CB","Darius Slay",2540288,281,1.88919823637906,2.88784851728476,0.101200016041237,0.10948493336381,2,0.00706713780918728,-2.54703163437065
1,"CB","Quinton Dunbar",2553796,137,1.64176288759889,0.890263956462602,0.116287080047917,0.116287080047917,0,0,0
1,"CB","Cre'von LeBlanc",2556587,123,1.15476307342201,0.480059653496728,0.126726168132551,0.126726168132551,0,0,0
1,"CB","Coty Sensabaugh",2532946,278,1.06361240039981,-0.461327036504486,0.144527268700124,0.144527268700124,0,0,0
1,"CB","M.J. Stewart",2560884,97,0.968278036473553,0.436194851654428,0.13237116706315,0.13237116706315,0,0,0
1,"CB","Steven Nelson",2552265,396,0.739754362727317,1.6811705793405,0.135808096154583,0.142604866609331,3,0.0075187969924812,-3.1193356999082
1,"CB","Aaron Colvin",2543501,99,0.703746885328483,0.279084749675359,0.158135318956136,0.157744414209733,1,0.01,-0.119044844315879
1,"CB","Tramaine Brock",2507917,138,0.57011975466536,-0.186864570128859,0.155853949809749,0.155853949809749,0,0,0
1,"CB","Grant Haley",2561001,125,0.546563234422302,-0.139110972818839,0.149146032997337,0.149146032997337,0,0,0
1,"CB","B.W. Webb",2539338,309,0.539932982536523,1.44959227290795,0.133461384399719,0.141479290397861,1,0.0032258064516129,-2.61901224382384
1,"CB","Jaire Alexander",2560952,223,0.44308047061485,-0.780162315103344,0.159068726955965,0.159068726955965,0,0,0
1,"CB","Chidobe Awuzie",2557840,319,0.327798116407874,-1.42204246047152,0.175386620758664,0.175386620758664,0,0,0
1,"CB","Holton Hill",2560741,109,0.294614500403983,0.253266248583307,0.150686285969102,0.154403951048477,1,0.00909090909090909,-0.559629444700348
1,"CB","Dre Kirkpatrick",2533060,275,0.232862258860143,0.576757491143692,0.1409639360277,0.14611818024678,3,0.0107913669064748,-1.85577170098711
1,"CB","Tramon Williams",2506789,169,0.0786240318110161,-0.848407496379006,0.158691858888035,0.158691858888035,0,0,0
1,"CB","T.J. Carrie",2550164,291,-0.0488812811266532,2.08801584143283,0.115270125593766,0.126379253219534,4,0.0135593220338983,-3.73827315197672
1,"CB","Gareon Conley",2558062,211,-0.0842778360005079,-0.233787232751061,0.159836172211246,0.163080342686737,2,0.00938967136150235,-1.01068065570198
1,"CB","Mike Hilton",2556559,161,-0.169676492864688,-1.05282487179128,0.167635780207732,0.167635780207732,0,0,0
1,"CB","Josh Jackson",2560755,235,-0.186186121455035,0.626295202800219,0.127737099253564,0.134404406157783,4,0.0167364016736402,-2.10443474712245
1,"CB","Phillip Gaines",2543851,119,-0.314746784504167,-0.967508629797733,0.186180768248722,0.186180768248722,0,0,0
1,"DB","Greg Stroman",2560886,125,-0.317418741282002,-1.00309294852314,0.179171282615552,0.179171282615552,0,0,0
1,"CB","Mike Ford",2561527,120,-0.339764511586769,-0.998011750538265,0.177904067203372,0.177904067203372,0,0,0
1,"CB","Anthony Brown",2555531,189,-0.48492768611391,-0.54650064647743,0.157016452602936,0.160491926306798,2,0.0104712041884817,-0.977848382643368
1,"CB","Sam Shields",1037374,141,-0.510529815301468,-1.28397032106947,0.198147511436792,0.198147511436792,0,0,0
1,"CB","Carlton Davis",2561039,232,-0.99255894206254,0.610107996753471,0.133058563312198,0.144242618209015,2,0.00854700854700855,-2.8831859724796
1,"CB","Byron Jones",2552568,399,-0.996565657989589,0.135325716400023,0.140492143855468,0.148094915681595,2,0.00498753117206983,-3.32969578998795
1,"CB","Tavon Young",2555378,147,-1.02845138671009,-1.01251524341987,0.174967300500343,0.179371740826034,1,0.00675675675675676,-0.82682446870265
1,"CB","Logan Ryan",2540162,202,-1.08849145869496,-1.22030776728192,0.16582311333623,0.168167270155393,3,0.0146341463414634,-0.978021487937134
1,"CB","D.J. Hayden",2539237,113,-1.08858442178406,-1.72317773562048,0.204627106610017,0.202702086795132,1,0.0087719298245614,0.0148251522867664
1,"CB","Bene' Benwikere",2543855,147,-1.12778388308201,-1.4001913516932,0.19783983814702,0.200130720690615,1,0.00675675675675676,-0.536890454599047
1,"CB","Mackensie Alexander",2555177,148,-1.2147287734639,-1.41444949050406,0.193970293735833,0.196799310354757,1,0.00671140939597315,-0.615493769955553
1,"CB","Rashaan Melvin",2541200,198,-1.49754973639671,-2.20312449790329,0.209793668435211,0.210662203117924,1,0.0050251256281407,-0.382632070295111
1,"CB","Josh Norman",2532920,323,-1.54409901800607,0.443387110738325,0.136583989497973,0.146425257596549,4,0.0122324159021407,-3.76443062622621
1,"CB","Xavier Rhodes",2540155,248,-1.5863984622768,0.552796967731325,0.14063697583665,0.152310907892656,4,0.0158730158730159,-3.50437878146025
1,"CB","Artie Burns",2555344,106,-1.61685030042164,-2.19830202816213,0.230601552048616,0.230601552048616,0,0,0
1,"CB","Terrance Mitchell",2543637,123,-1.63996836115562,-1.32694159418945,0.191685239094448,0.198148891682976,1,0.00806451612903226,-0.993178160071906
1,"S","Minkah Fitzpatrick",2560725,205,-1.84256356478688,-1.97550559554444,0.18964923111256,0.191689771189248,3,0.0144230769230769,-0.993380029288768
1,"CB","Briean Boddy-Calhoun",2556475,143,-1.92981995023685,-2.38803278108947,0.21179420627195,0.212601174690249,1,0.00694444444444444,-0.327997658507028
1,"CB","Levi Wallace",2560914,119,-2.02231793426698,-2.67507977956055,0.247237095144301,0.247237095144301,0,0,0
1,"CB","Torry McTyer",2559053,101,-2.0596803515441,-0.11770291523147,0.161064767965946,0.182236974419042,2,0.0194174757281553,-2.5028668006008
1,"SS","Justin Simmons",2555550,92,-2.19478619830033,-1.22404870437839,0.194704765475418,0.206300955540908,2,0.0212765957446809,-1.47945139710688
1,"CB","Buster Skrine",2495343,177,-2.19718210717996,-2.054960586086,0.189730940059517,0.194953102572056,1,0.00561797752808989,-1.11927586729133
1,"CB","Avonte Maddox",2560795,109,-2.22012800149745,-2.81803591021173,0.252510068355042,0.252510068355042,0,0,0
1,"CB","Kendall Fuller",2555349,282,-2.33977813429439,-3.46519519397507,0.195648205413778,0.196454355214964,1,0.00353356890459364,-0.423788599149409
1,"OLB","Lavonte David",2532828,97,-2.48460337583118,-3.0166865606503,0.275048437506929,0.275048437506929,0,0,0
1,"CB","Fabian Moreau",2558136,246,-2.60460124625107,-0.765637882123745,0.163645729906654,0.174502250048444,3,0.0120481927710843,-3.1942107050257
1,"CB","Jalen Ramsey",2555280,341,-2.64358179174168,-3.77037116218032,0.190634720385066,0.191697419690321,2,0.00583090379008746,-0.745775302472404
1,"LB","Roquan Smith",2560877,117,-2.669166327122,-3.31095738509971,0.249856392329399,0.249856392329399,0,0,0
1,"CB","Janoris Jenkins",2532875,314,-2.76690349742103,-3.06586767763729,0.179027651568084,0.182411540658766,2,0.00632911392405063,-1.42736425579162
1,"CB","Darryl Roberts",2553353,138,-2.80978852068167,-3.56677284547589,0.248851385513347,0.248851385513347,0,0,0
1,"FS","Budda Baker",2558009,173,-2.93325675399483,-3.71992317150864,0.229955362380856,0.229571721861663,1,0.00574712643678161,-0.163201912041198
1,"CB","Ahkello Witherspoon",2558157,216,-2.97709961495779,-2.18626969452165,0.187023354740138,0.194395197956438,2,0.00917431192660551,-1.98110853063364
1,"CB","Shaquill Griffin",2558259,329,-2.99420825748453,-3.58755949898723,0.196020364824427,0.199117347405148,1,0.00303030303030303,-1.21802461646233
1,"CB","Darqueze Dennard",2543474,212,-3.07011832839045,-4.23302178387142,0.225051771882649,0.225051771882649,0,0,0
1,"CB","Rasul Douglas",2558168,182,-3.09104985071724,-4.08939149646034,0.230710581814531,0.230710581814531,0,0,0
1,"CB","Nate Hairston",2558108,126,-3.09822876078394,-2.46098429755183,0.221689161203489,0.230461144775887,1,0.0078740157480315,-1.33573107489812
1,"SS","Malcolm Jenkins",79848,147,-3.23638296521986,-3.49946591895611,0.261596172220026,0.263519619706557,1,0.00675675675675676,-0.546266400226675
1,"CB","Robert Alford",2539653,352,-3.29575071035896,-1.81237174526004,0.168543771432719,0.176754645985861,3,0.00845070422535211,-3.42049178066353
1,"CB","Trevor Williams",2556828,122,-3.30189331081411,-2.62319045043539,0.229011091107309,0.238168363093094,1,0.00813008130081301,-1.35535554535883
1,"CB","Bradley Roby",2543505,308,-3.31800176748561,-4.27446652132435,0.200982227612051,0.202717170774869,1,0.00323624595469256,-0.737079664922791
1,"CB","Orlando Scandrick",2307,278,-3.40991972617265,3.16368794570155,0.105827659954056,0.13166662385461,7,0.0245614035087719,-8.10489833133634
1,"CB","Bryce Callahan",2553500,247,-3.4178957541244,-4.7727879876329,0.223846837584833,0.223846837584833,0,0,0
1,"CB","Trumaine Johnson",2532877,203,-3.4563645401512,-4.56989945271081,0.242414839725774,0.242414839725774,0,0,0
1,"CB","Trae Waynes",2552448,214,-3.46264236384279,-3.59817588797573,0.211761769997096,0.215632961028652,1,0.00465116279069767,-1.04406784178165
1,"CB","Quincy Wilson",2557961,142,-3.74993200886365,-3.00437119291319,0.237103231892924,0.244425960752557,2,0.0138888888888889,-1.52867941957297
1,"CB","Pierre Desir",2543811,322,-3.77173565139345,-5.53803240924663,0.212258442913377,0.212258442913377,0,0,0
1,"CB","Richard Sherman",2495507,251,-4.29097870700777,-4.96237531889424,0.224978471926251,0.225995943759956,2,0.00790513833992095,-0.707377317780088
1,"FS","Vonn Bell",2555530,102,-4.31556868737732,-4.87507884048609,0.342996600426298,0.342996600426298,0,0,0
1,"CB","Ken Crawley",2556735,137,-4.50634306908792,-3.4564199211127,0.235598026723422,0.247016577915989,1,0.0072463768115942,-1.81135809129775
1,"SS","Jamal Adams",2557979,95,-4.51395196074483,-5.03506435824809,0.372995472677468,0.372995472677468,0,0,0
1,"CB","Daryl Worley",2555394,135,-4.69295625257863,-5.43348439639906,0.322106791298256,0.322106791298256,0,0,0
1,"CB","Adoree' Jackson",2558065,273,-4.94506443697002,-6.44257690558467,0.243698343117001,0.243698343117001,0,0,0
1,"SS","Rafael Bush",2507817,99,-5.03373674695805,-5.57679071909304,0.379742289501617,0.379742289501617,0,0,0
1,"CB","Ryan Smith",2555552,135,-5.06634796641075,-4.8846648625837,0.295951086697242,0.300593342246125,1,0.00735294117647059,-0.927297841345411
1,"CB","Justin Coleman",2553637,171,-5.15465249342428,-4.99123332248094,0.271844620606997,0.276703062004347,1,0.00581395348837209,-1.10749654095113
1,"CB","K'Waun Williams",2550654,143,-5.23787989401385,-5.02851924995469,0.293615946284644,0.298516205230571,1,0.00694444444444444,-0.999253234498204
1,"CB","Morris Claiborne",2533059,358,-5.28265437822899,-3.38460639743369,0.184557633502337,0.193200980320183,4,0.0110497237569061,-3.86712208206979
1,"CB","Michael Davis",2559164,211,-5.39637698444611,-6.55379504626915,0.27715950440156,0.27715950440156,0,0,0
1,"CB","Casey Hayward",2532861,345,-5.48134122424787,-5.86457826992408,0.219507416019594,0.223258978733745,1,0.00289017341040462,-1.5175481151156
1,"CB","Jonathan Jones",2556571,145,-5.53186613730378,-4.2133868782025,0.262138740119949,0.27299178423605,2,0.0136054421768707,-2.11967496530678
1,"CB","P.J. Williams",2552484,233,-5.72059505760892,-4.72051310606974,0.232126351834535,0.2388465756389,3,0.0127118644067797,-2.28235187333371
1,"CB","Patrick Peterson",2495504,275,-5.8639604269527,-6.67666276317808,0.240028297699514,0.241693479965653,1,0.0036231884057971,-0.699618603153842
1,"CB","Nickell Robey-Coleman",2540197,162,-5.87051470489299,-4.97489401825696,0.265591017077585,0.274968346916609,1,0.00613496932515337,-1.79409578083848
1,"CB","Kyle Fuller",2543681,375,-5.92950980945763,-7.65647260379105,0.229581826848081,0.22985389731285,1,0.00265957446808511,-0.331880321601302
1,"SS","Jeff Heath",2541832,96,-5.96455483562811,-5.51713153252029,0.393693220719174,0.399731367442731,1,0.0103092783505155,-0.979393452904197
1,"CB","Desmond Trufant",2539334,349,-6.01190084268385,-6.66572832400181,0.226329659572214,0.227988452371337,3,0.00852272727272727,-1.26288404400787
1,"CB","James Bradberry",2555175,314,-6.05056054233072,-7.77291022056529,0.242102980564459,0.241334603746707,1,0.00317460317460317,-6.42829725840954e-05
1,"CB","Captain Munnerlyn",80668,171,-6.30396704585068,-5.6357791453094,0.277243935486183,0.283348673945716,2,0.0115606936416185,-1.61060762447151
1,"CB","Troy Hill",2553536,113,-6.40929228706417,-6.44933201798346,0.372611543390582,0.374457124409993,1,0.0087719298245614,-0.583007779603458
1,"FS","Tyrann Mathieu",2540180,135,-6.45628540137185,-3.16631814792123,0.248288177461121,0.272150597625036,3,0.0217391304347826,-4.03787851500362
1,"CB","Donte Jackson",2560753,271,-6.46741349321448,-6.47611417303996,0.242404740559965,0.246976753476873,1,0.00367647058823529,-1.48599225395891
1,"CB","Chris Harris",2530510,230,-6.80626279624498,-7.05737988102726,0.268234638325431,0.270289954540189,2,0.00862068965517241,-1.01330263847475
1,"CB","Marcus Peters",2552488,226,-6.823187007099,-7.06547874964742,0.264297665703451,0.266365889395926,2,0.0087719298245614,-1.00015033329116
1,"CB","Tre Flowers",2560728,283,-6.91891336027193,-7.72836579475973,0.262685990919799,0.26345646523739,2,0.00701754385964912,-0.744957162353051
1,"CB","Brian Poole",2556445,186,-7.26667261134539,-6.7039182326036,0.299345865819537,0.306257219901401,1,0.0053475935828877,-1.59176907912815
1,"SS","Derwin James",2560760,121,-7.40920053427838,-8.07293316688781,0.432278178232252,0.432278178232252,0,0,0
1,"CB","Kareem Jackson",496735,198,-7.52503476739932,-8.27669583535867,0.312478278490007,0.311030329132383,2,0.01,-0.335366685455356
1,"CB","A.J. Bouye",2541162,269,-7.78690363918265,-8.82684418528547,0.277580460284312,0.277143809049172,2,0.00738007380073801,-0.436828435845905
1,"CB","Taron Johnson",2560766,114,-7.85273362083409,-6.58003229418417,0.39094785697682,0.400614758223417,2,0.0172413793103448,-1.9032562585589
1,"CB","Ronald Darby",2552689,216,-8.13140901441868,-9.31625404453137,0.332419967865786,0.332419967865786,0,0,0
1,"CB","Jalen Mills",2555383,152,-8.29882211353407,-9.1326019495393,0.396195430800848,0.396195430800848,0,0,0
1,"CB","Bobby McCain",2552434,227,-9.31081741899321,-8.38705981487166,0.289977670955613,0.298271212255837,1,0.0043859649122807,-2.18090508740647
1,"CB","Tre'Davious White",2557867,306,-9.70849038943819,-4.07933847280973,0.199822000804439,0.219422761713806,6,0.0192307692307692,-7.31436940854901
1,"CB","Brent Grimes",2506861,235,-9.91674461907922,-9.86455976761061,0.314115729340412,0.317139820767268,2,0.00843881856540084,-1.3449411268457
1,"CB","Desmond King",2557927,160,-9.9286230663053,-8.68348720412733,0.380717703949058,0.389157220280202,2,0.0123456790123457,-2.1286370535434
1,"CB","Xavien Howard",2555539,216,-10.2194912790697,-4.71015261927637,0.233312918323099,0.259540757782867,4,0.0181818181818182,-6.70337635444136
1,"CB","Kenny Moore II",2558976,192,-10.2879309225598,-9.17380345595434,0.343527666047466,0.351188637053473,2,0.0103092783505155,-2.17328370726015
1,"CB","Johnathan Joseph",2495872,237,-10.3542837603528,-11.654322057282,0.339777685014095,0.339777685014095,0,0,0
0,"CB","Teez Tabor",2557955,88,2.83512612658373,2.53696490952533,0.0350446966107764,0.0367360073992278,1,0.0112359550561798,-0.185571356782953
0,"CB","Cameron Sutton",2558849,91,2.80573678013035,2.3065659572588,0.0643296802737525,0.0643296802737525,0,0,0
0,"CB","Kevin King",2557996,81,2.67336999068452,2.22905310439226,0.0467925435102089,0.0467925435102089,0,0,0
0,"CB","Jamal Agnew",2558821,43,1.96119177386287,1.72531984657191,-0.0100114414028195,-0.0100114414028195,0,0,0
0,"DB","Sean Chandler",2561017,29,1.70099957794041,1.54192316186047,0.013318337134156,0.013318337134156,0,0,0
0,"SS","Morgan Burnett",496727,60,1.60521932924283,1.27609570976708,0.0609936025694934,0.0609936025694934,0,0,0
0,"SS","Michael Thomas",2535687,75,1.25072090571732,0.839316381372634,0.0926622932555033,0.0926622932555033,0,0,0
0,"SS","Tony Jefferson",2540164,68,1.17852472849505,1.29529081729176,0.0792193282631943,0.0852085303577645,1,0.0144927536231884,-0.492474272788536
0,"FS","Corey Graham",2495613,35,1.152969238735,1.35679366294431,0.0822693574385095,0.0910395522039729,1,0.0277777777777778,-0.397996368995192
0,"SS","Jayron Kearse",2555156,41,1.11265411233067,0.887752972355579,0.068457061307945,0.068457061307945,0,0,0
0,"FS","Kevin Byard",2555158,64,1.08710303420689,0.736037840099424,0.119780825493208,0.119780825493208,0,0,0
0,"SS","Nat Berhe",2543643,10,1.03819207883883,0.983338142259539,-0.243843010524106,-0.243843010524106,0,0,0
0,"CB","Damarious Randall",2552389,57,1.01478339000788,0.702115951505922,0.124686356936683,0.124686356936683,0,0,0
0,"ILB","Darron Lee",2555322,67,0.825942942811912,0.458421567730661,0.109895138153107,0.109895138153107,0,0,0
0,"DB","Marcus Allen",2560956,8,0.819376289476891,0.775493140213458,-0.241127338853159,-0.241127338853159,0,0,0
0,"ILB","Terrance Smith",2556775,22,0.667641611043414,0.546962950568973,0.0796372136030285,0.0796372136030285,0,0,0
0,"SS","Josh Jones",2558119,48,0.656872685758243,0.393573790177645,0.0884692236647761,0.0884692236647761,0,0,0
0,"CB","Tony Lippett",2552427,12,0.651909665572345,0.586084941677196,-0.0616671829772391,-0.0616671829772391,0,0,0
0,"CB","Brandon Facyson",2560719,3,0.599904898839679,0.583448717865891,-0.462917431312388,-0.462917431312388,0,0,0
0,"CB","Patrick Robinson",2508084,23,0.591504798314892,0.465340744182522,0.0479505289948653,0.0479505289948653,0,0,0
0,"CB","KeiVarae Russell",2555547,42,0.46499792800762,0.234611394374597,0.127980256237526,0.127980256237526,0,0,0
0,"CB","Eric Rowe",2552255,52,0.462027012485922,0.176786542273607,0.136824587424972,0.136824587424972,0,0,0
0,"FS","Montae Nicholson",2558133,22,0.46062058589473,0.339941925420289,0.0776435579828281,0.0776435579828281,0,0,0
0,"DB","Armani Watts",2560921,17,0.457211183182184,0.363959490997389,0.172084021144135,0.172084021144135,0,0,0
0,"CB","Adonis Alexander",2561644,3,0.431012694509743,0.414556513535955,-0.364421322886526,-0.364421322886526,0,0,0
0,"MLB","Jarrad Davis",2557855,38,0.422586790351249,0.214141831349942,0.122739710866511,0.122739710866511,0,0,0
0,"ILB","Jon Bostic",2539978,56,0.399339817165135,0.0921577723211042,0.113357201213676,0.113357201213676,0,0,0
0,"FS","Jordan Lucas",2555542,32,0.39325065840362,0.217718061349888,0.104328213295309,0.104328213295309,0,0,0
0,"LB","Kenny Young",2560947,24,0.374985090334549,0.24333564254425,0.0807103667276529,0.0807103667276529,0,0,0
0,"CB","Aqib Talib",1302,92,0.371285252690091,-0.133370963839389,0.146487729988298,0.146487729988298,0,0,0
0,"SS","Tavon Wilson",2534830,55,0.35587978796659,0.0541831367804883,0.121764678569681,0.121764678569681,0,0,0
0,"S","Kenny Ladler",2550365,2,0.352801585570605,0.341830798254747,-0.326861290474396,-0.326861290474396,0,0,0
0,"CB","Kayvon Webster",2540291,4,0.327025108511212,0.305083533879496,-0.0941599623647493,-0.0941599623647493,0,0,0
0,"ILB","L.J. Fort",2535613,18,0.32630306551939,0.227565979676666,0.116659627736822,0.116659627736822,0,0,0
0,"CB","Marcus Sherels",2508007,11,0.316924394515428,0.256585064278207,0.12041290868468,0.12041290868468,0,0,0
0,"CB","Marcus Williams",2550605,11,0.313242539474513,0.252903209237292,0.115221845157777,0.115221845157777,0,0,0
0,"DB","Rashaan Gaulden",2560775,5,0.298728610256552,0.271301641966907,-0.0817830444525579,-0.0817830444525579,0,0,0
0,"CB","Neiko Thorpe",2534846,14,0.295663490356504,0.218867979145496,0.0830846197615954,0.0830846197615954,0,0,0
0,"DB","Tracy Walker",2560913,10,0.279637706980654,0.224783770401362,0.0856744315172294,0.0856744315172294,0,0,0
0,"ILB","Tae Davis",2561318,18,0.272576102973692,0.173839017130967,0.0978659824582057,0.0978659824582057,0,0,0
0,"ILB","Vince Williams",2540221,62,0.261003564864131,-0.0790908419274748,0.139628670527432,0.139628670527432,0,0,0
0,"DB","Obi Melifonwu",2558189,7,0.253650411195059,0.215252655589555,0.031443550781158,0.031443550781158,0,0,0
0,"FS","Kendrick Lewis",494277,8,0.252750339271258,0.208867190007825,0.0421104701065738,0.0421104701065738,0,0,0
0,"CB","Blidi Wreh-Wilson",2539219,10,0.249835857903738,0.194981921324446,0.0888242817522523,0.0888242817522523,0,0,0
0,"FS","Raven Greene",2561207,5,0.247132401690935,0.219705433401289,-0.0566759491227279,-0.0566759491227279,0,0,0
0,"OLB","Von Miller",2495202,3,0.230559945840228,0.214103764866441,-0.101674501182178,-0.101674501182178,0,0,0
0,"DB","Anthony Levine",2508004,42,0.223129697009586,0.522790065751858,0.117389703186818,0.127054371836653,1,0.0232558139534884,-0.532970455129727
0,"CB","Josh Shaw",2552259,10,0.216102031463425,0.161248094884133,0.061557289967545,0.061557289967545,0,0,0
0,"CB","Tre Herndon",2561340,32,0.210512838402931,0.0349802413491994,0.135155444962132,0.135155444962132,0,0,0
0,"CB","Anthony Averett",2560963,27,0.208803784301871,0.0606981555377847,0.1252671851316,0.1252671851316,0,0,0
0,"OLB","Clay Matthews",80431,10,0.205503148565565,0.150649211986274,0.0973566703067664,0.0973566703067664,0,0,0
0,"CB","Tony Brown",2560982,87,0.15810232353389,-0.319126924705944,0.165661201264584,0.165661201264584,0,0,0
0,"FS","Jermaine Whitehead",2552697,37,0.150121943209876,-0.0528376221335021,0.140854213722086,0.140854213722086,0,0,0
0,"DB","Denzel Rice",2553736,9,0.125360664410507,0.0759921214891452,0.117668956409178,0.117668956409178,0,0,0
0,"OLB","Tyus Bowser",2558166,4,0.123417444196992,0.101475869565276,0.0162677282084494,0.0162677282084494,0,0,0
0,"ILB","Nicholas Morrow",2559054,42,0.122902206412799,-0.107484327220224,0.203811681714083,0.203811681714083,0,0,0
0,"OLB","Connor Barwin",71197,2,0.114318167809875,0.103347380494016,-0.096346992297867,-0.096346992297867,0,0,0
0,"LB","Shaun Dion Hamilton",2561003,7,0.0916092773303785,0.0532115217248747,0.102646981380578,0.102646981380578,0,0,0
0,"CB","Jourdan Lewis",2557920,44,0.085740611199469,-0.155616709749412,0.183553053256371,0.183553053256371,0,0,0
0,"OLB","Pernell McPhee",2495201,2,0.0770219897811532,0.0660512024652949,-0.0130681992937786,-0.0130681992937786,0,0,0
0,"CB","Cordrea Tankersley",2557931,5,0.0763625819708273,0.0489356136811817,0.0763839330614473,0.0763839330614473,0,0,0
0,"DB","Isaiah Johnson",2553545,1,0.0711671266393858,0.0656817329814567,-0.131778663140852,-0.131778663140852,0,0,0
0,"CB","Davon House",2495170,9,0.0700335141493238,0.0206649712279617,0.127907700632795,0.127907700632795,0,0,0
0,"OLB","Josh Martin",2541864,2,0.0677432602093512,0.056772472893493,-0.00295198612923918,-0.00295198612923918,0,0,0
0,"ILB","Dylan Cole",2559152,17,0.0664556885763178,-0.0267960036084773,0.148096266746721,0.148096266746721,0,0,0
0,"LB","Jermaine Carter",2561093,10,0.0659618421743645,0.0111079055950732,0.109532317731863,0.109532317731863,0,0,0
0,"OLB","Za'Darius Smith",2552279,1,0.0595725034476226,0.0540871097896935,-0.10611585447049,-0.10611585447049,0,0,0
0,"CB","Johnson Bademosi",2535693,9,0.0562468905420939,0.00687834762073176,0.113270730560646,0.113270730560646,0,0,0
0,"CB","Tavierre Thomas",2561278,4,0.0543734771920941,0.0324319025603776,0.0905262366732153,0.0905262366732153,0,0,0
0,"MLB","Kelvin Sheppard",2495229,1,0.0511742102294459,0.0456888165715168,-0.0748849954818669,-0.0748849954818669,0,0,0
0,"DE","Lerentee McCray",2539662,1,0.0501212438366675,0.0446358501787384,-0.0705900068065682,-0.0705900068065682,0,0,0
0,"OLB","Jalen Reeves-Maybin",2557924,10,0.0491250998595219,-0.00572883671976931,0.130494485790407,0.130494485790407,0,0,0
0,"CB","De'Vante Harris",2556833,33,0.0423988869581218,-0.138619103753539,0.147497973659431,0.147497973659431,0,0,0
0,"OLB","Chase Allen",2559043,1,0.0383021628493384,0.0328167691914092,-0.0260819710221724,-0.0260819710221724,0,0,0
0,"OLB","Lorenzo Carter",2561015,4,0.0343301491058129,0.0123885744740964,0.121394022825878,0.121394022825878,0,0,0
0,"OLB","Shaquil Barrett",2550541,9,0.0324583324495484,-0.0169102104718137,0.124825297582926,0.124825297582926,0,0,0
0,"LB","Jack Cichy",2561022,1,0.027816495453087,0.0223311017951579,0.0149534489877564,0.0149534489877564,0,0,0
0,"LB","Joe Jones",2559200,1,0.0215450033180293,0.0160596096601001,0.0560670756695983,0.0560670756695983,0,0,0
0,"SS","Daniel Sorensen",2550257,30,0.0173134462918287,1.34191485650919,-0.0101109710876141,0.0385176706192686,1,0.032258064516129,-1.49737692182575
0,"ILB","Daren Bates",2541539,5,0.0110768878942876,-0.016350080395358,0.195306209803947,0.195306209803947,0,0,0
0,"FS","Rontez Miles",2540287,2,0.0100817828327743,-0.000889004483083988,0.10788487090013,0.10788487090013,0,0,0
0,"CB","Rashard Robinson",2555546,25,0.00571499811616874,-0.131419843332059,0.161302919077363,0.161302919077363,0,0,0
0,"OLB","Jordan Jenkins",2555256,10,0.00105188670601235,-0.0538020498732789,0.133555368914071,0.133555368914071,0,0,0
0,"FS","Adrian Colbert",2558857,1,0.000661814762285028,-0.0048235788956441,0.140080262257796,0.140080262257796,0,0,0
0,"OLB","Ray-Ray Armstrong",2541792,14,-0.00148319689328762,-0.0782787081042954,0.165033138407502,0.165033138407502,0,0,0
0,"FS","George Odum",2561131,2,-0.00350098284897693,-0.0144717701648352,0.133628814204421,0.133628814204421,0,0,0
0,"LB","Cassanova McKinzy",2556614,1,-0.00407049218039552,-0.00955588583832464,0.158039779689745,0.158039779689745,0,0,0
0,"MLB","Korey Toomer",2534567,2,-0.00583987495764591,-0.0168106622735042,0.15927816780956,0.15927816780956,0,0,0
0,"DB","Danny Johnson",2560764,19,-0.00968569915269597,-0.113908178653349,0.152764180505523,0.152764180505523,0,0,0
0,"LB","Uchenna Nwosu",2560826,4,-0.0101247042415297,-0.0320662788732462,0.186151797004471,0.186151797004471,0,0,0
0,"MLB","Kevin Minter",2540159,1,-0.0110578752697184,-0.0165432689276476,0.17045287406382,0.17045287406382,0,0,0
0,"CB","Kenneth Durden",2556798,1,-0.0118255842072345,-0.0173109778651637,0.173631270249346,0.173631270249346,0,0,0
0,"ILB","Tyler Matakevich",2555171,5,-0.0146227573368506,-0.0420497256264963,0.173929614426919,0.173929614426919,0,0,0
0,"CB","Joshua Holsey",2558858,6,-0.0218593305183076,-0.0547716924658823,0.181501828345339,0.181501828345339,0,0,0
0,"SS","Matthias Farley",2556429,7,-0.0228963200738131,-0.0612940756793169,0.157817527054209,0.157817527054209,0,0,0
0,"LB","Joel Iyiegbuniwe",2560750,2,-0.0231972499445923,-0.0341680372604506,0.186818773924756,0.186818773924756,0,0,0
0,"MLB","Zach Vigil",2553687,1,-0.0238826370888806,-0.0293680307468097,0.226328865786834,0.226328865786834,0,0,0
0,"SS","Eddie Pleasant",2532928,5,-0.0246652683208752,-0.0520922366105208,0.158886027825112,0.158886027825112,0,0,0
0,"ILB","Kamalei Correa",2555339,5,-0.0260820406017522,-0.0535090088913978,0.192046719188902,0.192046719188902,0,0,0
0,"SS","Terrence Brooks",2543712,1,-0.0290310608555062,-0.0345164545134354,0.248750319122431,0.248750319122431,0,0,0
0,"LB","Nick DeLuca",2561042,8,-0.0312692855546425,-0.0751524348180755,0.154500850090513,0.154500850090513,0,0,0
0,"OLB","Nick Perry",2533048,1,-0.0315520973253849,-0.037037490983314,0.256824234845778,0.256824234845778,0,0,0
0,"MLB","Mike Hull",2552317,2,-0.0334484543994669,-0.0444192417153251,0.196435844914314,0.196435844914314,0,0,0
0,"LB","Keishawn Bierria",2560976,3,-0.0359995318543034,-0.0524557128280907,0.178196469763998,0.178196469763998,0,0,0
0,"CB","Quenton Meeks",2560808,17,-0.0364515980174555,-0.129703290202251,0.166279330264303,0.166279330264303,0,0,0
0,"OLB","Josh Keyes",2553719,1,-0.0372244796243472,-0.0427098732822763,0.303688231911891,0.303688231911891,0,0,0
0,"OLB","Albert McClellan",496814,1,-0.0385710525159065,-0.0440564461738356,0.286762709155767,0.286762709155767,0,0,0
0,"OLB","James Burgess",2556489,1,-0.0410826478215187,-0.0465680414794479,0.299887529754155,0.299887529754155,0,0,0
0,"OLB","Cameron Lynch",2553774,1,-0.0445807211386631,-0.0500661147965922,0.312826875771545,0.312826875771545,0,0,0
0,"DE","Olivier Vernon",2533534,1,-0.044618329918574,-0.0501037235765031,0.319443812427873,0.319443812427873,0,0,0
0,"CB","Chris Milton",2556394,24,-0.0484924891535568,-0.180141936943856,0.159716600084769,0.159716600084769,0,0,0
0,"FS","Ibraheim Campbell",2552605,7,-0.0507241220688582,-0.0891218776743621,0.183408374753607,0.183408374753607,0,0,0
0,"SS","Deon Bush",2555155,2,-0.0512794554703724,-0.0622502427862307,0.241821084460241,0.241821084460241,0,0,0
0,"ILB","Will Compton",2540013,4,-0.0545314071830515,-0.076472981814768,0.206511496998003,0.206511496998003,0,0,0
0,"CB","Walt Aikens",2543724,5,-0.0563995817988347,-0.0838265500884803,0.187024158210259,0.187024158210259,0,0,0
0,"CB","Akeem King",2553456,44,-0.0577301393307951,0.0667925776836278,0.133945398875721,0.139144347876019,1,0.0222222222222222,-0.367898103889142
0,"LB","Rashaan Evans",2560718,12,-0.0607901289982189,-0.126614852893368,0.178033291509317,0.178033291509317,0,0,0
0,"LB","Kylie Fitts",2560724,2,-0.0623088288251872,-0.0732796161410455,0.256898901850726,0.256898901850726,0,0,0
0,"OLB","Deon Lacey",2541848,1,-0.0654676805233172,-0.0709530741812463,0.405401567862542,0.405401567862542,0,0,0
0,"OLB","Ben Gedeon",2558033,17,-0.0654820869804294,-0.158733779165225,0.186960185292642,0.186960185292642,0,0,0
0,"CB","Vontae Davis",79901,10,-0.0669744424184822,-0.121828378997774,0.197936166809087,0.197936166809087,0,0,0
0,"MLB","Stephone Anthony",2552321,1,-0.0679534121106562,-0.0734388057685853,0.416831096235647,0.416831096235647,0,0,0
0,"CB","Dontae Johnson",2543739,2,-0.0690070388108803,-0.0799778261267386,0.339895125514645,0.339895125514645,0,0,0
0,"CB","Marcus Cooper",2541202,22,-0.0732069451123023,-0.193885605586743,0.165616651913709,0.165616651913709,0,0,0
0,"OLB","Ramon Humber",2507644,4,-0.0782860510417369,-0.100227625673453,0.209145736484943,0.209145736484943,0,0,0
0,"LB","Isaiah Irving",2559287,1,-0.0801744860770892,-0.0856598797350183,0.474138624264786,0.474138624264786,0,0,0
0,"OLB","Marquis Flowers",2549896,1,-0.0829830546811105,-0.0884684483390396,0.502952665096341,0.502952665096341,0,0,0
0,"LB","Riley Bullough",2558923,2,-0.0836156648032897,-0.094586452119148,0.310562442000774,0.310562442000774,0,0,0
0,"LB","Breeland Speaks",2560881,1,-0.084723212604716,-0.0902086062626451,0.493250585521111,0.493250585521111,0,0,0
0,"OLB","Derrick Morgan",496828,5,-0.0859899924366149,-0.113416960726261,0.216199894808343,0.216199894808343,0,0,0
0,"OLB","Emmanuel Lamur",2536032,14,-0.0864633119255514,-0.163258823136559,0.164025420284254,0.164025420284254,0,0,0
0,"CB","Darius Phillips",2560839,71,-0.0895861071573313,-0.479049056870299,0.171974369068001,0.171974369068001,0,0,0
0,"OLB","Brian Orakpo",71423,6,-0.0929840439890059,-0.125896405936581,0.23928314927592,0.23928314927592,0,0,0
0,"FS","DeAndre Houston-Carson",2555381,5,-0.0931564912279295,-0.120583459517575,0.214964255308539,0.214964255308539,0,0,0
0,"OLB","Sharif Finch",2561328,3,-0.100662302986094,-0.117118483959882,0.281259432696248,0.281259432696248,0,0,0
0,"SS","Chris Banjo",2541192,2,-0.109826206758683,-0.120796994074541,0.368413479134005,0.368413479134005,0,0,0
0,"ILB","Skai Moore",2560816,2,-0.122700408439856,-0.133671195755714,0.392781254536834,0.392781254536834,0,0,0
0,"ILB","Ukeme Eligwe",2558097,2,-0.128058801410478,-0.139029588726336,0.422301144580996,0.422301144580996,0,0,0
0,"LB","Shilique Calhoun",2555294,1,-0.128985697517549,-0.134471091175478,0.720975964718876,0.720975964718876,0,0,0
0,"CB","Charvarius Ward",2561417,46,-0.129114477854778,-0.381442586119518,0.176505498355292,0.176505498355292,0,0,0
0,"OLB","Preston Smith",2552276,10,-0.129456319998025,-0.184310256577316,0.184483885971011,0.184483885971011,0,0,0
0,"OLB","Terrell Suggs",2505660,3,-0.131369745515436,-0.147825926489223,0.342542716117582,0.342542716117582,0,0,0
0,"FS","Mike Mitchell",238227,5,-0.133648812580795,-0.161075780870441,0.243007047859861,0.243007047859861,0,0,0
0,"CB","Dominique Hatfield",2559356,2,-0.136594993404184,-0.147565780720042,0.448868199190276,0.448868199190276,0,0,0
0,"S","Brandon Wilson",2558786,19,-0.13681859281249,-0.241041072313143,0.206782553997686,0.206782553997686,0,0,0
0,"CB","Maurice Canady",2555178,5,-0.137820964252416,-0.165247932542062,0.245870839939812,0.245870839939812,0,0,0
0,"S","Maurice Smith",2559058,2,-0.140244237147499,-0.151215024463357,0.453175454806579,0.453175454806579,0,0,0
0,"CB","C.J. Goodwin",2550767,2,-0.145628149701961,-0.156598937017819,0.461407512206589,0.461407512206589,0,0,0
0,"ILB","Bryce Hager",2552307,7,-0.146007477769479,-0.184405233374983,0.227641792020704,0.227641792020704,0,0,0
0,"CB","Tyler Patmon",2550659,67,-0.14895323564808,-0.516474610729332,0.169992614799149,0.169992614799149,0,0,0
0,"CB","Dexter McDougle",2543608,39,-0.150035209565098,-0.363965562224334,0.199956350058725,0.199956350058725,0,0,0
0,"DB","Dymonte Thomas",2559293,2,-0.150496148243267,-0.161466935559126,0.459248464557411,0.459248464557411,0,0,0
0,"FS","Ha Ha Clinton-Dix",2543470,22,-0.155246167167442,-0.275924827641883,0.17752564946911,0.17752564946911,0,0,0
0,"SS","Chris Conte",2495272,8,-0.157046209797642,-0.200929359061075,0.263180618794115,0.263180618794115,0,0,0
0,"OLB","Harold Landry",2560784,4,-0.160335476496233,-0.18227705112795,0.299844538011179,0.299844538011179,0,0,0
0,"ILB","Ramik Wilson",2552320,23,-0.167653430824502,-0.293817484956872,0.180733912105223,0.180733912105223,0,0,0
0,"DB","Tre Sullivan",2559260,7,-0.170071664545631,-0.208469420151135,0.236407542151789,0.236407542151789,0,0,0
0,"FS","Marcus Maye",2557995,7,-0.170547536877198,-0.208945292482701,0.250583345600019,0.250583345600019,0,0,0
0,"LB","Ben Niemann",2561383,4,-0.176787212011431,-0.198728786643148,0.32453482979804,0.32453482979804,0,0,0
0,"OLB","Anthony Chickillo",2552266,9,-0.177147510619304,-0.226516053540667,0.214403684288679,0.214403684288679,0,0,0
0,"LB","Reggie Gilbert",2556537,3,-0.183048822970805,-0.199505003944592,0.412401055297443,0.412401055297443,0,0,0
0,"LB","Frankie Luvu",2561366,7,-0.184426778069131,-0.222824533674635,0.259130067458053,0.259130067458053,0,0,0
0,"FS","Glover Quin",71441,38,-0.187402480924384,-0.39584743992569,0.178788890756213,0.178788890756213,0,0,0
0,"CB","Josh Robinson",2533542,6,-0.19243157585444,-0.225343937802015,0.286548592998733,0.286548592998733,0,0,0
0,"LB","Corey Thompson",2561107,3,-0.194614571310896,-0.211070752284683,0.410728878699177,0.410728878699177,0,0,0
0,"OLB","Brennan Scarlett",2556673,4,-0.198143295517149,-0.220084870148865,0.359945269493166,0.359945269493166,0,0,0
0,"FS","Kemal Ishmael",2541431,5,-0.214178677148063,-0.241605645437709,0.316412349800474,0.316412349800474,0,0,0
0,"LB","Kyzir White",2560928,8,-0.219702400492365,-0.263585549755798,0.253051505710732,0.253051505710732,0,0,0
0,"ILB","Nate Stupar",2533459,3,-0.219896159253772,-0.23635234022756,0.526963656233925,0.526963656233925,0,0,0
0,"CB","Josh Hawkins",2556550,2,-0.238686430192407,-0.249657217508265,0.660989740140394,0.660989740140394,0,0,0
0,"LB","Jason Cabinda",2560986,5,-0.252997737149783,-0.280424705439428,0.345424537694895,0.345424537694895,0,0,0
0,"SS","Blake Countess",2556374,1,-0.266526183198363,-0.272011576856292,1.43076037153358,1.43076037153358,0,0,0
0,"SS","Deshazor Everett",2553710,10,-0.279923096657336,-0.334777033236628,0.26249425680223,0.26249425680223,0,0,0
0,"ILB","Christian Jones",2550572,34,-0.27994370441177,-0.466447088781361,0.190522971172569,0.190522971172569,0,0,0
0,"DB","Keion Crossen",2561157,22,-0.284480826538501,-0.405159487012942,0.213000321350817,0.213000321350817,0,0,0
0,"LB","Nate Gerry",2558175,4,-0.292788913816259,-0.314730488447976,0.4633146428234,0.4633146428234,0,0,0
0,"CB","Mike Tyson",2558853,9,-0.29752297626533,-0.346891519186692,0.318450531303306,0.318450531303306,0,0,0
0,"SS","Eric Berry",496723,6,-0.304413892287796,-0.337326254235371,0.374603630930974,0.374603630930974,0,0,0
0,"OLB","Samson Ebukam",2558830,13,-0.305518996152078,-0.376829113705157,0.24123893160561,0.24123893160561,0,0,0
0,"OLB","Ryan Kerrigan",2495190,4,-0.309448091655024,-0.331389666286741,0.503513263991484,0.503513263991484,0,0,0
0,"LB","Oren Burks",2560984,15,-0.31189081076909,-0.394171715638026,0.239449927739543,0.239449927739543,0,0,0
0,"FS","Colin Jones",2499257,6,-0.313031505701215,-0.34594386764879,0.36384830296226,0.36384830296226,0,0,0
0,"CB","Greg Mabin",2558971,37,-0.31868053936372,-0.521640104707098,0.206261204017639,0.206261204017639,0,0,0
0,"SS","Jarrod Wilson",2556711,15,-0.319574698828994,-0.40185560369793,0.274463851294813,0.274463851294813,0,0,0
0,"CB","Vernon Hargreaves III",2555299,25,-0.323269620701442,-0.46040446214967,0.211746158749068,0.211746158749068,0,0,0
0,"ILB","Nick Kwiatkoski",2555288,14,-0.324709498280689,-0.401505009491697,0.236161727009027,0.236161727009027,0,0,0
0,"DE","Justin Houston",2495493,11,-0.325944520192744,-0.386283850429965,0.260392795695138,0.260392795695138,0,0,0
0,"ILB","Jayon Brown",2558005,52,-0.333904007981666,0.516795091298308,0.097572555499266,0.117282601879093,1,0.0188679245283019,-1.14220501363011
0,"ILB","Antonio Morrison",2555160,7,-0.335528468003666,-0.37392622360917,0.359026340808628,0.359026340808628,0,0,0
0,"CB","Cornell Armstrong",2561147,26,-0.336005364132343,-0.4786255992385,0.217376013074977,0.217376013074977,0,0,0
0,"DB","Tarvarius Moore",2561117,59,-0.352002500237861,-0.675640726055679,0.186782356307308,0.186782356307308,0,0,0
0,"SS","Da'Norris Searcy",2495339,3,-0.352599813657419,-0.369055994631206,0.673833516209403,0.673833516209403,0,0,0
0,"LB","Tanner Vallejo",2558289,9,-0.355348607057386,-0.404717149978748,0.307915818642287,0.307915818642287,0,0,0
0,"ILB","Bruce Carter",2495136,5,-0.362625691679465,-0.390052659969111,0.492562991758657,0.492562991758657,0,0,0
0,"SS","Erik Harris",2555568,24,-0.363876948373372,-0.495526396163671,0.219065818982122,0.219065818982122,0,0,0
0,"ILB","Joe Thomas",2550262,5,-0.365172501469933,-0.392599469759579,0.469392678737043,0.469392678737043,0,0,0
0,"CB","Chandon Sullivan",2560887,21,-0.366437017793377,-0.481630284609888,0.239582119776552,0.239582119776552,0,0,0
0,"ILB","Brian Peters",2552730,5,-0.36766827448123,-0.395095242770876,0.491574833105091,0.491574833105091,0,0,0
0,"FS","Rodney McLeod",2534832,4,-0.36768467867042,-0.389626253302136,0.532860930113948,0.532860930113948,0,0,0
0,"LB","Duke Ejiofor",2560714,3,-0.370656562668897,-0.387112743642685,0.678078515064275,0.678078515064275,0,0,0
0,"CB","Lenzy Pipkins",2558988,12,-0.373248739418064,-0.439073463313213,0.275427324108524,0.275427324108524,0,0,0
0,"FS","Shalom Luani",2558274,2,-0.376114393893196,-0.387085181209055,1.01262079555337,1.01262079555337,0,0,0
0,"OLB","Matt Judon",2555505,16,-0.377889330852065,-0.465655629378931,0.238402474037329,0.238402474037329,0,0,0
0,"DE","Vic Beasley",2552301,2,-0.378102462040523,-0.138136734493789,0.397494452772766,0.349103166062254,1,0.333333333333333,-0.252320592641231
0,"FS","Malik Hooker",2558060,4,-0.38946047965092,-0.411402054282636,0.578985193115115,0.578985193115115,0,0,0
0,"OLB","Kareem Martin",2543738,10,-0.389981545136417,-0.444835481715708,0.296248484685134,0.296248484685134,0,0,0
0,"DB","Justin Hardee",2559181,27,-0.392198487227416,-0.540304115991503,0.221420042643415,0.221420042643415,0,0,0
0,"SS","Corey Moore",2553817,3,-0.394003402868469,-0.410459583842257,0.747839720957609,0.747839720957609,0,0,0
0,"S","Doug Middleton",2556617,6,-0.398824229422177,-0.431736591369752,0.479192124264696,0.479192124264696,0,0,0
0,"CB","Corn Elder",2558171,12,-0.40836053877382,-0.47418526266897,0.300059830264853,0.300059830264853,0,0,0
0,"MLB","Hayes Pullard",2552313,5,-0.412005795378576,-0.439432763668221,0.545069660556562,0.545069660556562,0,0,0
0,"ILB","B.J. Goodson",2555522,32,-0.412296000199964,-0.587828597253696,0.198975114792742,0.198975114792742,0,0,0
0,"FS","Eric Murray",2555173,35,-0.447066082343348,-0.639054860370868,0.229014619653053,0.229014619653053,0,0,0
0,"CB","Jalen Davis",2561316,13,-0.450645445960193,-0.521955563513272,0.306355673643013,0.306355673643013,0,0,0
0,"ILB","Reggie Ragland",2555169,17,-0.452146240842551,-0.545397933027346,0.255946623598169,0.255946623598169,0,0,0
0,"OLB","Kyle Emanuel",2552296,8,-0.452973676384241,-0.496856825647674,0.401459035193125,0.401459035193125,0,0,0
0,"MLB","Mark Nzeocha",2552684,10,-0.455391904991031,-0.510245841570322,0.326469668294267,0.326469668294267,0,0,0
0,"OLB","Vincent Rey",2507843,17,-0.461911792404739,-0.555163484589534,0.253697787388735,0.253697787388735,0,0,0
0,"OLB","Reuben Foster",2557837,28,-0.474326867056546,-0.627917889478561,0.205734035325471,0.205734035325471,0,0,0
0,"FS","Eddie Jackson",2558176,25,-0.483793056390416,-0.620927897838644,0.237900744448565,0.237900744448565,0,0,0
0,"FS","Curtis Riley",2553822,14,-0.484435602434764,-0.561231113645771,0.297151446252692,0.297151446252692,0,0,0
0,"OLB","Bud Dupree",2552289,21,-0.491469426099708,-0.60666269291622,0.233366739948694,0.233366739948694,0,0,0
0,"OLB","Damien Wilson",2552686,23,-0.49937702870296,-0.625541082835329,0.24709403153912,0.24709403153912,0,0,0
0,"OLB","Najee Goode",2533016,6,-0.499873034157541,-0.532785396105116,0.52369371643996,0.52369371643996,0,0,0
0,"OLB","Barkevious Mingo",2540140,25,-0.504581561839919,-0.641716403288147,0.238954862272679,0.238954862272679,0,0,0
0,"ILB","Zach Brown",2532804,49,-0.510262804431758,-0.779047093670285,0.18553933527051,0.18553933527051,0,0,0
0,"OLB","Craig Robertson",2532431,12,-0.511726619242694,-0.577551343137844,0.33706672576849,0.33706672576849,0,0,0
0,"OLB","Devante Bond",2555307,14,-0.521390572938605,-0.598186084149613,0.2884760235504,0.2884760235504,0,0,0
0,"MLB","Manti Te'o",2539277,10,-0.525355376348817,-0.580209312928108,0.36809533868991,0.36809533868991,0,0,0
0,"FS","J.J. Wilcox",2540219,8,-0.532369613838523,-0.576252763101956,0.461436480439103,0.461436480439103,0,0,0
0,"CB","Parry Nickerson",2560822,60,-0.533444437502872,-0.86256805697862,0.201532291151917,0.201532291151917,0,0,0
0,"CB","Brandon Williams",2556371,23,-0.558733112353104,-0.684897166485474,0.289162572158624,0.289162572158624,0,0,0
0,"ILB","Julian Stanford",2535867,6,-0.578766476008537,-0.611678837956112,0.576715167115035,0.576715167115035,0,0,0
0,"SS","Jordan Richards",2552392,58,-0.579456820472878,-0.897609652632767,0.180017014758209,0.180017014758209,0,0,0
0,"CB","Derrick Jones",2558819,7,-0.585984436340356,-0.62438219194586,0.54826713420995,0.54826713420995,0,0,0
0,"OLB","Kyle Van Noy",2543699,46,-0.586521572673256,-0.838849680937996,0.191277374404903,0.191277374404903,0,0,0
0,"FS","Keanu Neal",2555543,10,-0.592152669426825,-0.647006606006116,0.416338226583193,0.416338226583193,0,0,0
0,"ILB","Matthew Adams",2561149,16,-0.593247649380901,-0.681013947907767,0.298015454119368,0.298015454119368,0,0,0
0,"ILB","Patrick Onwuasor",2556642,25,-0.594037036069992,0.117060128084916,0.111930059188272,0.140429309056279,1,0.0384615384615385,-0.852910555756464
0,"FS","Chuck Clark",2558248,27,-0.597238782330621,-0.745344411094708,0.241496628033256,0.241496628033256,0,0,0
0,"LB","Ja'Whaun Bentley",2561143,21,-0.600415880554429,-0.715609147370941,0.285346985917863,0.285346985917863,0,0,0
0,"ILB","Wesley Woodyard",2354,35,-0.600875667198069,-0.792864445225588,0.229752250402623,0.229752250402622,0,0,0
0,"SS","Ricardo Allen",2543850,9,-0.606451349580665,-0.655819892502027,0.464121655429066,0.464121655429066,0,0,0
0,"LB","Dorian O'Daniel",2560827,35,-0.606608246626875,0.113390197927634,0.115977525621468,0.138228633913778,1,0.0277777777777778,-0.917017424144642
0,"SS","Kentrell Brice",2556480,35,-0.607478110447336,-0.799466888474855,0.217911583836987,0.217911583836987,0,0,0
0,"OLB","Neville Hewitt",2553657,36,-0.62802245532116,-0.825496627006608,0.227989174886491,0.227989174886491,0,0,0
0,"DB","Natrell Jamerson",2560759,22,-0.640461025289803,-0.761139685764244,0.299964954745002,0.299964954745002,0,0,0
0,"CB","Sherrick McManis",494289,75,-0.642212024994885,-1.05361654933957,0.198974012100413,0.198974012100413,0,0,0
0,"FS","Xavier Woods",2558159,11,-0.659244603812193,-0.719583934049413,0.4510563503984,0.4510563503984,0,0,0
0,"ILB","Zaire Franklin",2561155,12,-0.659796851144107,-0.725621575039257,0.365790867716861,0.365790867716861,0,0,0
0,"CB","Sidney Jones",2557958,91,-0.669377757007185,-1.16854857987874,0.186170538868987,0.186170538868987,0,0,0
0,"OLB","Lorenzo Alexander",2506268,20,-0.674821703355808,-0.784529576514391,0.279717023868264,0.279717023868264,0,0,0
0,"OLB","Devon Kennard",2543869,6,-0.676123586571397,-0.0957571282083781,0.176101171101767,0.23903835396204,1,0.142857142857143,-0.616661451123677
0,"ILB","Kevin Pierre-Louis",2543563,10,-0.705914762510594,-0.760768699089886,0.493901123096251,0.493901123096251,0,0,0
0,"FS","George Iloka",2532869,10,-0.711024136157881,-0.765878072737172,0.459442702055708,0.459442702055708,0,0,0
0,"SS","Rayshawn Jenkins",2558182,14,-0.712198621560758,-0.788994132771766,0.396500704607235,0.396500704607235,0,0,0
0,"CB","Deante Burton",2559109,22,-0.71427945203167,-0.834958112506111,0.333497643018259,0.333497643018259,0,0,0
0,"FS","Earl Thomas",2508080,5,-0.715030099501408,-0.742457067791054,0.823101371740716,0.823101371740716,0,0,0
0,"OLB","Alex Anzalone",2558163,58,-0.716082361210663,-0.627043820425613,0.192759334957649,0.196431842800758,1,0.0169491525423729,-0.409437297701068
0,"LB","Josey Jewell",2560763,32,-0.722638968285416,-0.898171565339148,0.242202992665179,0.242202992665179,0,0,0
0,"MLB","David Mayo",2553441,12,-0.723626468335529,-0.789451192230678,0.413022309586057,0.413022309586057,0,0,0
0,"ILB","Josh Harvey-Clemons",2557880,21,-0.724749211400207,0.156200486586943,0.101569522635269,0.142481696148011,1,0.0454545454545455,-1.00163733991558
0,"MLB","Marquel Lee",2557972,21,-0.757651645580559,-0.872844912397071,0.298495653685635,0.298495653685635,0,0,0
0,"ILB","Derrick Johnson",2506353,9,-0.783952768411147,-0.83332131133251,0.551497667665399,0.551497667665399,0,0,0
0,"OLB","T.J. Watt",2558064,21,-0.79608500691576,-0.911278273732272,0.299602143164463,0.299602143164463,0,0,0
0,"LB","Leon Jacobs",2560758,16,-0.800969289457608,-0.888735587984474,0.359117676314703,0.359117676314703,0,0,0
0,"SS","Derrick Kindred",2555540,50,-0.809764275878527,-0.24194444985997,0.153173112775898,0.166772349372677,1,0.0196078431372549,-0.846734179211613
0,"CB","LeShaun Sims",2555551,52,-0.820607739200954,0.794585216299494,0.0899814497923391,0.124338696961355,1,0.0188679245283019,-1.9109155497502
0,"LB","Alec Ogletree",2540143,56,-0.823336612758572,-0.722192750658704,0.193685968493033,0.197491093421076,1,0.0175438596491228,-0.410578089391531
0,"OLB","Kyler Fackrell",2555340,15,-0.832051145907848,-0.10237985904923,0.170919356746982,0.211263811647532,1,0.0625,-0.816430635155777
0,"ILB","Sean Lee",496937,19,-0.840030761069944,-0.944253240570598,0.333341017590082,0.333341017590082,0,0,0
0,"FS","Clayton Fejedelem",2555355,13,-0.861305006795355,-0.932615124348433,0.484389495497917,0.484389495497917,0,0,0
0,"LB","Austin Calitro",2558925,18,-0.862955381903637,-0.961692467746361,0.348144308647688,0.348144308647688,0,0,0
0,"OLB","Eric Wilson",2559012,27,-0.870656144592189,-1.01876177335628,0.310045936391148,0.310045936391148,0,0,0
0,"FS","Reggie Nelson",2507167,16,-0.898189901844315,-0.985956200371181,0.413374618895265,0.413374618895265,0,0,0
0,"SS","Sean Davis",2555386,14,-0.92904414579142,-1.00583965700243,0.462942410174629,0.462942410174629,0,0,0
0,"SS","Andrew Sendejo",2525323,9,-0.94069875250204,-0.990067295423402,0.650694393784674,0.650694393784674,0,0,0
0,"CB","Adam Jones",2506345,35,-0.944324968178128,-0.496803746812965,0.197291767264442,0.209673587956729,1,0.0277777777777778,-0.643037312186764
0,"CB","E.J. Gaines",2543823,58,-0.944747008196634,-1.26289984035652,0.224639303455406,0.224639303455406,0,0,0
0,"DB","D.J. Reed",2560850,42,-0.979019723103999,-1.20940625673702,0.278290231443926,0.278290231443926,0,0,0
0,"CB","Donte' Deayon",2556512,39,-1.00133682904455,-1.21526718170379,0.269797314470258,0.269797314470258,0,0,0
0,"DB","Kevin Toliver",2560901,52,-1.00636527341404,-1.29160574362636,0.255089880747453,0.255089880747453,0,0,0
0,"CB","Ryan Lewis",2559208,57,-1.00900710476336,-1.32167454326532,0.236213678626004,0.236213678626004,0,0,0
0,"CB","Mike Hughes",2560746,48,-1.02238492553006,-1.28568382111066,0.243439935232487,0.243439935232487,0,0,0
0,"CB","Arthur Maulet",2559087,36,-1.02775245259756,-1.22522662428301,0.294680064129816,0.294680064129816,0,0,0
0,"ILB","Mason Foster",2495281,56,-1.03465321139883,-1.34183525624286,0.240513665579149,0.240513665579149,0,0,0
0,"CB","Nick Nelson",2560819,80,-1.0368925825183,-1.47572407515263,0.208098781636993,0.208098781636993,0,0,0
0,"S","Terrell Edmunds",2560712,55,-1.04146267094545,-0.0697060612491661,0.140496059809228,0.160852865567943,1,0.0178571428571429,-1.28047718229728
0,"LB","Genard Avery",2560964,19,-1.04860819978189,-1.15283067928254,0.388176065034373,0.388176065034373,0,0,0
0,"ILB","Danny Trevathan",2532961,89,-1.07523690385423,-1.56343693940992,0.204347456549396,0.204347456549396,0,0,0
0,"FS","Tedric Thompson",2557881,8,-1.08613641906926,-1.13001956833269,0.778333435529584,0.778333435529584,0,0,0
0,"DB","Tyvis Powell",2556655,14,-1.10115280425828,-1.17794831546929,0.529135285385894,0.529135285385894,0,0,0
0,"FS","Andrew Adams",2556456,38,-1.11825490601687,-1.32669986501818,0.278158503503134,0.278158503503134,0,0,0
0,"SS","Landon Collins",2552454,77,-1.12454290736056,-1.5469182190211,0.237170716310195,0.237170716310195,0,0,0
0,"SS","Damontae Kazee",2558184,14,-1.12686481368405,-1.20366032489506,0.520168380953538,0.520168380953538,0,0,0
0,"MLB","Dont'a Hightower",2533057,32,-1.13892664346438,-1.31445924051812,0.292486514224191,0.292486514224191,0,0,0
0,"CB","Leonard Johnson",2532878,26,-1.1402216904449,-1.28284192555106,0.34531962116229,0.34531962116229,0,0,0
0,"FS","Duron Harmon",2541243,9,-1.14512095857587,-0.290564771267018,0.28980725445509,0.351717575200943,1,0.1,-0.908910461913623
0,"CB","Tony McRae",2556817,38,-1.14738514868782,-1.35583010768913,0.284460254606089,0.284460254606089,0,0,0
0,"FS","Lamarcus Joyner",2543492,19,-1.14805740567388,-1.25227988517453,0.429451952937656,0.429451952937656,0,0,0
0,"SS","Kavon Frazier",2555536,11,-1.15431343237843,-1.21465276261565,0.628507732048253,0.628507732048253,0,0,0
0,"OLB","Leonard Floyd",2555285,24,-1.1573574788748,-1.28900692666509,0.347114662030993,0.347114662030993,0,0,0
0,"OLB","De'Vondre Campbell",2555255,88,-1.21577985929309,-1.69849450119085,0.223575097552978,0.223575097552978,0,0,0
0,"FS","Marcell Harris",2561006,22,-1.26283092782912,-1.38350958830356,0.416518477646006,0.416518477646006,0,0,0
0,"OLB","Kamu Grugier-Hill",2556363,28,-1.26914185217148,-1.4227328745935,0.33566644028782,0.33566644028782,0,0,0
0,"LB","Raekwon McMillan",2558070,40,-1.28692698558965,-1.50634273190682,0.280785746466238,0.280785746466238,0,0,0
0,"SS","Kenny Vaccaro",2539320,33,-1.28993886623861,-0.750724558205922,0.233356084703433,0.247792813018669,1,0.0294117647058824,-0.724204847421441
0,"SS","Lano Hill",2558077,26,-1.29942909779526,-1.44204933290142,0.367184081046647,0.367184081046647,0,0,0
0,"SS","Quandre Diggs",2552262,73,-1.32169408451061,-0.339660205419516,0.160795568117981,0.172672059371189,3,0.0394736842105263,-1.38500003959773
0,"ILB","Brandon Marshall",2532898,37,-1.32514116426672,-1.5281007296101,0.304056765934899,0.304056765934899,0,0,0
0,"FS","Andre Hal",2543874,16,-1.3263826264263,-1.41414892495316,0.52400490291765,0.52400490291765,0,0,0
0,"CB","Javien Elliott",2556934,74,-1.34335004796242,-1.74926917864918,0.239236055056289,0.239236055056289,0,0,0
0,"SS","Kurt Coleman",494261,25,-1.35067239999541,-1.48780724144364,0.385534976084476,0.385534976084476,0,0,0
0,"FS","Eric Weddle",2495775,25,-1.35139192738661,-1.48852676883484,0.475266678530387,0.475266678530387,0,0,0
0,"OLB","Malcolm Smith",2499278,26,-1.36605535191508,-0.406557102074057,0.187493040452329,0.221593201318846,1,0.037037037037037,-1.10819738384828
0,"FS","Will Parks",2556278,78,-1.37566067249633,-1.80352137781481,0.242088287597818,0.242088287597818,0,0,0
0,"CB","Kevin Johnson",2552261,15,-1.37833464000246,-0.37029175216756,0.23525974678285,0.289077114872703,1,0.0625,-1.09633763622051
0,"MLB","Deion Jones",2555162,34,-1.38650673517673,-1.05695398987763,0.25492681696228,0.262468979741338,1,0.0285714285714286,-0.518902514229321
0,"FS","Jimmie Ward",2543741,83,-1.38718280546067,-1.84247047906879,0.234793275588778,0.234793275588778,0,0,0
0,"DB","Ronnie Harrison",2561008,26,-1.39631718037147,-1.53893741547763,0.387983532835266,0.387983532835266,0,0,0
0,"CB","Lafayette Pitts",2556652,31,-1.39956644038646,-1.56961364378227,0.34350162683052,0.34350162683052,0,0,0
0,"FS","Ron Parker",2530794,52,-1.40648625404162,-1.28227853585429,0.244773364232437,0.247923047189524,1,0.0188679245283019,-0.41170656095805
0,"FS","Jaquiski Tartt",2552391,32,-1.41695961091665,-1.59249220797038,0.3526870197782,0.3526870197782,0,0,0
0,"ILB","Gerald Hodges",2539293,29,-1.42010035339309,-1.57917676947303,0.372267008810205,0.372267008810205,0,0,0
0,"SS","Sharrod Neasman",2556443,48,-1.47267509067767,-1.73597398625827,0.304705586481573,0.304705586481573,0,0,0
0,"OLB","K.J. Wright",2495252,23,-1.4809662082451,-1.60713026237747,0.415375585399528,0.415375585399528,0,0,0
0,"MLB","Elandon Roberts",2556119,32,-1.48699113500122,-1.66252373205495,0.344490556447749,0.344490556447749,0,0,0
0,"FS","Anthony Harris",2553655,22,-1.55079830875084,-1.67147696922528,0.466833822121419,0.466833822121419,0,0,0
0,"ILB","Deone Bucannon",2543769,27,-1.55162698623922,-1.69973261500331,0.39551002004371,0.39551002004371,0,0,0
0,"MLB","Preston Brown",2543814,28,-1.55294798554142,-1.70653900796344,0.37517997227226,0.37517997227226,0,0,0
0,"SS","Justin Evans",2557945,19,-1.55319065069162,-1.65741313019227,0.538484420998856,0.538484420998856,0,0,0
0,"OLB","Anthony Barr",2543459,51,-1.55754589719433,-1.83730097374872,0.27004426464979,0.27004426464979,0,0,0
0,"LB","Elijah Lee",2558121,34,-1.55918580739385,-1.74568919176344,0.343367421022964,0.343367421022964,0,0,0
0,"MLB","Adarius Taylor",2550565,51,-1.5930328282951,-1.87278790484949,0.282455857998388,0.282455857998388,0,0,0
0,"OLB","Duke Riley",2557967,35,-1.60623372502538,-1.7982225030529,0.353735047727475,0.353735047727475,0,0,0
0,"ILB","Blake Martinez",2555161,41,-1.63619548513217,-1.86109662510727,0.330786387134554,0.330786387134554,0,0,0
0,"MLB","Kwon Alexander",2552592,37,-1.63876693901349,-1.84172650435687,0.354468281780134,0.354468281780134,0,0,0
0,"MLB","Anthony Hitchens",2543592,51,-1.65237027807799,-1.5152212570829,0.253712882836607,0.256895396518345,1,0.0192307692307692,-0.419203594286959
0,"FS","Darian Stewart",494307,31,-1.6608376449846,-1.8308848483804,0.387166353664047,0.387166353664047,0,0,0
0,"OLB","Whitney Mercilus",2533049,21,-1.66947333890059,-1.7846666057171,0.509459233128546,0.509459233128546,0,0,0
0,"DB","Su'a Cravens",2555345,27,-1.67242257433973,-0.803653108080736,0.268926584044826,0.295839342517929,1,0.0357142857142857,-1.02248382129173
0,"OLB","Christian Kirksey",2543720,40,-1.70580013499409,-0.88974624346425,0.20987570031816,0.230151437507724,1,0.024390243902439,-1.04118092509025
0,"SS","Eric Reid",2540152,34,-1.74244644976264,-1.92894983413223,0.380311988264114,0.380311988264114,0,0,0
0,"SS","Marqui Christian",2556277,91,-1.78396317869336,-2.28313400156491,0.247042618898203,0.247042618898203,0,0,0
0,"FS","Harrison Smith",2532948,43,-1.81211984249514,-2.04799176978609,0.322438260235862,0.322438260235862,0,0,0
0,"FS","Adrian Amos",2552385,41,-1.90606560634405,-2.13096674631914,0.355948524919419,0.355948524919419,0,0,0
0,"OLB","Jamie Collins",2539311,69,-1.98785774673428,-2.36634990913139,0.27965167505412,0.27965167505412,0,0,0
0,"FS","Antone Exum",2543680,32,-1.99523304962462,-2.17076564667835,0.440467883694116,0.440467883694116,0,0,0
0,"S","Isaiah Johnson",2556567,19,-2.01937894431969,-2.12360142382034,0.649250621582434,0.649250621582434,0,0,0
0,"ILB","Denzel Perryman",2552310,28,-2.05231251075947,-2.20590353318148,0.471615613432803,0.471615613432803,0,0,0
0,"CB","Dominique Rodgers-Cromartie",306,36,-2.07059883088403,-2.26807300256947,0.423598198270645,0.423598198270645,0,0,0
0,"ILB","C.J. Mosley",2543464,43,-2.08086438667586,-2.31673631396681,0.387021789151782,0.387021789151782,0,0,0
0,"WR","Tremon Smith",2561103,22,-2.10036199716817,-0.997412633052047,0.328837901037646,0.368035258709162,1,0.0434782608695652,-1.23037712748252
0,"OLB","Mychal Kendricks",2532890,15,-2.15006058556644,-2.23234149043537,0.840939126619637,0.840939126619637,0,0,0
0,"FS","Marcus Williams",2558847,9,-2.15361195020216,-1.42175799875771,0.866041636913121,0.857990617578253,1,0.1,-0.785531443564444
0,"OLB","Nick Vigil",2555528,81,-2.15661891650379,-2.60093580279605,0.26857586125842,0.26857586125842,0,0,0
0,"FS","Jabrill Peppers",2557980,87,-2.2288956664116,-0.804446600833776,0.184937141483174,0.202207187577927,2,0.0224719101123595,-1.90690838539942
0,"FS","Tre Boston",2543830,29,-2.25503072963839,-2.41410714571834,0.502212953477586,0.502212953477586,0,0,0
0,"SS","Shawn Williams",2539233,53,-2.27402265223241,-2.56474851610265,0.346366344292778,0.346366344292778,0,0,0
0,"MLB","Hardy Nickerson",2558982,50,-2.27625642648352,-2.55052610937998,0.343003106040892,0.343003106040892,0,0,0
0,"SS","Karl Joseph",2555342,30,-2.28246737832663,-2.44702918806451,0.504176486440475,0.504176486440475,0,0,0
0,"S","Jessie Bates",2560970,23,-2.36465880915939,-2.49082286329176,0.614109485385229,0.614109485385229,0,0,0
0,"SS","Barry Church",494259,36,-2.37235556886943,-2.56982974055488,0.44040626408861,0.44040626408861,0,0,0
0,"OLB","A.J. Klein",2539982,49,-2.38290746790989,-2.65169175714842,0.342075516834096,0.342075516834096,0,0,0
0,"MLB","Joe Schobert",2555166,68,-2.40582916532402,-2.7788359340632,0.315620366192644,0.315620366192644,0,0,0
0,"ILB","Avery Williamson",2543597,70,-2.49455956931766,-1.62048213292071,0.251203650745528,0.258145411881315,3,0.0410958904109589,-1.26035951514902
0,"FS","Clayton Geathers",2552386,39,-2.52644313552622,-2.74037348818546,0.462814421111865,0.462814421111865,0,0,0
0,"FS","Devin McCourty",494287,90,-2.5284058933271,-3.02209132254072,0.269708632224878,0.269708632224878,0,0,0
0,"OLB","Telvin Smith",2543711,70,-2.55864358664509,-2.94262114270013,0.296574156408763,0.296574156408763,0,0,0
0,"MLB","Eric Kendricks",2552312,69,-2.60332256323741,-2.98181472563452,0.312775199866593,0.312775199866593,0,0,0
0,"ILB","Mark Barron",2532789,57,-2.61589396672453,-2.36878692881128,0.302513256461557,0.307002027833574,1,0.0172413793103448,-0.562861996038572
0,"SS","Micah Hyde",2539240,36,-2.62988081997968,-2.82735499166512,0.494556412182476,0.494556412182476,0,0,0
0,"MLB","Bobby Wagner",2532966,77,-2.67205684633862,-3.09443215799917,0.294597447097694,0.294597447097694,0,0,0
0,"FS","Tashaun Gipson",2532848,83,-2.71622956734649,-0.312415765699612,0.18428127475304,0.211159123508738,3,0.0348837209302326,-2.8643388172491
0,"FS","Mike Adams",2505708,70,-2.72113574747388,-2.35859049263916,0.285734501917335,0.292282471873545,1,0.0140845070422535,-0.7506403688082
0,"ILB","Todd Davis",2550930,55,-2.77220588289614,-2.46645701243993,0.328925773233354,0.328070766147183,2,0.0350877192982456,-0.609116142554967
0,"OLB","Thomas Davis",2506352,74,-2.79070410216811,-3.19662323285486,0.328661078541138,0.328661078541138,0,0,0
0,"ILB","Josh Bynes",2530491,53,-2.84452081520978,-3.13524667908003,0.393330481494714,0.393330481494714,0,0,0
0,"ILB","Haason Reddick",2557887,65,-2.89965179781181,-1.72212076300573,0.245301502784631,0.26495667817565,1,0.0151515151515152,-1.54254307859186
0,"FS","Jordan Poyer",2539290,37,-2.99036546188153,-3.19332502722491,0.502566498515891,0.502566498515891,0,0,0
0,"OLB","Myles Jack",2555329,85,-3.01189177260024,-3.47815023352421,0.298076135738688,0.298076135738688,0,0,0
0,"SS","Reshad Jones",496739,32,-3.04831681066511,-3.22384940771884,0.59222180694302,0.59222180694302,0,0,0
0,"OLB","Shaq Thompson",2552447,52,-3.07565402214733,-3.36089449235964,0.40112813312463,0.40112813312463,0,0,0
0,"LB","Foye Oluokun",2561132,58,-3.07638749394323,-1.25615456460269,0.236505158658776,0.26435943395932,2,0.0333333333333333,-2.1442668353502
0,"OLB","Vontaze Burfict",2533058,27,-3.08388430549648,-1.94341004547587,0.441873556820296,0.455955511267632,2,0.0689655172413793,-1.29212379261332
0,"ILB","Benardrick McKinney",2552490,72,-3.11018863692614,-3.50513698029703,0.352160374110096,0.352160374110096,0,0,0
0,"CB","DeVante Bausby",2553790,51,-3.12178257387071,-2.1714707673235,0.307781554585505,0.32564828431421,1,0.0192307692307692,-1.23685150047812
0,"ILB","Zach Cunningham",2558094,75,-3.15082325565331,-3.56222777999799,0.36831733250861,0.36831733250861,0,0,0
0,"SS","Justin Reid",2560851,45,-3.1685562876042,-3.41539900221101,0.473219728918494,0.473219728918494,0,0,0
0,"MLB","Luke Kuechly",2533056,61,-3.30302456263714,-3.63763357577082,0.40537130559762,0.40537130559762,0,0,0
0,"LB","Jerome Baker",2560966,61,-3.36775458749745,-2.68391097304035,0.308490172945374,0.320031783945862,1,0.0161290322580645,-1.02407005497562
0,"OLB","Tahir Whitehead",2532986,85,-3.38753014496202,-2.25723688205699,0.249088454285447,0.26176392227989,2,0.0229885057471264,-1.60094262408744
0,"CB","Bashaud Breeland",2543571,89,-3.47718334770375,-2.97909161141754,0.279494669920215,0.281120914106271,3,0.0326086956521739,-0.988098474877733
0,"SS","John Johnson",2558183,69,-3.48450533471041,-3.86299749710752,0.377630056075524,0.377630056075524,0,0,0
0,"SS","Jahleel Addae",2541958,12,-3.58120407544953,-1.0020779784767,0.492958189319051,0.611980238713301,2,0.142857142857143,-2.6522250701576
0,"OLB","Matt Milano",2557969,69,-3.62505051251916,-4.00354267491627,0.383956361318721,0.383956361318721,0,0,0
0,"ILB","Cory Littleton",2556593,86,-3.66244301471308,-2.73595034068482,0.264975481661964,0.278090116479085,1,0.0114942528735632,-1.40594871075149
0,"OLB","Jordan Evans",2558801,57,-3.761870940973,-4.07453837947496,0.438871443313886,0.438871443313886,0,0,0
0,"MLB","Jordan Hicks",2552315,50,-3.76612214635126,-2.53798776972252,0.360114629554699,0.382674946489341,1,0.0196078431372549,-1.51069079322143
0,"FS","Marcus Gilchrist",2495153,66,-3.81449953652176,-4.17653551794508,0.411790895547962,0.411790895547962,0,0,0
0,"CB","Leon Hall",2495617,91,-3.90299432581619,-4.40216514868774,0.350423245525769,0.350423245525769,0,0,0
0,"FS","D.J. Swearinger",2539943,70,-3.90817115142677,-2.78274053966877,0.311749632766885,0.328735321512609,1,0.0140845070422535,-1.5177335337133
0,"OLB","Jatavis Brown",2556148,57,-3.92238501733799,-3.9074864797548,0.431087316482445,0.429333616458396,1,0.0172413793103448,-0.329372715087588
0,"ILB","Demario Davis",2533008,65,-4.04418960753715,-3.44673858960132,0.364766023955114,0.373773562135506,1,0.0151515151515152,-0.959263543861005
0,"DB","Jordan Whitehead",2560930,43,-4.13546677109794,-2.445682706113,0.390336940229568,0.425471946932113,1,0.0227272727272727,-1.93627723514153
0,"SS","T.J. McDonald",2539309,58,-4.1849954354672,-4.16326282689514,0.438187439704664,0.436553078516098,1,0.0169491525423729,-0.341760129579274
0,"SS","Adrian Phillips",2550842,56,-4.27190286622951,-4.57908491107354,0.524980215960723,0.524980215960723,0,0,0
0,"OLB","Nigel Bradham",2532800,77,-4.28072752865083,-4.70310284031137,0.387012230385842,0.387012230385842,0,0,0
0,"MLB","Jaylon Smith",2555310,71,-4.35305794014431,-4.74252088985728,0.420738259410639,0.420738259410639,0,0,0
0,"OLB","Kiko Alonso",2539935,71,-4.35910621817518,-4.74856916788815,0.437410434036113,0.437410434036113,0,0,0
0,"SS","Bradley McDougald",2539243,95,-4.38472352536599,-4.90583592286925,0.357431492280509,0.357431492280509,0,0,0
0,"LB","Fred Warner",2560917,74,-4.53365659470538,-4.23819424135617,0.373388277811083,0.377813101550037,1,0.0133333333333333,-0.705250058232648
0,"CB","David Amerson",2540170,72,-4.59572221068164,-3.17941120190757,0.31799407313501,0.338586614917791,1,0.0136986301369863,-1.821249623278
0,"LB","Darius Leonard",2560789,85,-4.82726202962702,-5.293520490551,0.394723035737541,0.394723035737541,0,0,0
0,"FS","Antoine Bethea",2495807,74,-4.85869287261653,-4.18490201061093,0.381151444347893,0.390544962346079,1,0.0133333333333333,-1.08566529421186
0,"ILB","Anthony Walker",2558851,68,-4.95746975219238,-5.33047652093156,0.457806627767854,0.457806627767854,0,0,0
0,"CB","Jamar Taylor",2539932,80,-5.44097166009618,-2.86302665125527,0.304493834920263,0.32990131889644,3,0.036144578313253,-3.02230267478345
0,"LB","Leighton Vander Esch",2560908,84,-5.78935393248532,-6.25012699975137,0.458810509192808,0.458810509192808,0,0,0
0,"LB","Tremaine Edmunds",2560713,77,-6.34279733607426,-5.48927471329858,0.447381624405729,0.452250532140368,2,0.0253164556962025,-1.27940695984795
