"qualifying","position","displayName","nflId_def","targets","completions","interceptions","completion_perc","interception_perc","e_comp_perc","e_int_perc","completions_saved","completions_saved_per_target","interceptions_created","interceptions_created_per_target","expected_epa","actual_epa","epa_pass_arrived_avg","epa_result_avg","eps_saved_ball_skills","eps_saved_ball_skills_per_target","ball_skills_penalties","avg_ball_skills_penalties_eps","PB","eps_saved_ball_skills_per_target_w_penalties","eps_saved_ball_skills_w_penalties","hands_on_ball_plays","hands_on_ball_rate"
1,"CB","Xavien Howard",2555539,30,16,3,0.533333333333333,0.1,0.691652133666667,0.03621134718,4.74956401,0.158318800333333,1.9136595846,0.158318800333333,22.9967137626066,4.01238198691685,0.766557125420218,0.133746066230562,18.9843317756897,0.632811059189657,1,-1.13414473719041,4,0.618384138491031,17.8501870384993,7,0.225806451612903
1,"CB","Kyle Fuller",2543681,59,35,6,0.593220338983051,0.101694915254237,0.639332102271186,0.0506105432165424,2.720594034,0.0461117632881356,3.013977950224,0.0461117632881356,22.3530246675697,4.90327174989357,0.378864824874063,0.0831063008456537,17.4497529176762,0.295758524028409,0,0,8,0.295758524028409,17.4497529176762,14,0.23728813559322
1,"CB","A.J. Bouye",2541162,31,20,1,0.645161290322581,0.032258064516129,0.720316699032258,0.0303538076277419,2.32981767,0.0751554087096774,0.0590319635400001,0.0751554087096774,17.1694561038102,6.34121536264996,0.553853422703556,0.204555334279031,10.8282407411603,0.349298088424525,0,0,5,0.349298088424525,10.8282407411603,6,0.193548387096774
1,"CB","Captain Munnerlyn",80668,28,18,1,0.642857142857143,0.0357142857142857,0.756834207857143,0.0241370605382143,3.19135782,0.113977065,0.32416230493,0.113977065,18.745393761084,8.44273508691978,0.669478348610143,0.301526253104278,10.3026586741642,0.367952095505865,0,0,4,0.367952095505865,10.3026586741642,5,0.178571428571429
1,"CB","Brandon Carr",4365,39,21,2,0.538461538461538,0.0512820512820513,0.656774456410256,0.0416381215561538,4.6142038,0.118312917948718,0.37611325931,0.118312917948718,24.8713192159084,11.3675211729562,0.63772613374124,0.291474901870671,13.5037980429522,0.346251231870569,2,-1.61263805208957,8,0.274919689522184,10.2785219387731,10,0.24390243902439
1,"S","Minkah Fitzpatrick",2560725,30,17,1,0.566666666666667,0.0333333333333333,0.67233066,0.0390724186386667,3.1699198,0.105663993333333,-0.17217255916,0.105663993333333,15.4879491493508,1.38597484580184,0.516264971645028,0.0461991615267281,14.101974303549,0.4700658101183,4,-1.15147163297617,6,0.329170613170657,9.49608777164431,7,0.205882352941176
1,"DB","J.C. Jackson",2560754,16,10,2,0.625,0.125,0.65757851125,0.044529165303125,0.52125618,0.03257851125,1.28753335515,0.03257851125,11.0320674744615,1.70599524962412,0.689504217153844,0.106624703101507,9.32607222483739,0.582879514052337,0,0,1,0.582879514052337,9.32607222483739,3,0.1875
1,"CB","Jimmy Smith",2508107,30,18,2,0.6,0.0666666666666667,0.696143974333333,0.0258317965636667,2.88431923,0.0961439743333333,1.22504610309,0.0961439743333333,18.9766910074483,6.99883380642736,0.632556366914945,0.233294460214245,11.977857201021,0.399261906700699,1,-2.76040159836143,7,0.33838441619995,9.21745560265955,9,0.290322580645161
1,"CB","Bene' Benwikere",2543855,18,11,1,0.611111111111111,0.0555555555555556,0.729658748888889,0.0460552435844444,2.13385748,0.118547637777778,0.17100561548,0.118547637777778,7.6763516918303,-1.74230907082122,0.426463982879461,-0.0967949483789566,9.41866076265152,0.523258931258418,1,-1.08625165276063,2,0.492641189807633,8.33240910989089,3,0.157894736842105
1,"CB","Pierre Desir",2543811,35,23,1,0.657142857142857,0.0285714285714286,0.739187287714286,0.045676100252,2.87155507,0.0820444305714286,-0.59866350882,0.0820444305714286,20.7920415598364,11.6066390600468,0.59405833028104,0.331618258858481,9.18540249978959,0.26244007142256,1,-1.00872964440088,5,0.240552140883485,8.17667285538872,6,0.166666666666667
1,"CB","Justin Coleman",2553637,18,9,1,0.5,0.0555555555555556,0.656958531111111,0.0458491485272222,2.82525356,0.156958531111111,0.17471532651,0.156958531111111,10.5563329152914,2.44863992505801,0.58646293973841,0.136035551392112,8.10769299023337,0.450427388346298,0,0,5,0.450427388346298,8.10769299023337,6,0.333333333333333
1,"SS","Landon Collins",2552454,26,17,0,0.653846153846154,0,0.780413197307692,0.0174679359265385,3.29074313,0.126567043461538,-0.45416633409,0.126567043461538,19.6760982247683,12.0070800919758,0.756773008644934,0.4618107727683,7.66901813279246,0.294962235876633,0,0,2,0.294962235876633,7.66901813279246,2,0.0769230769230769
1,"CB","Stephon Gilmore",2533062,52,31,0,0.596153846153846,0,0.656767520961538,0.0387640368644231,3.15191109,0.0606136748076923,-2.01572991695,0.0606136748076923,25.4711255718923,18.0908646275647,0.489829337921006,0.347901242837782,7.38026094432761,0.141928095083223,0,0,13,0.141928095083223,7.38026094432761,13,0.25
1,"CB","Denzel Ward",2560916,35,18,0,0.514285714285714,0,0.674775558857143,0.0245927583231429,5.61714456,0.160489844571429,-0.86074654131,0.160489844571429,21.0389018520222,15.0458399468868,0.601111481486349,0.429881141339623,5.9930619051354,0.171230340146726,0,0,7,0.171230340146726,5.9930619051354,7,0.2
1,"CB","Ronald Darby",2552689,34,22,0,0.647058823529412,0,0.735301889705882,0.0304192022608824,3.00026425,0.0882430661764706,-1.03425287687,0.0882430661764706,24.33786718701,18.6885530205944,0.715819623147353,0.549663324135129,5.64931416641562,0.166156299012224,0,0,10,0.166156299012224,5.64931416641562,10,0.294117647058824
1,"CB","Ahkello Witherspoon",2558157,32,19,0,0.59375,0,0.6925220058125,0.059483616190625,3.160704186,0.0987720058125,-1.9034757181,0.0987720058125,26.3988550232983,19.0938895289939,0.824964219478072,0.596684047781061,7.30496549430436,0.228280171697011,3,-0.683883044451781,3,0.167751205183128,5.25331636094902,3,0.0857142857142857
1,"CB","Marlon Humphrey",2558067,41,23,2,0.560975609756098,0.0487804878048781,0.611767837365854,0.0450162430109756,2.082481332,0.0507922276097561,0.15433403655,0.0507922276097561,20.7498390054908,14.9336741635881,0.506093634280263,0.364235955209465,5.81616484190275,0.141857679070799,1,-1.05221250975105,8,0.119254472686743,4.7639523321517,10,0.238095238095238
1,"CB","Jonathan Jones",2556571,20,12,1,0.6,0.05,0.653159762,0.042354551495,1.06319524,0.053159762,0.1529089701,0.053159762,14.0560598177808,8.10405109178207,0.702802990889039,0.405202554589104,5.95200872599871,0.297600436299935,2,-0.629603908083966,3,0.242266646875086,4.69280090983077,4,0.181818181818182
1,"CB","Jalen Ramsey",2555280,46,32,2,0.695652173913043,0.0434782608695652,0.687814917608696,0.0357429653380435,-0.360513789999999,-0.0078372563043478,0.35582359445,-0.0078372563043478,22.0882549396064,17.5489637661099,0.480179455208834,0.381499212306736,4.5392911734965,0.0986802429020978,0,0,9,0.0986802429020978,4.5392911734965,11,0.239130434782609
1,"CB","Coty Sensabaugh",2532946,32,21,0,0.65625,0,0.698429375625,0.0510899979234375,1.34974002,0.042179375625,-1.63487993355,0.042179375625,15.1217134299761,10.7774935844496,0.472553544686752,0.33679667451405,4.34421984552646,0.135756870172702,0,0,5,0.135756870172702,4.34421984552646,5,0.15625
1,"CB","William Jackson",2556367,45,26,0,0.577777777777778,0,0.651228970444444,0.0515486362697778,3.30530367,0.0734511926666667,-2.31968863214,0.0734511926666667,25.5900147145878,21.5767296586518,0.568666993657506,0.479482881303373,4.01328505593597,0.0891841123541327,0,0,12,0.0891841123541327,4.01328505593597,12,0.266666666666667
1,"CB","Quincy Wilson",2557961,7,4,1,0.571428571428571,0.142857142857143,0.769805642857143,0.0387866495571429,1.3886395,0.198377071428571,0.7284934531,0.198377071428571,4.63849027675664,-0.698137133590244,0.662641468108091,-0.0997338762271778,5.33662741034688,0.762375344335269,1,-1.76807542791371,0,0.682072520974853,3.56855198243318,1,0.125
1,"CB","Kendall Fuller",2555349,34,21,2,0.617647058823529,0.0588235294117647,0.659675009117647,0.0318890365861765,1.42895031,0.0420279502941177,0.91577275607,0.0420279502941177,20.4684043094371,13.8007736783201,0.602011891454032,0.405905108185886,6.66763063111697,0.196106783268146,2,-1.77420890146834,5,0.0967924361776931,3.1192128281803,7,0.194444444444444
1,"CB","Desmond King",2557927,15,11,1,0.733333333333333,0.0666666666666667,0.746121759333333,0.032050390388,0.191826389999999,0.0127884259999999,0.51924414418,0.0127884259999999,7.88946062946485,5.02061010907774,0.525964041964323,0.334707340605182,2.86885052038712,0.191256701359141,0,0,2,0.191256701359141,2.86885052038712,3,0.2
1,"SS","Derwin James",2560760,19,14,0,0.736842105263158,0,0.741805065263158,0.0249363307410526,0.0942962400000003,0.00496296000000001,-0.47379028408,0.00496296000000001,7.57642897230951,3.02173911977254,0.398759419595237,0.15903890104066,4.55468985253698,0.239720518554578,1,-1.75893113970396,3,0.162156925158584,2.79575871283302,3,0.15
1,"CB","Xavier Rhodes",2540155,35,22,0,0.628571428571429,0,0.731391195428571,0.02518010397,3.59869184,0.102819766857143,-0.88130363895,0.102819766857143,20.7282777796082,15.0839217218238,0.592236507988805,0.430969192052107,5.64435605778442,0.161267315936698,2,-1.4428669457044,5,0.0822067296962515,2.75862216637563,5,0.135135135135135
1,"CB","Kenny Moore II",2558976,23,13,0,0.565217391304348,0,0.639197753478261,0.0477850096578261,1.70154833,0.073980362173913,-1.09905522213,0.073980362173913,16.7250247418511,14.1798359020114,0.727174988776136,0.616514604435279,2.54518883983971,0.110660384340857,0,0,4,0.110660384340857,2.54518883983971,4,0.173913043478261
1,"CB","Jason McCourty",89756,43,27,1,0.627906976744186,0.0232558139534884,0.657300447674419,0.0367563227597674,1.26391925,0.0293934709302326,-0.58052187867,0.0293934709302326,19.6089089932644,17.2048868871041,0.456021139378243,0.400113648537304,2.40402210616036,0.0559074908409386,0,0,7,0.0559074908409386,2.40402210616036,8,0.186046511627907
1,"CB","Mackensie Alexander",2555177,17,11,0,0.647058823529412,0,0.698161016470588,0.0372355855488235,0.86873728,0.0511021929411764,-0.63300495433,0.0511021929411764,5.71068534964366,2.34043464819354,0.335922667626097,0.137672626364326,3.37025070145012,0.198250041261772,2,-0.484329526584377,7,0.145412906617813,2.40159164828136,7,0.368421052631579
1,"CB","Janoris Jenkins",2532875,46,31,1,0.673913043478261,0.0217391304347826,0.703040377608696,0.0319901715913044,1.33985737,0.0291273341304347,-0.4715478932,0.0291273341304347,28.660191272094,26.2986219525467,0.623047636349869,0.57170917288145,2.36156931954728,0.0513384634684191,0,0,8,0.0513384634684191,2.36156931954728,9,0.195652173913043
1,"SS","Jamal Adams",2557979,9,2,0,0.222222222222222,0,0.598726544444445,0.0476144407,3.3885389,0.376504322222222,-0.4285299663,0.376504322222222,2.41753930788381,0.117856227844614,0.268615478653756,0.0130951364271794,2.29968308003919,0.255520342226577,0,0,3,0.255520342226577,2.29968308003919,3,0.333333333333333
1,"SS","Jeff Heath",2541832,19,14,0,0.736842105263158,0,0.76979513,0.0121788973131579,0.626107469999999,0.0329530247368421,-0.23139904895,0.0329530247368421,8.10009201006479,5.96370417707472,0.426320632108673,0.313879167214459,2.13638783299007,0.112441464894214,0,0,2,0.112441464894214,2.13638783299007,2,0.105263157894737
1,"CB","Patrick Peterson",2495504,26,19,1,0.730769230769231,0.0384615384615385,0.796752051153846,0.0190257736684615,1.71555333,0.0659828203846153,0.50532988462,0.0659828203846153,18.023200893196,16.170326496416,0.693200034353691,0.621935634477539,1.85287439677996,0.0712643998761524,0,0,1,0.0712643998761524,1.85287439677996,2,0.0769230769230769
1,"CB","Joe Haden",496733,50,29,2,0.58,0.04,0.6576270026,0.0438194000042,3.88135013,0.0776270026,-0.19097000021,0.0776270026,22.4661624851027,13.6389547760751,0.449323249702055,0.272779095521501,8.82720770902768,0.176544154180554,3,-2.42797530284063,8,0.0324409526466494,1.54328180050578,10,0.188679245283019
1,"CB","Kareem Jackson",496735,32,22,1,0.6875,0.03125,0.69864172625,0.036691372074375,0.356535239999999,0.01114172625,-0.17412390638,0.01114172625,16.7234556125777,12.9011190832293,0.522607987893053,0.403159971350915,3.8223365293484,0.119448016542137,1,-2.3421136356175,6,0.0499099253245696,1.4802228937309,7,0.212121212121212
1,"CB","Nickell Robey-Coleman",2540197,7,4,0,0.571428571428571,0,0.602605718571429,0.058241659,0.21824003,0.0311771471428571,-0.407691613,0.0311771471428571,5.4111154044554,4.42842228348158,0.773016486350771,0.632631754783082,0.982693120973821,0.140384731567689,0,0,1,0.140384731567689,0.982693120973821,1,0.142857142857143
1,"CB","Ryan Smith",2555552,18,15,0,0.833333333333333,0,0.770885342777778,0.0232801334538889,-1.12406383,-0.0624479905555556,-0.41904240217,-0.0624479905555556,13.4112963619246,11.5472994517946,0.745072020106924,0.641516636210811,1.86399691013005,0.103555383896114,1,-1.1435880321266,2,0.0427379729076672,0.72040887800345,2,0.105263157894737
1,"CB","Dre Kirkpatrick",2533060,45,25,0,0.555555555555556,0,0.679111504222222,0.0384087913866667,5.56001769,0.123555948666667,-1.7283956124,0.123555948666667,30.9661888288439,26.0134733155579,0.688137529529864,0.578077184790177,4.95271551328593,0.110060344739687,3,-1.41688215168548,7,0.0161087387247726,0.702069058229473,7,0.145833333333333
1,"CB","Tramon Williams",2506789,16,11,0,0.6875,0,0.748549055,0.024524957848125,0.97678488,0.061049055,-0.39239932557,0.061049055,6.61455560549002,5.93791985260894,0.413409725343126,0.371119990788059,0.676635752881079,0.0422897345550675,0,0,1,0.0422897345550675,0.676635752881079,1,0.0625
1,"CB","K'Waun Williams",2550654,11,7,0,0.636363636363636,0,0.653884532727273,0.0509861987545455,0.19272986,0.0175208963636364,-0.5608481863,0.0175208963636364,6.36940922777505,4.58149696847683,0.579037202525005,0.416499724406985,1.78791225929822,0.16253747811802,1,-1.45927528067769,1,0.0344457038944811,0.328636978620533,1,0.0833333333333333
1,"CB","Tre'Davious White",2557867,24,16,0,0.666666666666667,0,0.670414867916667,0.0344549837758333,0.0899568299999984,0.00374820124999993,-0.82691961062,0.00374820124999993,12.9226811187613,12.9261933405591,0.538445046615053,0.538591389189961,-0.00351222179778254,-0.000146342574907606,0,0,5,-0.000146342574907606,-0.00351222179778254,5,0.208333333333333
1,"CB","Daryl Worley",2555394,20,13,0,0.65,0,0.6036245624,0.078795227125,-0.927508752,-0.0463754376,-1.5759045425,-0.0463754376,13.8909405042712,13.9546228345704,0.694547025213561,0.697731141728522,-0.0636823302992298,-0.00318411651496149,0,0,5,-0.00318411651496149,-0.0636823302992298,5,0.25
1,"CB","Tre Flowers",2560728,30,21,0,0.7,0,0.699726826666667,0.04491999922,-0.0081951999999994,-0.000273173333333313,-1.3475999766,-0.000273173333333313,22.9656845180317,22.5353298975176,0.765522817267723,0.751177663250586,0.430354620514112,0.0143451540171371,1,-0.494241471866227,3,-0.00216523331508995,-0.0638868513521145,3,0.0967741935483871
1,"CB","Adoree' Jackson",2558065,40,26,2,0.65,0.05,0.6699978975,0.036235826524,0.799915899999998,0.0199978975,0.55056693904,0.0199978975,27.7625618223467,26.1992515109291,0.694064045558668,0.654981287773227,1.56331031141763,0.0390827577854407,1,-1.62891731777824,4,-0.00170980336687258,-0.0656070063606089,6,0.146341463414634
1,"CB","Tramaine Brock",2507917,18,13,0,0.722222222222222,0,0.683824351111111,0.0294664627155556,-0.69116168,-0.0383978711111111,-0.53039632888,-0.0383978711111111,10.4640230547362,10.5610467516164,0.58133461415201,0.586724819534245,-0.09702369688023,-0.005390205382235,0,0,3,-0.005390205382235,-0.09702369688023,3,0.166666666666667
1,"CB","Bryce Callahan",2553500,17,13,1,0.764705882352941,0.0588235294117647,0.684844158823529,0.0263608496229412,-1.3576493,-0.0798617235294118,0.55186555641,-0.0798617235294118,6.32376907004111,6.50380232185579,0.371986415884771,0.382576607167988,-0.180033251814679,-0.0105901912832164,0,0,2,-0.0105901912832164,-0.180033251814679,3,0.176470588235294
1,"CB","Darius Slay",2540288,42,26,0,0.619047619047619,0,0.655576552380952,0.0334563300928571,1.5342152,0.0365289333333333,-1.4051658639,0.0365289333333333,28.6482380380029,27.6485624501011,0.682100905666735,0.658299105954788,0.999675587901784,0.0238017997119472,1,-1.34784993247548,9,-0.00856472152137988,-0.348174344573692,9,0.209302325581395
1,"CB","Logan Ryan",2540162,28,18,0,0.642857142857143,0,0.705055204642857,0.0404965306275,1.74154573,0.0621980617857142,-1.13390285757,0.0621980617857142,12.2969702828907,12.675669529446,0.43917751010324,0.452702483194499,-0.378699246555263,-0.0135249730912594,0,0,5,-0.0135249730912594,-0.378699246555263,5,0.178571428571429
1,"CB","Steven Nelson",2552265,53,34,1,0.641509433962264,0.0188679245283019,0.654339376867925,0.037459518409434,0.679986974000002,0.0128299429056604,-0.9853544757,0.0128299429056604,33.9214361955365,31.9359345086986,0.64002709802899,0.602564802050917,1.98550168683791,0.0374622959780737,2,-1.20001547051768,7,-0.00800249764479215,-0.414529254197452,8,0.145454545454545
1,"CB","Quinton Dunbar",2553796,20,16,0,0.8,0,0.7661778605,0.0179082608675,-0.676442789999999,-0.0338221395,-0.35816521735,-0.0338221395,12.1209747214796,12.6224962220996,0.606048736073979,0.631124811104982,-0.501521500620067,-0.0250760750310033,0,0,3,-0.0250760750310033,-0.501521500620067,3,0.15
1,"CB","Byron Jones",2552568,47,31,0,0.659574468085106,0,0.700440974893617,0.0375323442510638,1.92072582,0.0408665068085107,-1.7640201798,0.0408665068085107,28.1739341932606,25.9217286411427,0.599445408367247,0.551526141300909,2.25220555211789,0.0479192670663381,3,-0.92500918588074,9,-0.0113471971732681,-0.522822005524326,9,0.18
1,"CB","Trevor Williams",2556828,21,17,1,0.80952380952381,0.0476190476190476,0.709604748571429,0.0268166742042857,-2.09830028,-0.099919060952381,0.43684984171,-0.099919060952381,12.0266336022715,12.6148036945699,0.572696838203402,0.600704937836662,-0.588170092298459,-0.0280080996332599,0,0,2,-0.0280080996332599,-0.588170092298459,3,0.142857142857143
1,"CB","Levi Wallace",2560914,9,7,0,0.777777777777778,0,0.69909155,0.0571338610622222,-0.70817605,-0.0786862277777777,-0.51420474956,-0.0786862277777777,5.16743554741223,5.78070117454347,0.574159505268026,0.64230013050483,-0.613265627131239,-0.0681406252368043,0,0,3,-0.0681406252368043,-0.613265627131239,3,0.333333333333333
1,"CB","Mike Hilton",2556559,25,17,0,0.68,0,0.7267254024,0.030554537224,1.16813506,0.0467254024,-0.7638634306,0.0467254024,8.9382671014002,9.69902119263419,0.357530684056008,0.387960847705368,-0.760754091233988,-0.0304301636493595,0,0,6,-0.0304301636493595,-0.760754091233988,6,0.24
1,"CB","Desmond Trufant",2539334,47,34,0,0.723404255319149,0,0.717263773712766,0.0335596271110638,-0.288602635499998,-0.00614048160638295,-1.57730247422,-0.00614048160638295,24.4852755717642,24.4684817553106,0.520963310037536,0.520605994793843,0.0167938164535535,0.000357315243692627,1,-1.00942258336058,8,-0.0215833073352084,-0.992628766907023,8,0.166666666666667
1,"CB","Brian Poole",2556445,28,19,0,0.678571428571429,0,0.699520338571429,0.0436486585164286,0.586569480000001,0.02094891,-1.22216243846,0.02094891,16.3583299745088,17.4517531070555,0.584226070518171,0.623276896680553,-1.09342313254669,-0.0390508261623819,0,0,1,-0.0390508261623819,-1.09342313254669,1,0.0357142857142857
1,"CB","Chris Harris",2530510,34,26,0,0.764705882352941,0,0.750136620588235,0.0343333843726471,-0.495354899999999,-0.0145692617647058,-1.16733506867,-0.0145692617647058,22.9688369071961,24.1507325765564,0.675554026682239,0.710315664016365,-1.18189566936028,-0.034761637334126,0,0,3,-0.034761637334126,-1.18189566936028,3,0.0882352941176471
1,"SS","Patrick Chung",71251,36,25,0,0.694444444444444,0,0.695193563611111,0.0247552372830556,0.0269682899999992,0.000749119166666645,-0.89118854219,0.000749119166666645,20.3279951472265,21.6089804322739,0.564666531867402,0.600249456452052,-1.28098528504739,-0.0355829245846497,0,0,1,-0.0355829245846497,-1.28098528504739,1,0.0277777777777778
1,"CB","Nate Hairston",2558108,9,8,0,0.888888888888889,0,0.888106044444444,0.00551544897288889,-0.00704559999999965,-0.000782844444444406,-0.049639040756,-0.000782844444444406,9.95864032050524,11.2717977207312,1.10651559116725,1.25242196897013,-1.31315740022593,-0.145906377802881,0,0,0,-0.145906377802881,-1.31315740022593,0,0
1,"CB","Sam Shields",1037374,16,12,1,0.75,0.0625,0.746199205,0.03553239587125,-0.0608127199999995,-0.00380079499999997,0.43148166606,-0.00380079499999997,11.9012186899144,12.4700268102403,0.74382616811965,0.779376675640018,-0.568808120325889,-0.035550507520368,1,-0.751560732764356,2,-0.0865904260724784,-1.32036885309024,3,0.176470588235294
1,"SS","Marqui Christian",2556277,15,14,0,0.933333333333333,0,0.841659220666667,0.008783329972,-1.37511169,-0.0916741126666667,-0.13174994958,-0.0916741126666667,10.5226197967677,12.4035739140106,0.701507986451178,0.826904927600707,-1.88095411724293,-0.125396941149529,0,0,0,-0.125396941149529,-1.88095411724293,0,0
1,"SS","Justin Simmons",2555550,16,12,0,0.75,0,0.736874725125,0.031966103928125,-0.210004398000001,-0.013125274875,-0.51145766285,-0.013125274875,10.3328437142489,12.2592279855936,0.645802732140559,0.766201749099601,-1.92638427134467,-0.120399016959042,0,0,1,-0.120399016959042,-1.92638427134467,1,0.0625
1,"CB","Johnathan Joseph",2495872,31,21,0,0.67741935483871,0,0.680492168387097,0.0372810633616129,0.0952572200000006,0.00307281354838712,-1.15571296421,0.00307281354838712,18.060979346303,19.6451491104906,0.582612236977516,0.633714487435182,-1.58416976418764,-0.0511022504576659,1,-0.604615233460826,6,-0.0720104389024875,-2.18878499764847,6,0.1875
1,"CB","T.J. Carrie",2550164,35,24,0,0.685714285714286,0,0.679670543285714,0.03849763328,-0.211530985,-0.00604374242857142,-1.3474171648,-0.00604374242857142,18.2960931862958,16.7632236027953,0.522745519608452,0.478949245794153,1.53286958350047,0.0437962738142993,3,-1.24399128424528,2,-0.0651470464933548,-2.19910426923536,2,0.0526315789473684
1,"CB","Shareece Wright",2495251,16,11,0,0.6875,0,0.63908994,0.03402497463625,-0.774560960000001,-0.04841006,-0.54439959418,-0.04841006,11.0053598355137,13.3421435122142,0.687834989719606,0.833883969513389,-2.33678367670053,-0.146048979793783,0,0,4,-0.146048979793783,-2.33678367670053,4,0.25
1,"CB","Darryl Roberts",2553353,17,12,0,0.705882352941177,0,0.661477471176471,0.04176521514,-0.75488299,-0.0444048817647059,-0.71000865738,-0.0444048817647059,5.68933213018915,8.17318126156391,0.334666595893479,0.480775368327289,-2.48384913137476,-0.146108772433809,0,0,4,-0.146108772433809,-2.48384913137476,4,0.235294117647059
1,"CB","Morris Claiborne",2533059,40,27,1,0.675,0.025,0.6954363775,0.046412808167,0.8174551,0.0204363775,-0.85651232668,0.0204363775,23.0042259274846,25.8084874614095,0.575105648187115,0.645212186535236,-2.80426153392485,-0.0701065383481214,1,0.313976431976001,5,-0.0617722517685858,-2.49028510194885,6,0.146341463414634
1,"FS","Tashaun Gipson",2532848,14,6,0,0.428571428571429,0,0.592445970714286,0.0490110438714286,2.29424359,0.163874542142857,-0.6861546142,0.163874542142857,8.5550401125459,11.169888281724,0.611074293753278,0.797849162980286,-2.61484816917811,-0.186774869227008,0,0,2,-0.186774869227008,-2.61484816917811,2,0.142857142857143
1,"SS","Bradley McDougald",2539243,20,17,0,0.85,0,0.7676810635,0.0189616651825,-1.64637873,-0.0823189365,-0.37923330365,-0.0823189365,6.47247697888147,9.16933244931785,0.323623848944074,0.458466622465893,-2.69685547043638,-0.134842773521819,0,0,4,-0.134842773521819,-2.69685547043638,4,0.2
1,"CB","Mike Ford",2561527,17,15,0,0.882352941176471,0,0.782819310588235,0.0347613713588235,-1.69207172,-0.0995336305882353,-0.5909433131,-0.0995336305882353,10.312442799528,13.1481342320919,0.606614282325178,0.773419660711286,-2.83569143256383,-0.166805378386108,0,0,1,-0.166805378386108,-2.83569143256383,1,0.0588235294117647
1,"CB","Gareon Conley",2558062,27,16,1,0.592592592592593,0.037037037037037,0.640328256666667,0.0404605356259259,1.28886293,0.0477356640740741,-0.0924344618999999,0.0477356640740741,13.7619686956551,13.2463562012215,0.509702544283524,0.490605785230427,0.515612494433631,0.0190967590530974,1,-3.51504346680357,9,-0.127717118323391,-2.99943097236994,10,0.357142857142857
1,"CB","Richard Sherman",2495507,20,14,0,0.7,0,0.73594336795,0.0529960422425,0.718867359000001,0.03594336795,-1.05992084485,0.03594336795,15.332854468535,18.3792334244233,0.766642723426751,0.918961671221165,-3.04637895588828,-0.152318947794414,0,0,3,-0.152318947794414,-3.04637895588828,3,0.15
1,"FS","Vonn Bell",2555530,16,12,0,0.75,0,0.77912715875,0.0108695870785,0.466034540000001,0.02912715875,-0.173913393256,0.02912715875,7.03905199025569,10.5113090291126,0.43994074939098,0.656956814319537,-3.47225703885691,-0.217016064928557,0,0,1,-0.217016064928557,-3.47225703885691,1,0.0625
1,"CB","Darqueze Dennard",2543474,27,20,0,0.740740740740741,0,0.73227303,0.0400809017718519,-0.228628189999998,-0.00846771074074068,-1.08218434784,-0.00846771074074068,16.7209549300633,18.4831875087623,0.619294627039381,0.68456250032453,-1.76223257869901,-0.0652678732851486,1,-1.74952422589228,5,-0.139076856848468,-3.51175680459129,5,0.178571428571429
1,"CB","Anthony Brown",2555531,27,20,0,0.740740740740741,0,0.669094405185185,0.0293908245688889,-1.93445106,-0.0716463355555556,-0.79355226336,-0.0716463355555556,12.5202786365753,16.0771790509525,0.463714023576862,0.595451075961203,-3.55690041437719,-0.13173705238434,0,0,4,-0.13173705238434,-3.55690041437719,4,0.148148148148148
1,"CB","Nevin Lawson",2543872,28,18,0,0.642857142857143,0,0.6256057725,0.0525422726107143,-0.483038369999999,-0.0172513703571428,-1.4711836331,-0.0172513703571428,11.3242998904762,14.925601511965,0.40443928180272,0.533057196855893,-3.60130162148886,-0.128617915053173,2,-0.091360829346864,4,-0.135586090638257,-3.78402328018258,4,0.133333333333333
1,"CB","Trumaine Johnson",2532877,17,13,1,0.764705882352941,0.0588235294117647,0.728762273529412,0.03729294923,-0.611041350000001,-0.0359436088235295,0.36601986309,-0.0359436088235295,10.7053330734267,14.199891284294,0.629725474907455,0.835287722605527,-3.49455821086722,-0.205562247698072,1,-0.581334740233266,0,-0.2482475211361,-4.07589295110049,1,0.0555555555555556
1,"CB","Michael Davis",2559164,28,21,0,0.75,0,0.7544699825,0.019585638595,0.12515951,0.00446998249999998,-0.54839788066,0.00446998249999998,18.8274599541675,19.9551760977558,0.672409284077412,0.712684860634135,-1.12771614358823,-0.0402755765567226,3,-1.01647794342187,6,-0.154803734112076,-4.17714997385385,6,0.193548387096774
1,"CB","Jalen Mills",2555383,28,22,0,0.785714285714286,0,0.7034244725,0.0290144430878571,-2.30411477,-0.0822898132142858,-0.81240440646,-0.0822898132142858,14.3551013678626,17.8119530744952,0.512682191709377,0.636141181231972,-3.45685170663265,-0.123458989522595,1,-0.750918865038316,5,-0.154418805934422,-4.20777057167096,5,0.172413793103448
1,"CB","Carlton Davis",2561039,32,26,0,0.8125,0,0.761622951875,0.019550911945625,-1.62806554,-0.050877048125,-0.62562918226,-0.050877048125,15.8684581550839,18.461031008048,0.495889317346373,0.576907219001499,-2.59257285296403,-0.0810179016551261,3,-0.647862501822954,3,-0.144684245490332,-4.5361603584329,3,0.0857142857142857
1,"CB","Tavon Young",2555378,25,17,1,0.68,0.04,0.6429723416,0.0532386426908,-0.925691459999999,-0.0370276584,-0.33096606727,-0.0370276584,12.4662203950237,17.4087684387643,0.498648815800948,0.696350737550571,-4.94254804374058,-0.197701921749623,0,0,2,-0.197701921749623,-4.94254804374058,3,0.12
1,"FS","Tyrann Mathieu",2540180,19,13,0,0.684210526315789,0,0.692598438947368,0.0457569937452632,0.159370340000001,0.00838791263157898,-0.86938288116,0.00838791263157898,7.05876118377409,12.297489013025,0.371513746514426,0.647236263843419,-5.23872782925088,-0.275722517328993,0,0,3,-0.275722517328993,-5.23872782925088,3,0.157894736842105
1,"CB","Malcolm Butler",2550613,44,30,1,0.681818181818182,0.0227272727272727,0.640009301227273,0.0468243314943182,-1.839590746,-0.0418088805909091,-1.06027058575,-0.0418088805909091,27.8564710518146,31.9750526325109,0.633101614813967,0.726705741647975,-4.11858158069634,-0.0936041268340076,1,-1.59106238312036,7,-0.134633034559775,-5.70964396381669,8,0.177777777777778
1,"CB","Bobby McCain",2552434,29,23,0,0.793103448275862,0,0.78620632862069,0.0257718910706897,-0.200016470000001,-0.00689711965517246,-0.74738484105,-0.00689711965517246,15.408612468135,21.1293871021867,0.531331464418447,0.728599555247817,-5.72077463405172,-0.19726809082937,0,0,1,-0.19726809082937,-5.72077463405172,1,0.0344827586206897
1,"CB","Fabian Moreau",2558136,28,22,0,0.785714285714286,0,0.710090177142857,0.0293380274692857,-2.11747504,-0.0756241085714285,-0.82146476914,-0.0756241085714285,18.2915737619439,23.7842211809041,0.653270491497995,0.849436470746575,-5.49264741896023,-0.19616597924858,2,-0.179886321698001,1,-0.210366504250511,-5.85242006235623,1,0.0333333333333333
1,"CB","Briean Boddy-Calhoun",2556475,18,13,0,0.722222222222222,0,0.710808369666667,0.033290007845,-0.205449346,-0.0114138525555556,-0.59922014121,-0.0114138525555556,8.87011790883613,14.7408587842305,0.492784328268674,0.818936599123915,-5.87074087539435,-0.326152270855242,0,0,0,-0.326152270855242,-5.87074087539435,0,0
1,"CB","Rashaan Melvin",2541200,31,19,1,0.612903225806452,0.032258064516129,0.647039477741935,0.0423401521387097,1.05822381,0.0341362519354839,-0.3125447163,0.0341362519354839,19.9816812721202,23.1461535131433,0.644570363616782,0.746650113327202,-3.16447224102302,-0.10207974971042,1,-2.71410198532631,4,-0.207827031805734,-5.87857422634933,5,0.15625
1,"CB","Terrance Mitchell",2543637,15,12,0,0.8,0,0.765356935333333,0.0161862600726667,-0.519645970000001,-0.0346430646666667,-0.24279390109,-0.0346430646666667,9.76930364976985,14.5617529652766,0.651286909984657,0.970783531018437,-4.7924493155067,-0.31949662103378,1,-1.41861027556233,1,-0.457321357908842,-6.21105959106903,1,0.0625
1,"CB","Casey Hayward",2532861,35,23,0,0.657142857142857,0,0.609955113142857,0.0526579743314286,-1.65157104,-0.047187744,-1.8430291016,-0.047187744,18.9803136439561,25.1482498313928,0.542294675541604,0.718521423754081,-6.16793618743669,-0.176226748212477,1,-0.756045287178046,5,-0.202195731558487,-6.92398147461474,5,0.138888888888889
1,"CB","Grant Haley",2561001,17,14,0,0.823529411764706,0,0.688626594117647,0.0339424318070588,-2.2933479,-0.134902817647059,-0.57702134072,-0.134902817647059,8.71720131797366,15.6544691176218,0.512776548116098,0.920851124565988,-6.93726779964813,-0.40807457644989,0,0,1,-0.40807457644989,-6.93726779964813,1,0.0588235294117647
1,"CB","Eli Apple",2555277,50,35,0,0.7,0,0.6739512196,0.0378184658118,-1.30243902,-0.0260487804,-1.89092329059,-0.0260487804,30.164170726077,31.4400370036923,0.60328341452154,0.628800740073845,-1.27586627761528,-0.0255173255523056,5,-1.28306951489927,8,-0.157875584022353,-7.69121385211165,8,0.145454545454545
1,"CB","Buster Skrine",2495343,33,25,0,0.757575757575758,0,0.716176143030303,0.0218694430142424,-1.36618728,-0.0413996145454545,-0.72169161947,-0.0413996145454545,17.0843337308158,23.0022123847452,0.517707082751993,0.697036738931672,-5.91787865392943,-0.17932965617968,1,-1.96936423323856,5,-0.254176000338879,-7.88724288716799,5,0.147058823529412
1,"SS","Malcolm Jenkins",79848,22,18,0,0.818181818181818,0,0.705913415,0.0309027937754545,-2.46990487,-0.112268403181818,-0.67986146306,-0.112268403181818,9.61105929809937,17.7119213343124,0.43686633173179,0.805087333377837,-8.10086203621304,-0.368221001646047,0,0,2,-0.368221001646047,-8.10086203621304,2,0.0909090909090909
1,"CB","Trae Waynes",2552448,25,19,0,0.76,0,0.6747701764,0.0292763723872,-2.13074559,-0.0852298236,-0.73190930968,-0.0852298236,9.03514208303537,16.8838771984672,0.361405683321415,0.675355087938686,-7.84873511543178,-0.313949404617271,1,-0.343725228253495,6,-0.33226675235924,-8.19246034368528,6,0.230769230769231
1,"CB","Orlando Scandrick",2307,38,25,1,0.657894736842105,0.0263157894736842,0.628819491421053,0.0418787191710526,-1.104859326,-0.0290752454210526,-0.5913913285,-0.0290752454210526,15.7524480776687,22.9063865278897,0.414538107307071,0.602799645470781,-7.15393845022098,-0.18826153816371,1,-1.05414992936258,8,-0.222165368069495,-8.20808837958355,9,0.230769230769231
1,"CB","Shaquill Griffin",2558259,44,34,0,0.772727272727273,0,0.725656659681818,0.0275716279779545,-2.071106974,-0.0470706130454545,-1.21315163103,-0.0470706130454545,27.6188178582052,36.2564884196294,0.6277004058683,0.824011100446122,-8.63767056142416,-0.196310694577822,1,-0.949831649816496,3,-0.222705336091904,-9.58750221124066,3,0.0666666666666667
1,"CB","Josh Jackson",2560755,30,21,0,0.7,0,0.636342714333333,0.0546953346616667,-1.90971857,-0.0636572856666666,-1.64086003985,-0.0636572856666666,14.0299899765027,23.6837463265602,0.46766633255009,0.789458210885339,-9.65375635005745,-0.321791878335248,0,0,7,-0.321791878335248,-9.65375635005745,7,0.233333333333333
1,"CB","James Bradberry",2555175,48,34,0,0.708333333333333,0,0.685050713333333,0.0360364035472917,-1.11756576,-0.02328262,-1.72974737027,-0.02328262,28.1548426123015,37.9107849617481,0.586559221089614,0.78980802003642,-9.75594234944667,-0.203248798946806,0,0,9,-0.203248798946806,-9.75594234944667,9,0.1875
1,"CB","Josh Norman",2532920,40,32,1,0.8,0.025,0.722012411,0.02463687123125,-3.11950356,-0.077987589,0.01452515075,-0.077987589,21.2361877128291,28.4867067998623,0.530904692820728,0.712167669996557,-7.25051908703318,-0.181262977175829,1,-2.98974127488679,5,-0.276687078519974,-10.24026036192,6,0.146341463414634
1,"CB","P.J. Williams",2552484,28,21,1,0.75,0.0357142857142857,0.681327699285714,0.0279189890485714,-1.92282442,-0.0686723007142858,0.21826830664,-0.0686723007142858,15.2375475387352,23.2139378415293,0.5441981263834,0.829069208626046,-7.97639030279407,-0.284871082242645,2,-1.92312700027272,5,-0.45337661089438,-11.8226443033395,6,0.2
1,"CB","Rasul Douglas",2558168,24,21,1,0.875,0.0416666666666667,0.6897791,0.0574386891429167,-4.4453016,-0.1852209,-0.37852853943,-0.1852209,12.1857905020213,24.0598801139935,0.507741270917556,1.00249500474973,-11.8740896119722,-0.494753733832175,0,0,0,-0.494753733832175,-11.8740896119722,1,0.0416666666666667
1,"CB","Bradley Roby",2543505,45,31,1,0.688888888888889,0.0222222222222222,0.698119258888889,0.0324824817862222,0.415366649999999,0.00923036999999998,-0.46171168038,0.00923036999999998,31.6355688028259,42.3607543219349,0.703012640062798,0.941350096042998,-10.725185519109,-0.238337455980201,1,-1.35748435547314,7,-0.276855485898129,-12.0826698745822,8,0.173913043478261
1,"CB","Brent Grimes",2506861,26,20,0,0.769230769230769,0,0.670175701769231,0.0624880910215385,-2.575431754,-0.0990550674615385,-1.62469036656,-0.0990550674615385,13.4290209092808,25.5511824933981,0.516500804203107,0.98273778820762,-12.1221615841174,-0.466236984004514,0,0,2,-0.466236984004514,-12.1221615841174,2,0.0769230769230769
1,"CB","B.W. Webb",2539338,36,26,0,0.722222222222222,0,0.608508542055556,0.0507791668133333,-4.093692486,-0.113713680166667,-1.82805000528,-0.113713680166667,23.9546388780412,34.1297179181788,0.665406635501145,0.94804771994941,-10.1750790401376,-0.282641084448265,2,-1.05914959522908,3,-0.351833973363085,-12.2933782305957,3,0.0789473684210526
1,"CB","Jaire Alexander",2560952,39,24,1,0.615384615384615,0.0256410256410256,0.558982159564103,0.0801581898615385,-2.199695777,-0.0564024558205128,-2.1261694046,-0.0564024558205128,10.4917377774567,22.8543356965383,0.269018917370685,0.586008607603547,-12.3625979190816,-0.316989690232862,0,0,6,-0.316989690232862,-12.3625979190816,7,0.179487179487179
1,"CB","Marshon Lattimore",2558061,45,35,0,0.777777777777778,0,0.717938379244444,0.0408572174843111,-2.692772934,-0.0598393985333333,-1.838574786794,-0.0598393985333333,31.9132807889357,42.3810411284286,0.709184017531905,0.94180091396508,-10.4677603394929,-0.232616896433175,2,-1.43134675423296,7,-0.305964331115833,-13.3304538479588,7,0.148936170212766
1,"CB","Marcus Peters",2552488,26,21,0,0.807692307692308,0,0.703398940769231,0.0272386350757692,-2.71162754,-0.104293366923077,-0.70820451197,-0.104293366923077,19.9696686192413,31.7428263762363,0.768064177663127,1.22087793754755,-11.773157756995,-0.452813759884425,2,-0.816640000843863,1,-0.532353020372659,-13.4064377586828,1,0.0357142857142857
1,"CB","Donte Jackson",2560753,29,22,2,0.758620689655172,0.0689655172413793,0.71536966137931,0.0296314665510345,-1.25427982,-0.0432510282758621,1.14068747002,-0.0432510282758621,21.5699390383353,35.0320358290643,0.743791001321907,1.20800123548497,-13.462096790729,-0.464210234163067,0,0,1,-0.464210234163067,-13.462096790729,3,0.103448275862069
1,"CB","Phillip Gaines",2543851,16,14,0,0.875,0,0.7344967875,0.028922295005,-2.2480514,-0.1405032125,-0.46275672008,-0.1405032125,9.63744256628174,17.7851343117167,0.602340160392609,1.1115708944823,-8.14769174543498,-0.509230734089686,2,-2.76771133480994,0,-1.03407012658746,-13.6831144150549,0,0
1,"FS","Budda Baker",2558009,30,26,0,0.866666666666667,0,0.823680909666667,0.0169851237356667,-1.28957271,-0.0429857570000001,-0.50955371207,-0.0429857570000001,18.6153307446714,29.8964237585516,0.620511024822381,0.996547458618388,-11.2810930138802,-0.376036433796007,3,-0.861263963081759,0,-0.475823140906282,-13.8648849031255,0,0
1,"CB","Robert Alford",2539653,52,41,0,0.788461538461538,0,0.714238744038462,0.0288211552182692,-3.85958531,-0.0742227944230769,-1.49870007135,-0.0742227944230769,32.8384004918569,45.7042828515091,0.631507701766479,0.878928516375174,-12.8658823596521,-0.247420814608695,4,-0.674079316901895,6,-0.303203516276805,-15.5621996272597,6,0.107142857142857
1,"CB","Prince Amukamara",2495108,48,35,0,0.729166666666667,0,0.743075623125,0.0325782007741667,0.667629910000002,0.0139089564583334,-1.56375363716,0.0139089564583334,20.4017809474689,33.0363244674365,0.425037103072269,0.688256759738261,-12.6345435199676,-0.263219656665993,4,-0.985106161427276,6,-0.352547178402391,-16.5749681656768,6,0.115384615384615
1,"CB","Chidobe Awuzie",2557840,48,33,0,0.6875,0,0.6823061125,0.030848911116125,-0.249306599999997,-0.00519388749999994,-1.480747733574,-0.00519388749999994,30.312744152541,47.1398032564458,0.631515503177937,0.982079234509287,-16.8270591039048,-0.35056373133135,0,0,6,-0.35056373133135,-16.8270591039048,6,0.125
1,"CB","Ken Crawley",2556735,25,20,0,0.8,0,0.6888351228,0.026692421452,-2.77912193,-0.1111648772,-0.6673105363,-0.1111648772,19.9573837948597,38.1535879906558,0.798295351794386,1.52614351962623,-18.1962041957961,-0.727848167831844,2,-1.32701944752572,4,-0.880761214019089,-20.8502430908475,4,0.148148148148148
0,"CB","Holton Hill",2560741,15,7,1,0.466666666666667,0.0666666666666667,0.709143394,0.0406812187433333,3.63715091,0.242476727333333,0.38978171885,0.242476727333333,12.0440044946079,-2.45510548859806,0.802933632973862,-0.163673699239871,14.499109983206,0.966607332213733,1,-0.498316848229827,5,0.965459870309408,14.0007931349762,6,0.375
0,"CB","Sherrick McManis",494289,9,3,0,0.333333333333333,0,0.546089484444444,0.0826582281444444,1.91480536,0.212756151111111,-0.7439240533,0.212756151111111,6.09002757967902,0.228955995431391,0.676669731075447,0.0254395550479324,5.86107158424763,0.651230176027515,0,0,3,0.651230176027515,5.86107158424763,3,0.333333333333333
0,"SS","Ricardo Allen",2543850,4,3,1,0.75,0.25,0.92461204,0.0036637965675,0.69844816,0.17461204,0.98534481373,0.17461204,1.75161078188177,-3.67167624579977,0.437902695470442,-0.917919061449942,5.42328702768154,1.35582175692038,0,0,0,1.35582175692038,5.42328702768154,1,0.25
0,"SS","John Johnson",2558183,15,10,2,0.666666666666667,0.133333333333333,0.641761361333333,0.0418898833269333,-0.373579579999999,-0.0249053053333333,1.371651750096,-0.0249053053333333,4.58993930601972,-0.466134266260769,0.305995953734648,-0.0310756177507179,5.05607357228049,0.337071571485366,0,0,3,0.337071571485366,5.05607357228049,5,0.333333333333333
0,"S","Jessie Bates",2560970,6,3,0,0.5,0,0.660188873333333,0.02123714185,0.96113324,0.160188873333333,-0.1274228511,0.160188873333333,2.60808418487647,-2.30140965323625,0.434680697479411,-0.383568275539376,4.90949383811272,0.818248973018787,0,0,2,0.818248973018787,4.90949383811272,2,0.333333333333333
0,"CB","Taron Johnson",2560766,14,10,1,0.714285714285714,0.0714285714285714,0.722155687142857,0.0291049251407143,0.11017962,0.00786997285714288,0.59253104803,0.00786997285714288,8.04668248291936,3.29602177003714,0.57476303449424,0.235430126431225,4.75066071288222,0.339332908063016,0,0,2,0.339332908063016,4.75066071288222,3,0.214285714285714
0,"FS","Eddie Jackson",2558176,5,4,1,0.8,0.2,0.721523884,0.021140427092,-0.39238058,-0.078476116,0.89429786454,-0.078476116,1.61278484599555,-2.51642595532264,0.32255696919911,-0.503285191064527,4.12921080131819,0.825842160263638,0,0,0,0.825842160263638,4.12921080131819,1,0.2
0,"DB","Tracy Walker",2560913,1,0,0,0,0,0.7820356,0.0076243496,0.7820356,0.7820356,-0.0076243496,0.7820356,0.983669977944722,-2.89179579374495,0.983669977944722,-2.89179579374495,3.87546577168967,3.87546577168967,0,0,0,3.87546577168967,3.87546577168967,0,0
0,"CB","Lafayette Pitts",2556652,3,0,0,0,0,0.64594432,0.0474088765666667,1.93783296,0.64594432,-0.1422266297,0.64594432,2.41261414660903,-1.41689674762743,0.804204715536344,-0.47229891587581,3.82951089423646,1.27650363141215,0,0,0,1.27650363141215,3.82951089423646,0,0
0,"SS","Jordan Richards",2552392,7,3,0,0.428571428571429,0,0.702853748571429,0.0269688396285714,1.91997624,0.27428232,-0.1887818774,0.27428232,4.12280008027812,0.454887855006487,0.588971440039732,0.064983979286641,3.66791222527163,0.523987460753091,0,0,3,0.523987460753091,3.66791222527163,3,0.428571428571429
0,"CB","Adam Jones",2506345,6,3,0,0.5,0,0.729988258333333,0.0194645853,1.37992955,0.229988258333333,-0.1167875118,0.229988258333333,6.57959199381648,2.96877856849544,1.09659866563608,0.494796428082573,3.61081342532104,0.601802237553506,0,0,2,0.601802237553506,3.61081342532104,2,0.333333333333333
0,"CB","Kevin King",2557996,12,7,1,0.583333333333333,0.0833333333333333,0.668814989166667,0.02435458435,1.02577987,0.0854816558333334,0.7077449878,0.0854816558333334,11.0143647680362,7.83769823455922,0.91786373066968,0.653141519546601,3.17666653347694,0.264722211123078,0,0,1,0.264722211123078,3.17666653347694,2,0.166666666666667
0,"DB","Armani Watts",2560921,1,0,0,0,0,0.468823,0.03574188,0.468823,0.468823,-0.03574188,0.468823,0.846013914271913,-2.31076472509789,0.846013914271913,-2.31076472509789,3.1567786393698,3.1567786393698,0,0,1,3.1567786393698,3.1567786393698,1,1
0,"FS","Andrew Adams",2556456,9,4,1,0.444444444444444,0.111111111111111,0.497286426666667,0.0746543368555556,0.47557784,0.0528419822222222,0.3281109683,0.0528419822222222,1.05257349037063,-2.02869460336992,0.116952610041181,-0.225410511485547,3.08126809374055,0.342363121526728,0,0,3,0.342363121526728,3.08126809374055,4,0.444444444444444
0,"CB","Tony Brown",2560982,16,10,0,0.625,0,0.771512081875,0.01951862254625,2.34419331,0.146512081875,-0.31229796074,0.146512081875,11.6432213103499,8.68145597767881,0.727701331896868,0.542590998604926,2.96176533267107,0.185110333291942,0,0,4,0.185110333291942,2.96176533267107,4,0.25
0,"SS","Chris Banjo",2541192,4,2,1,0.5,0.25,0.65754467,0.05230775005,0.63017868,0.15754467,0.7907689998,0.15754467,1.03994941245645,-1.88715884729174,0.259987353114114,-0.471789711822936,2.9271082597482,0.73177706493705,0,0,0,0.73177706493705,2.9271082597482,1,0.25
0,"SS","Kenny Vaccaro",2539320,4,3,0,0.75,0,0.8864941625,0.003708242075,0.54597665,0.1364941625,-0.0148329683,0.1364941625,1.84096472690222,-0.670908406409834,0.460241181725556,-0.167727101602458,2.51187313331206,0.627968283328014,0,0,1,0.627968283328014,2.51187313331206,1,0.25
0,"WR","Tremon Smith",2561103,2,1,0,0.5,0,0.756904415,0.01128619665,0.51380883,0.256904415,-0.0225723933,0.256904415,1.90329561495694,-0.41343004734777,0.95164780747847,-0.206715023673885,2.31672566230471,1.15836283115235,0,0,0,1.15836283115235,2.31672566230471,0,0
0,"SS","Erik Harris",2555568,4,2,0,0.5,0,0.799567965,0.0050162212325,1.19827186,0.299567965,-0.02006488493,0.299567965,-0.529741583025567,-2.57000416949704,-0.132435395756392,-0.642501042374261,2.04026258647148,0.510065646617869,0,0,2,0.510065646617869,2.04026258647148,2,0.5
0,"CB","Leon Hall",2495617,8,6,0,0.75,0,0.77198740375,0.024786907425,0.17589923,0.02198740375,-0.1982952594,0.02198740375,6.64103549429229,4.62046842160183,0.830129436786536,0.577558552700228,2.02056707269046,0.252570884086308,0,0,2,0.252570884086308,2.02056707269046,2,0.25
0,"FS","Jermaine Whitehead",2552697,8,5,0,0.625,0,0.77453858625,0.01441700345625,1.19630869,0.14953858625,-0.11533602765,0.14953858625,4.07504762342355,2.16550941943234,0.509380952927944,0.270688677429043,1.90953820399121,0.238692275498901,0,0,2,0.238692275498901,1.90953820399121,2,0.25
0,"FS","Kevin Byard",2555158,10,7,0,0.7,0,0.689079361,0.016511105156,-0.10920639,-0.010920639,-0.16511105156,-0.010920639,5.24171300441618,3.40973914244071,0.524171300441618,0.340973914244071,1.83197386197546,0.183197386197546,0,0,2,0.183197386197546,1.83197386197546,2,0.2
0,"SS","Damontae Kazee",2558184,2,1,0,0.5,0,0.5682776,0.0521482263,0.1365552,0.0682775999999999,-0.1042964526,0.0682775999999999,-0.0619331071875211,-1.83950864834176,-0.0309665535937605,-0.919754324170882,1.77757554115424,0.888787770577121,0,0,1,0.888787770577121,1.77757554115424,1,0.5
0,"SS","Jarrod Wilson",2556711,1,0,0,0,0,0.59257984,0.030760175,0.59257984,0.59257984,-0.030760175,0.59257984,0.512644577020187,-1.16630206241482,0.512644577020187,-1.16630206241482,1.67894663943501,1.67894663943501,0,0,1,1.67894663943501,1.67894663943501,1,1
0,"SS","Jayron Kearse",2555156,4,2,0,0.5,0,0.78046375,0.0160929973,1.121855,0.28046375,-0.0643719892,0.28046375,2.14997391572858,0.486436864115595,0.537493478932144,0.121609216028899,1.66353705161298,0.415884262903245,0,0,2,0.415884262903245,1.66353705161298,2,0.5
0,"CB","Mike Tyson",2558853,1,0,0,0,0,0.62724584,0.022139251,0.62724584,0.62724584,-0.022139251,0.62724584,0.0315643389096155,-1.59458256467566,0.0315643389096155,-1.59458256467566,1.62614690358528,1.62614690358528,0,0,0,1.62614690358528,1.62614690358528,0,0
0,"S","Terrell Edmunds",2560712,7,2,0,0.285714285714286,0,0.722265617142857,0.0207190001142857,3.05585932,0.436551331428571,-0.1450330008,0.436551331428571,0.740593130382678,-3.85206155501494,0.105799018626097,-0.550294507859277,4.59265468539762,0.656093526485374,2,-1.48470495955095,2,0.294316941231771,1.62324476629572,2,0.222222222222222
0,"CB","Anthony Averett",2560963,3,1,0,0.333333333333333,0,0.502781283333333,0.0707937071333333,0.50834385,0.16944795,-0.2123811214,0.16944795,1.33762141854267,-0.239789677512014,0.445873806180889,-0.0799298925040047,1.57741109605468,0.525803698684893,0,0,2,0.525803698684893,1.57741109605468,2,0.666666666666667
0,"CB","Avonte Maddox",2560795,9,7,1,0.777777777777778,0.111111111111111,0.653427966666667,0.0302519536222222,-1.1191483,-0.124349811111111,0.7277324174,-0.124349811111111,5.39610372855552,3.84811173747056,0.599567080950613,0.427567970830063,1.54799199108496,0.171999110120551,0,0,1,0.171999110120551,1.54799199108496,2,0.222222222222222
0,"FS","Lamarcus Joyner",2543492,5,3,0,0.6,0,0.716618406,0.01142702826,0.58309203,0.116618406,-0.0571351413,0.116618406,2.4285262965245,0.8806346277308,0.4857052593049,0.17612692554616,1.5478916687937,0.30957833375874,0,0,1,0.30957833375874,1.5478916687937,1,0.2
0,"SS","Rayshawn Jenkins",2558182,3,2,0,0.666666666666667,0,0.776478563333333,0.0118853758,0.32943569,0.109811896666667,-0.0356561274,0.109811896666667,1.40977893845594,-0.0809144842677461,0.469926312818646,-0.0269714947559154,1.49069342272368,0.496897807574562,0,0,0,0.496897807574562,1.49069342272368,0,0
0,"CB","Dominique Rodgers-Cromartie",306,3,1,0,0.333333333333333,0,0.447039224666667,0.27751769653,0.341117674,0.113705891333333,-0.83255308959,0.113705891333333,1.94999916767914,0.500006943687627,0.649999722559713,0.166668981229209,1.44999222399151,0.483330741330504,0,0,1,0.483330741330504,1.44999222399151,1,0.333333333333333
0,"CB","D.J. Hayden",2539237,12,7,0,0.583333333333333,0,0.735750916333333,0.0335909684791667,1.829010996,0.152417583,-0.40309162175,0.152417583,1.18980386867761,-0.25809561093634,0.0991503223898006,-0.0215079675780283,1.44789947961395,0.120658289967829,0,0,2,0.120658289967829,1.44789947961395,2,0.166666666666667
0,"SS","Sharrod Neasman",2556443,10,5,0,0.5,0,0.660484438,0.028824301252,1.60484438,0.160484438,-0.28824301252,0.160484438,5.0113926126588,2.46863405132675,0.50113926126588,0.246863405132675,2.54275856133205,0.254275856133205,1,-1.18871949248563,2,0.153671088747167,1.35403906884643,2,0.181818181818182
0,"FS","Adrian Amos",2552385,8,5,0,0.625,0,0.78203256625,0.0158841581125,1.25626053,0.15703256625,-0.1270732649,0.15703256625,1.4725092819753,-1.63079182764128,0.184063660246912,-0.20384897845516,3.10330110961658,0.387912638702073,1,-1.80593372800421,2,0.209453261337863,1.29736738161238,2,0.222222222222222
0,"FS","Antone Exum",2543680,4,2,0,0.5,0,0.694114935,0.03187516035,0.77645974,0.194114935,-0.1275006414,0.194114935,1.31746366393701,0.0282353685741566,0.329365915984253,0.00705884214353916,1.28922829536285,0.322307073840714,0,0,2,0.322307073840714,1.28922829536285,2,0.5
0,"SS","Andrew Sendejo",2525323,2,1,0,0.5,0,0.742719,0.0068848065,0.485438,0.242719,-0.013769613,0.242719,2.45404290220202,1.16529361424368,1.22702145110101,0.582646807121842,1.28874928795834,0.644374643979168,0,0,1,0.644374643979168,1.28874928795834,1,0.5
0,"DB","Jordan Whitehead",2560930,5,3,0,0.6,0,0.86082308,0.005964613496,1.3041154,0.26082308,-0.02982306748,0.26082308,1.76616427705312,0.486905418783343,0.353232855410625,0.0973810837566686,1.27925885826978,0.255851771653956,0,0,1,0.255851771653956,1.27925885826978,1,0.2
0,"CB","Brandon Williams",2556371,4,3,0,0.75,0,0.87635001,0.00389794658,0.50540004,0.12635001,-0.01559178632,0.12635001,3.54521129789673,2.26639678065494,0.886302824474183,0.566599195163734,1.2788145172418,0.319703629310449,0,0,2,0.319703629310449,1.2788145172418,2,0.5
0,"SS","Tavon Wilson",2534830,7,5,0,0.714285714285714,0,0.689095975714286,0.0508112117671429,-0.17632817,-0.0251897385714285,-0.35567848237,-0.0251897385714285,3.67217001641619,2.43306066197675,0.524595716630885,0.347580094568108,1.23910935443944,0.177015622062777,0,0,0,0.177015622062777,1.23910935443944,0,0
0,"SS","Adrian Phillips",2550842,16,11,0,0.6875,0,0.756946844375,0.027715757585,1.11114951,0.069446844375,-0.44345212136,0.069446844375,10.3707075506973,9.15645327464505,0.648169221918582,0.572278329665315,1.21425427605227,0.0758908922532666,0,0,3,0.0758908922532666,1.21425427605227,3,0.1875
0,"SS","Karl Joseph",2555342,7,5,0,0.714285714285714,0,0.718612685714286,0.0181879808571429,0.0302888000000001,0.00432697142857145,-0.127315866,0.00432697142857145,4.01529844971919,2.80393726890584,0.573614064245599,0.400562466986548,1.21136118081335,0.17305159725905,0,0,0,0.17305159725905,1.21136118081335,0,0
0,"CB","De'Vante Harris",2556833,3,2,0,0.666666666666667,0,0.592384316666667,0.0570772436666667,-0.22284705,-0.07428235,-0.171231731,-0.07428235,2.23307878460216,1.09218691267448,0.744359594867388,0.364062304224827,1.14089187192768,0.380297290642561,0,0,1,0.380297290642561,1.14089187192768,1,0.333333333333333
0,"CB","Derrick Jones",2558819,1,0,0,0,0,0.2835321,0.11257796,0.2835321,0.2835321,-0.11257796,0.2835321,0.574593905239293,-0.562145166914533,0.574593905239293,-0.562145166914533,1.13673907215383,1.13673907215383,0,0,0,1.13673907215383,1.13673907215383,0,0
0,"CB","Neiko Thorpe",2534846,1,1,0,1,0,0.8836124,0.0016112562,-0.1163876,-0.1163876,-0.0016112562,-0.1163876,1.25900184975196,0.160480426309494,1.25900184975196,0.160480426309494,1.09852142344247,1.09852142344247,0,0,0,1.09852142344247,1.09852142344247,0,0
0,"FS","Eric Murray",2555173,5,3,1,0.6,0.2,0.722090534,0.01439710676,0.61045267,0.122090534,0.9280144662,0.122090534,5.07110666808415,4.09464750844555,1.01422133361683,0.81892950168911,0.976459159638601,0.19529183192772,0,0,0,0.19529183192772,0.976459159638601,1,0.2
0,"FS","Ron Parker",2530794,11,6,0,0.545454545454545,0,0.595522992727273,0.0331609012909091,0.55075292,0.0500684472727273,-0.3647699142,0.0500684472727273,7.2327811468133,6.31108690392834,0.657525558801209,0.573735173084395,0.921694242884956,0.0837903857168142,0,0,0,0.0837903857168142,0.921694242884956,0,0
0,"SS","Michael Thomas",2535687,14,9,1,0.642857142857143,0.0714285714285714,0.707146817857143,0.0266958014214286,0.90005545,0.064289675,0.6262587801,0.064289675,0.763329346903789,-0.049415811947918,0.0545235247788421,-0.00352970085342272,0.812745158851707,0.0580532256322648,0,0,2,0.0580532256322648,0.812745158851707,3,0.214285714285714
0,"SS","Eric Reid",2540152,2,1,0,0.5,0,0.64836115,0.01790992308,0.2967223,0.14836115,-0.03581984616,0.14836115,-0.304036825539375,-1.11306967282933,-0.152018412769687,-0.556534836414665,0.809032847289955,0.404516423644977,0,0,1,0.404516423644977,0.809032847289955,1,0.5
0,"FS","D.J. Swearinger",2539943,13,9,0,0.692307692307692,0,0.715072167692308,0.0199212861192308,0.29593818,0.0227644753846154,-0.25897671955,0.0227644753846154,3.47338597879464,2.71534356902319,0.267183536830357,0.208872582232553,0.758042409771452,0.058310954597804,0,0,1,0.058310954597804,0.758042409771452,1,0.0769230769230769
0,"FS","Ha Ha Clinton-Dix",2543470,5,5,0,1,0,0.814330464,0.01088910184,-0.92834768,-0.185669536,-0.0544455092,-0.185669536,3.12814540156781,2.54557044773335,0.625629080313563,0.509114089546671,0.582574953834461,0.116514990766892,0,0,1,0.116514990766892,0.582574953834461,1,0.2
0,"S","Brandon Wilson",2558786,3,2,0,0.666666666666667,0,0.630630826666667,0.016480843,-0.10810752,-0.03603584,-0.049442529,-0.03603584,2.19692534856229,1.61930570415457,0.732308449520763,0.539768568051524,0.577619644407718,0.192539881469239,0,0,0,0.192539881469239,0.577619644407718,0,0
0,"CB","Jamal Agnew",2558821,6,5,0,0.833333333333333,0,0.80135464,0.0110856256883333,-0.19187216,-0.0319786933333333,-0.06651375413,-0.0319786933333333,4.09625487546907,3.54754292359911,0.682709145911512,0.591257153933186,0.54871195186996,0.0914519919783267,0,0,0,0.0914519919783267,0.54871195186996,0,0
0,"CB","Akeem King",2553456,11,9,0,0.818181818181818,0,0.800309206363636,0.0115044761690909,-0.19659873,-0.0178726118181818,-0.12654923786,-0.0178726118181818,6.80118008989331,6.26757029088709,0.61828909908121,0.569779117353372,0.533609799006223,0.0485099817278385,0,0,0,0.0485099817278385,0.533609799006223,0,0
0,"SS","Morgan Burnett",496727,18,12,0,0.666666666666667,0,0.648308708888889,0.0642243927277778,-0.330443239999999,-0.0183579577777777,-1.1560390691,-0.0183579577777777,9.13381734364099,6.53073363439049,0.507434296868944,0.362818535243916,2.6030837092505,0.144615761625028,1,-2.07287990776423,4,0.0332893704835405,0.530203801486278,4,0.210526315789474
0,"FS","Clayton Fejedelem",2555355,3,2,0,0.666666666666667,0,0.665090766666667,0.0350398563333333,-0.00472770000000011,-0.00157590000000004,-0.105119569,-0.00157590000000004,2.30823203219058,1.88799200537031,0.76941067739686,0.629330668456769,0.420240026820273,0.140080008940091,0,0,0,0.140080008940091,0.420240026820273,0,0
0,"DB","Kevin Toliver",2560901,6,5,0,0.833333333333333,0,0.796521788333333,0.0388636173933333,-0.22086927,-0.0368115449999999,-0.23318170436,-0.0368115449999999,5.11458707256544,4.74183452189486,0.852431178760907,0.790305753649144,0.372752550670579,0.0621254251117631,0,0,0,0.0621254251117631,0.372752550670579,0,0
0,"FS","Jordan Lucas",2555542,2,1,0,0.5,0,0.663995125,0.031350835,0.32799025,0.163995125,-0.06270167,0.163995125,1.29994463834123,0.144838168207796,0.649972319170613,0.072419084103898,1.15510647013343,0.577553235066716,1,-0.843253622238156,1,0.269594834175034,0.311852847895275,1,0.333333333333333
0,"CB","Johnson Bademosi",2535693,1,1,0,1,0,0.8563091,0.0059972326,-0.1436909,-0.1436909,-0.0059972326,-0.1436909,0.406575820107659,0.0967151284268817,0.406575820107659,0.0967151284268817,0.309860691680777,0.309860691680777,0,0,0,0.309860691680777,0.309860691680777,0,0
0,"SS","Da'Norris Searcy",2495339,1,1,0,1,0,0.9061113,0.0010382585,-0.0938887,-0.0938887,-0.0010382585,-0.0938887,-0.546216897754362,-0.819256350953063,-0.546216897754362,-0.819256350953063,0.273039453198701,0.273039453198701,0,0,0,0.273039453198701,0.273039453198701,0,0
0,"DB","Tyvis Powell",2556655,2,1,0,0.5,0,0.80994622,0.00634165835,0.61989244,0.30994622,-0.0126833167,0.30994622,3.16005828747433,2.9302677554885,1.58002914373716,1.46513387774425,0.229790531985827,0.114895265992914,0,0,0,0.114895265992914,0.229790531985827,0,0
0,"FS","George Iloka",2532869,1,0,0,0,0,0.39684203,0.13688162,0.39684203,0.39684203,-0.13688162,0.39684203,-0.429526081303944,-0.642478271986713,-0.429526081303944,-0.642478271986713,0.212952190682769,0.212952190682769,0,0,0,0.212952190682769,0.212952190682769,0,0
0,"CB","Damarious Randall",2552389,8,5,0,0.625,0,0.662948865,0.0542481186625,0.30359092,0.0379488649999999,-0.4339849493,0.0379488649999999,5.86201172747269,5.66941687276552,0.732751465934086,0.70867710909569,0.192594854707162,0.0240743568383952,0,0,2,0.0240743568383952,0.192594854707162,2,0.25
0,"CB","Dexter McDougle",2543608,3,1,0,0.333333333333333,0,0.622017143333333,0.022106341,0.86605143,0.28868381,-0.066319023,0.28868381,1.333240568255,1.16915286381839,0.444413522751667,0.389717621272797,0.164087704436609,0.0546959014788696,0,0,1,0.0546959014788696,0.164087704436609,1,0.333333333333333
0,"FS","George Odum",2561131,1,1,0,1,0,0.84149647,0.0006286264,-0.15850353,-0.15850353,-0.0006286264,-0.15850353,-0.165242199638496,-0.26421851719841,-0.165242199638496,-0.26421851719841,0.098976317559914,0.098976317559914,0,0,0,0.098976317559914,0.098976317559914,0,0
0,"CB","C.J. Goodwin",2550767,1,1,0,1,0,0.9306093,0.00184667,-0.0693907,-0.0693907,-0.00184667,-0.0693907,1.81382116978619,1.72125040651947,1.81382116978619,1.72125040651947,0.0925707632667199,0.0925707632667199,0,0,0,0.0925707632667199,0.0925707632667199,0,0
0,"CB","Vernon Hargreaves III",2555299,5,4,0,0.8,0,0.82899962,0.008213756728,0.1449981,0.0289996200000001,-0.04106878364,0.0289996200000001,3.36352999279757,3.28321606529426,0.672705998559513,0.656643213058852,0.0803139275033069,0.0160627855006614,0,0,0,0.0160627855006614,0.0803139275033069,0,0
0,"FS","Eric Weddle",2495775,6,5,0,0.833333333333333,0,0.823247388333333,0.00467795942166667,-0.06051567,-0.010085945,-0.02806775653,-0.010085945,1.65497662118834,1.61913351458536,0.275829436864723,0.269855585764227,0.0358431066029761,0.00597385110049601,0,0,0,0.00597385110049601,0.0358431066029761,0,0
0,"SS","Reshad Jones",496739,4,4,0,1,0,0.9263930175,0.0005913581925,-0.29442793,-0.0736069825,-0.00236543277,-0.0736069825,1.0736869717139,1.06200178251706,0.268421742928475,0.265500445629265,0.011685189196841,0.00292129729921026,0,0,0,0.00292129729921026,0.011685189196841,0,0
0,"CB","Cordrea Tankersley",2557931,1,1,0,1,0,0.9312626,0.00017776669,-0.0687373999999999,-0.0687373999999999,-0.00017776669,-0.0687373999999999,0.234223258118753,0.250852261802442,0.234223258118753,0.250852261802442,-0.016629003683689,-0.016629003683689,0,0,0,-0.016629003683689,-0.016629003683689,0,0
0,"CB","Blidi Wreh-Wilson",2539219,1,1,0,1,0,0.9274336,0.0005963657,-0.0725664,-0.0725664,-0.0005963657,-0.0725664,0.414185661720601,0.44951834468664,0.414185661720601,0.44951834468664,-0.035332682966039,-0.035332682966039,0,0,0,-0.035332682966039,-0.035332682966039,0,0
0,"CB","Kayvon Webster",2540291,1,1,0,1,0,0.75900674,0.0048582773,-0.24099326,-0.24099326,-0.0048582773,-0.24099326,-0.251018589810554,-0.173798601858,-0.251018589810554,-0.173798601858,-0.077219987952554,-0.077219987952554,0,0,0,-0.077219987952554,-0.077219987952554,0,0
0,"CB","Tyler Patmon",2550659,5,4,0,0.8,0,0.716436408,0.013641577002,-0.41781796,-0.083563592,-0.06820788501,-0.083563592,1.24843879513482,1.35144345354126,0.249687759026964,0.270288690708252,-0.103004658406439,-0.0206009316812877,0,0,0,-0.0206009316812877,-0.103004658406439,0,0
0,"DB","Justin Hardee",2559181,8,6,1,0.75,0.125,0.63993320375,0.0254477206575,-0.88053437,-0.11006679625,0.79641823474,-0.11006679625,6.10067135512768,6.23112890843498,0.76258391939096,0.778891113554372,-0.130457553307299,-0.0163071941634124,0,0,1,-0.0163071941634124,-0.130457553307299,2,0.25
0,"FS","Anthony Harris",2553655,2,2,0,1,0,0.90945875,0.00089236055,-0.1810825,-0.09054125,-0.0017847211,-0.09054125,1.13954670657948,1.3005263315915,0.56977335328974,0.650263165795749,-0.16097962501202,-0.08048981250601,0,0,1,-0.08048981250601,-0.16097962501202,1,0.5
0,"SS","Jahleel Addae",2541958,2,2,0,1,0,0.89728403,0.0044592527,-0.20543194,-0.10271597,-0.0089185054,-0.10271597,1.07653551225118,1.24758758175437,0.538267756125589,0.623793790877184,-0.171052069503189,-0.0855260347515946,0,0,0,-0.0855260347515946,-0.171052069503189,0,0
0,"SS","Matthias Farley",2556429,3,3,0,1,0,0.922903253333333,0.00357536090333333,-0.23129024,-0.0770967466666666,-0.01072608271,-0.0770967466666666,2.64059060927362,2.82359190344474,0.880196869757873,0.941197301148247,-0.183001294171121,-0.0610004313903736,0,0,0,-0.0610004313903736,-0.183001294171121,0,0
0,"FS","Mike Mitchell",238227,1,1,0,1,0,0.9070078,0.00201138,-0.0929922,-0.0929922,-0.00201138,-0.0929922,0.226407872926408,0.435949848450494,0.226407872926408,0.435949848450494,-0.209541975524086,-0.209541975524086,0,0,0,-0.209541975524086,-0.209541975524086,0,0
0,"DB","Marcus Allen",2560956,1,1,0,1,0,0.90186995,0.00085829047,-0.09813005,-0.09813005,-0.00085829047,-0.09813005,0.0790165082478148,0.317333946652223,0.0790165082478148,0.317333946652223,-0.238317438404408,-0.238317438404408,0,0,0,-0.238317438404408,-0.238317438404408,0,0
0,"CB","Bashaud Breeland",2543571,14,10,1,0.714285714285714,0.0714285714285714,0.644680634285714,0.0401231766357143,-0.97447112,-0.06960508,0.4382755271,-0.06960508,7.631970294185,7.89368022538722,0.545140735298929,0.563834301813373,-0.261709931202217,-0.0186935665144441,0,0,2,-0.0186935665144441,-0.261709931202217,3,0.214285714285714
0,"CB","Marcus Williams",2550605,1,1,0,1,0,0.90273666,0.001530391,-0.09726334,-0.09726334,-0.001530391,-0.09726334,0.900677827319722,1.16382356311644,0.900677827319722,1.16382356311644,-0.263145735796718,-0.263145735796718,0,0,0,-0.263145735796718,-0.263145735796718,0,0
0,"CB","Ryan Lewis",2559208,11,7,0,0.636363636363636,0,0.726852637272727,0.0259599944390909,0.99537901,0.0904890009090909,-0.28555993883,0.0904890009090909,9.25412654124669,9.51941160801172,0.841284231022426,0.865401055273793,-0.265285066765035,-0.0241168242513668,0,0,1,-0.0241168242513668,-0.265285066765035,1,0.0909090909090909
0,"FS","J.J. Wilcox",2540219,3,3,0,1,0,0.922320683333333,0.000323737576666667,-0.23303795,-0.0776793166666667,-0.00097121273,-0.0776793166666667,0.886026813267894,1.15725651241272,0.295342271089298,0.385752170804241,-0.27122969914483,-0.0904098997149434,0,0,0,-0.0904098997149434,-0.27122969914483,0,0
0,"SS","Chris Conte",2495272,3,3,0,1,0,0.876096533333333,0.00424921319,-0.3717104,-0.123903466666667,-0.01274763957,-0.123903466666667,0.951601040327655,1.2434304026904,0.317200346775885,0.414476800896801,-0.291829362362748,-0.0972764541209162,0,0,0,-0.0972764541209162,-0.291829362362748,0,0
0,"FS","Corey Graham",2495613,2,2,0,1,0,0.899257685,0.00586166058,-0.20148463,-0.100742315,-0.01172332116,-0.100742315,2.00059947955344,2.30747820060435,1.00029973977672,1.15373910030218,-0.306878721050912,-0.153439360525456,0,0,0,-0.153439360525456,-0.306878721050912,0,0
0,"CB","Josh Robinson",2533542,1,1,0,1,0,0.768659,0.0031657931,-0.231341,-0.231341,-0.0031657931,-0.231341,0.493345802592167,0.820459151172902,0.493345802592167,0.820459151172902,-0.327113348580735,-0.327113348580735,0,0,0,-0.327113348580735,-0.327113348580735,0,0
0,"S","Isaiah Johnson",2556567,7,5,0,0.714285714285714,0,0.731939318571429,0.0131377261428571,0.12357523,0.0176536042857143,-0.091964083,0.0176536042857143,8.67897627684315,9.02408136679403,1.23985375383474,1.28915448097058,-0.345105089950877,-0.0493007271358396,0,0,1,-0.0493007271358396,-0.345105089950877,1,0.142857142857143
0,"FS","Marcus Maye",2557995,1,1,0,1,0,0.8381121,0.007364871,-0.1618879,-0.1618879,-0.007364871,-0.1618879,2.13150533203511,2.63685331766152,2.13150533203511,2.63685331766152,-0.50534798562641,-0.50534798562641,0,0,0,-0.50534798562641,-0.50534798562641,0,0
0,"SS","Lano Hill",2558077,2,1,0,0.5,0,0.681976545,0.01268015425,0.36395309,0.181976545,-0.0253603085,0.181976545,-0.386417923241221,0.149905355738544,-0.19320896162061,0.074952677869272,-0.536323278979765,-0.268161639489882,0,0,0,-0.268161639489882,-0.536323278979765,0,0
0,"SS","Daniel Sorensen",2550257,8,6,1,0.75,0.125,0.73215390375,0.0139956914,-0.14276877,-0.01784609625,0.8880344688,-0.01784609625,5.95918506758887,6.51553049591801,0.744898133448608,0.814441311989752,-0.556345428329146,-0.0695431785411432,0,0,0,-0.0695431785411432,-0.556345428329146,1,0.125
0,"FS","Jimmie Ward",2543741,9,7,0,0.777777777777778,0,0.706378911111111,0.0416101343744444,-0.6425898,-0.0713988666666666,-0.37449120937,-0.0713988666666666,8.60263131204756,9.17370091365272,0.95584792356084,1.01930010151697,-0.571069601605164,-0.0634521779561293,0,0,0,-0.0634521779561293,-0.571069601605164,0,0
0,"CB","Parry Nickerson",2560822,15,11,0,0.733333333333333,0,0.799221492666667,0.028051112908,0.98832239,0.0658881593333334,-0.42076669362,0.0658881593333334,10.5350228603946,11.1486130137256,0.702334857359642,0.743240867581704,-0.613590153330938,-0.0409060102220625,0,0,0,-0.0409060102220625,-0.613590153330938,0,0
0,"DB","Natrell Jamerson",2560759,2,2,0,1,0,0.83869962,0.016835771,-0.32260076,-0.16130038,-0.033671542,-0.16130038,1.20169424681721,1.84009173186829,0.600847123408605,0.920045865934146,-0.638397485051082,-0.319198742525541,0,0,0,-0.319198742525541,-0.638397485051082,0,0
0,"DB","Denzel Rice",2553736,1,1,0,1,0,0.9142138,0.005943152,-0.0857862,-0.0857862,-0.005943152,-0.0857862,0.501113603847983,1.15195871869265,0.501113603847983,1.15195871869265,-0.650845114844667,-0.650845114844667,0,0,0,-0.650845114844667,-0.650845114844667,0,0
0,"SS","Derrick Kindred",2555540,7,7,0,1,0,0.77710233,0.0135840913085714,-1.56028369,-0.22289767,-0.09508863916,-0.22289767,1.68941894673238,2.34723825716415,0.241345563818912,0.33531975102345,-0.657819310431769,-0.0939741872045384,0,0,0,-0.0939741872045384,-0.657819310431769,0,0
0,"FS","Adrian Colbert",2558857,1,1,0,1,0,0.8104444,0.012397634,-0.1895556,-0.1895556,-0.012397634,-0.1895556,2.4029495046185,3.06663829002705,2.4029495046185,3.06663829002705,-0.66368878540855,-0.66368878540855,0,0,0,-0.66368878540855,-0.66368878540855,0,0
0,"DB","Isaac Yiadom",2560946,17,12,1,0.705882352941177,0.0588235294117647,0.737016121764706,0.0350839678823529,0.52927407,0.0311337688235294,0.403572546,0.0311337688235294,9.68469439190925,10.4280783692636,0.569687905406427,0.613416374662566,-0.743383977354366,-0.0437284692561392,0,0,1,-0.0437284692561392,-0.743383977354366,2,0.117647058823529
0,"CB","Kevin Johnson",2552261,1,1,0,1,0,0.8854163,0.0008273034,-0.1145837,-0.1145837,-0.0008273034,-0.1145837,1.08517008648451,1.83831916415424,1.08517008648451,1.83831916415424,-0.75314907766973,-0.75314907766973,0,0,0,-0.75314907766973,-0.75314907766973,0,0
0,"DB","Danny Johnson",2560764,6,6,0,1,0,0.874649541666667,0.00302718706666667,-0.75210275,-0.125350458333333,-0.0181631224,-0.125350458333333,3.12200752061922,3.87935839857579,0.520334586769869,0.646559733095964,-0.75735087795657,-0.126225146326095,0,0,0,-0.126225146326095,-0.75735087795657,0,0
0,"FS","Curtis Riley",2553822,1,1,0,1,0,0.6924834,0.032686077,-0.3075166,-0.3075166,-0.032686077,-0.3075166,0.602904672536799,1.3663305284132,0.602904672536799,1.3663305284132,-0.763425855876401,-0.763425855876401,0,0,0,-0.763425855876401,-0.763425855876401,0,0
0,"FS","Jabrill Peppers",2557980,17,14,0,0.823529411764706,0,0.677324545882353,0.0218896550870588,-2.48548272,-0.146204865882353,-0.37212413648,-0.146204865882353,7.03179443583537,7.80418366745957,0.413634966813845,0.459069627497622,-0.772389231624198,-0.0454346606837764,0,0,3,-0.0454346606837764,-0.772389231624198,3,0.176470588235294
0,"CB","Maurice Canady",2555178,2,2,0,1,0,0.739069265,0.010112304,-0.52186147,-0.260930735,-0.020224608,-0.260930735,0.759132735558245,1.54953487505692,0.379566367779123,0.774767437528459,-0.790402139498674,-0.395201069749337,0,0,0,-0.395201069749337,-0.790402139498674,0,0
0,"S","Doug Middleton",2556617,1,1,0,1,0,0.816214,0.012871046,-0.183786,-0.183786,-0.012871046,-0.183786,3.28342974991233,4.07633998206995,3.28342974991233,4.07633998206995,-0.79291023215762,-0.79291023215762,0,0,0,-0.79291023215762,-0.79291023215762,0,0
0,"FS","Chuck Clark",2558248,5,4,0,0.8,0,0.80751798,0.02157924352,0.0375899000000004,0.00751798000000008,-0.1078962176,0.00751798000000008,4.86451735560363,5.70958116912966,0.972903471120725,1.14191623382593,-0.845063813526036,-0.169012762705207,0,0,0,-0.169012762705207,-0.845063813526036,0,0
0,"CB","Jalen Davis",2561316,2,2,0,1,0,0.871270265,0.00679166107,-0.25745947,-0.128729735,-0.01358332214,-0.128729735,1.06429569885612,1.91782293979791,0.53214784942806,0.958911469898956,-0.853527240941791,-0.426763620470896,0,0,0,-0.426763620470896,-0.853527240941791,0,0
0,"CB","M.J. Stewart",2560884,22,18,0,0.818181818181818,0,0.764159586363636,0.0134157399154545,-1.1884891,-0.0540222318181819,-0.29514627814,-0.0540222318181819,14.2001265264898,15.0544023706426,0.645460296658626,0.684291016847389,-0.854275844152797,-0.0388307201887635,0,0,2,-0.0388307201887635,-0.854275844152797,2,0.0909090909090909
0,"CB","Marcus Cooper",2541202,1,1,0,1,0,0.7517877,0.0033950873,-0.2482123,-0.2482123,-0.0033950873,-0.2482123,2.49150870557044,3.46329055732213,2.49150870557044,3.46329055732213,-0.97178185175169,-0.97178185175169,0,0,0,-0.97178185175169,-0.97178185175169,0,0
0,"CB","E.J. Gaines",2543823,10,6,0,0.6,0,0.67516732,0.0529004113,0.7516732,0.07516732,-0.529004113,0.07516732,4.89847650081712,5.87939080773731,0.489847650081712,0.587939080773731,-0.980914306920191,-0.0980914306920191,0,0,2,-0.0980914306920191,-0.980914306920191,2,0.2
0,"SS","Blake Countess",2556374,1,1,0,1,0,0.8059377,0.0035201018,-0.1940623,-0.1940623,-0.0035201018,-0.1940623,1.13477537672316,2.14043949685419,1.13477537672316,2.14043949685419,-1.00566412013103,-1.00566412013103,0,0,1,-1.00566412013103,-1.00566412013103,1,1
0,"FS","Darian Stewart",494307,5,4,0,0.8,0,0.793538772,0.003871720656,-0.0323061400000002,-0.00646122800000004,-0.01935860328,-0.00646122800000004,0.648945601239725,1.65588871146994,0.129789120247945,0.331177742293988,-1.00694311023022,-0.201388622046043,0,0,1,-0.201388622046043,-1.00694311023022,1,0.2
0,"SS","Josh Jones",2558119,5,5,0,1,0,0.863596,0.007719617094,-0.68202,-0.136404,-0.03859808547,-0.136404,2.90020682861786,3.90948613038497,0.580041365723573,0.781897226076993,-1.0092793017671,-0.20185586035342,0,0,0,-0.20185586035342,-1.0092793017671,0,0
0,"DB","Obi Melifonwu",2558189,1,1,0,1,0,0.57090867,0.018373474,-0.42909133,-0.42909133,-0.018373474,-0.42909133,-0.0432910880719782,1.13709100981605,-0.0432910880719782,1.13709100981605,-1.18038209788803,-1.18038209788803,0,0,0,-1.18038209788803,-1.18038209788803,0,0
0,"FS","Jordan Poyer",2539290,2,2,0,1,0,0.731954515,0.0238075308,-0.53609097,-0.268045485,-0.0476150616,-0.268045485,0.820354381912398,2.06530050098851,0.410177190956199,1.03265025049425,-1.24494611907611,-0.622473059538056,0,0,0,-0.622473059538056,-1.24494611907611,0,0
0,"CB","Greg Mabin",2558971,9,6,0,0.666666666666667,0,0.669031217777778,0.0293682727222222,0.0212809599999995,0.00236455111111105,-0.2643144545,0.00236455111111105,5.74010484536661,7.01429905984642,0.637789427262956,0.779366562205158,-1.27419421447981,-0.141577134942201,0,0,1,-0.141577134942201,-1.27419421447981,1,0.111111111111111
0,"CB","Tony McRae",2556817,4,3,0,0.75,0,0.701220585,0.02117110675,-0.19511766,-0.048779415,-0.084684427,-0.048779415,2.09487691809632,3.39973311402262,0.52371922952408,0.849933278505655,-1.3048561959263,-0.326214048981575,0,0,0,-0.326214048981575,-1.3048561959263,0,0
0,"S","Rudy Ford",2558174,2,2,0,1,0,0.802359495,0.0118963152,-0.39528101,-0.197640505,-0.0237926304,-0.197640505,0.682744731111127,2.02492016849101,0.341372365555563,1.0124600842455,-1.34217543737988,-0.671087718689941,0,0,0,-0.671087718689941,-1.34217543737988,0,0
0,"FS","Xavier Woods",2558159,2,2,0,1,0,0.79982052,0.01087094725,-0.40035896,-0.20017948,-0.0217418945,-0.20017948,0.980770665900359,2.37433621747047,0.490385332950179,1.18716810873523,-1.39356555157011,-0.696782775785055,0,0,0,-0.696782775785055,-1.39356555157011,0,0
0,"FS","Colin Jones",2499257,3,3,0,1,0,0.72994382,0.0218696394,-0.81016854,-0.27005618,-0.0656089182,-0.27005618,1.14519913223073,2.62180567225085,0.381733044076909,0.873935224083617,-1.47660654002012,-0.492202180006708,0,0,0,-0.492202180006708,-1.47660654002012,0,0
0,"CB","Deante Burton",2559109,4,4,0,1,0,0.70415747,0.032310521,-1.18337012,-0.29584253,-0.129242084,-0.29584253,1.95456335221964,3.5190360840695,0.48864083805491,0.879759021017375,-1.56447273184986,-0.391118182962465,0,0,0,-0.391118182962465,-1.56447273184986,0,0
0,"CB","Donte' Deayon",2556512,2,1,0,0.5,0,0.436696905,0.045819345,-0.12660619,-0.063303095,-0.09163869,-0.063303095,1.13931363311876,1.74492358258566,0.569656816559381,0.872461791292831,-0.605609949466898,-0.302804974733449,1,-0.982490036917926,1,-1.56077094476246,-1.58809998638482,1,0.333333333333333
0,"CB","Tony Lippett",2552427,1,1,0,1,0,0.8945777,0.0027584916,-0.1054223,-0.1054223,-0.0027584916,-0.1054223,2.94811726448697,4.54306211277116,2.94811726448697,4.54306211277116,-1.59494484828419,-1.59494484828419,0,0,0,-1.59494484828419,-1.59494484828419,0,0
0,"CB","Jourdan Lewis",2557920,2,1,0,0.5,0,0.67844038,0.02460600702,0.35688076,0.17844038,-0.04921201404,0.17844038,-0.74980245105664,0.889282783350283,-0.37490122552832,0.444641391675141,-1.63908523440692,-0.819542617203461,0,0,0,-0.819542617203461,-1.63908523440692,0,0
0,"SS","Rafael Bush",2507817,13,12,0,0.923076923076923,0,0.863439379230769,0.0119252224784615,-0.77528807,-0.0596375438461539,-0.15502789222,-0.0596375438461539,10.7990273782444,12.4842657632526,0.830694413711107,0.960328135634817,-1.68523838500823,-0.12963372192371,0,0,0,-0.12963372192371,-1.68523838500823,0,0
0,"CB","Patrick Robinson",2508084,2,2,0,1,0,0.94183938,0.00060917912,-0.11632124,-0.05816062,-0.00121835824,-0.05816062,0.275243961875064,0.082252132872359,0.137621980937532,0.0411260664361795,0.192991829002705,0.0964959145013525,1,-1.89389710140361,0,-16.0307144753037,-1.7009052724009,0,0
0,"CB","Arthur Maulet",2559087,4,4,0,1,0,0.853564205,0.0080725809,-0.58574318,-0.146435795,-0.0322903236,-0.146435795,3.50339991374878,5.24618811215686,0.875849978437195,1.31154702803921,-1.74278819840808,-0.435697049602019,0,0,0,-0.435697049602019,-1.74278819840808,0,0
0,"CB","Walt Aikens",2543724,1,1,0,1,0,0.64388514,0.021110045,-0.35611486,-0.35611486,-0.021110045,-0.35611486,1.55400738599791,3.31691452066094,1.55400738599791,3.31691452066094,-1.76290713466303,-1.76290713466303,0,0,0,-1.76290713466303,-1.76290713466303,0,0
0,"SS","Kavon Frazier",2555536,3,3,0,1,0,0.91040739,0.00525188017333333,-0.26877783,-0.08959261,-0.01575564052,-0.08959261,0.757801256502295,2.66144349130373,0.252600418834098,0.887147830434578,-1.90364223480144,-0.63454741160048,0,0,0,-0.63454741160048,-1.90364223480144,0,0
0,"FS","Andre Hal",2543874,1,1,0,1,0,0.41602713,0.07926625,-0.58397287,-0.58397287,-0.07926625,-0.58397287,1.04219665487679,2.96668782275514,1.04219665487679,2.96668782275514,-1.92449116787835,-1.92449116787835,0,0,0,-1.92449116787835,-1.92449116787835,0,0
0,"SS","Justin Evans",2557945,5,5,0,1,0,0.819949892,0.012039970504,-0.90025054,-0.180050108,-0.06019985252,-0.180050108,7.47260705961754,9.43047804758876,1.49452141192351,1.88609560951775,-1.95787098797123,-0.391574197594245,0,0,0,-0.391574197594245,-1.95787098797123,0,0
0,"SS","Tony Jefferson",2540164,10,7,0,0.7,0,0.713591663,0.02297941227,0.13591663,0.013591663,-0.2297941227,0.013591663,4.93033184633435,6.88876022553685,0.493033184633435,0.688876022553685,-1.9584283792025,-0.19584283792025,0,0,3,-0.19584283792025,-1.9584283792025,3,0.3
0,"FS","Marcell Harris",2561006,2,2,0,1,0,0.71605218,0.02694412285,-0.56789564,-0.28394782,-0.0538882457,-0.28394782,2.87564452438261,4.86121942374338,1.4378222621913,2.43060971187169,-1.98557489936077,-0.992787449680385,0,0,0,-0.992787449680385,-1.98557489936077,0,0
0,"FS","Glover Quin",71441,9,8,0,0.888888888888889,0,0.852419713333333,0.00709924586222222,-0.32822258,-0.0364691755555556,-0.06389321276,-0.0364691755555556,6.32350255526072,8.32585336180149,0.702611395028968,0.925094817977943,-2.00235080654077,-0.222483422948974,0,0,0,-0.222483422948974,-2.00235080654077,0,0
0,"SS","Corey Moore",2553817,1,1,0,1,0,0.81908816,0.007349947,-0.18091184,-0.18091184,-0.007349947,-0.18091184,1.18833229579781,3.19277791710424,1.18833229579781,3.19277791710424,-2.00444562130643,-2.00444562130643,0,0,0,-2.00444562130643,-2.00444562130643,0,0
0,"CB","Chris Milton",2556394,4,3,0,0.75,0,0.684642325,0.060025606625,-0.2614307,-0.065357675,-0.2401024265,-0.065357675,4.32561970052948,6.35394522561972,1.08140492513237,1.58848630640493,-2.02832552509024,-0.50708138127256,0,0,0,-0.50708138127256,-2.02832552509024,0,0
0,"CB","Leonard Johnson",2532878,4,4,0,1,0,0.7929946575,0.0141597067925,-0.82802137,-0.2070053425,-0.05663882717,-0.2070053425,2.53059838114456,4.62787754708234,0.63264959528614,1.15696938677059,-2.09727916593778,-0.524319791484445,0,0,0,-0.524319791484445,-2.09727916593778,0,0
0,"FS","Clayton Geathers",2552386,4,3,0,0.75,0,0.79093495,0.0175539956,0.1637398,0.04093495,-0.0702159824,0.04093495,2.73407764173525,3.48330174883937,0.683519410433813,0.870825437209843,-0.749224107104119,-0.18730602677603,1,-1.34978878156678,1,-0.792017207561218,-2.0990128886709,1,0.2
0,"CB","Vontae Davis",79901,2,2,0,1,0,0.69326304,0.0365572138,-0.61347392,-0.30673696,-0.0731144276,-0.30673696,1.94683167460602,4.08288942865376,0.973415837303012,2.04144471432688,-2.13605775404773,-1.06802887702387,0,0,0,-1.06802887702387,-2.13605775404773,0,0
0,"DB","Ronnie Harrison",2561008,2,2,0,1,0,0.718394995,0.0151059407,-0.56321001,-0.281605005,-0.0302118814,-0.281605005,0.835763501310283,3.00491617055063,0.417881750655142,1.50245808527531,-2.16915266924034,-1.08457633462017,0,0,0,-1.08457633462017,-2.16915266924034,0,0
0,"FS","Kemal Ishmael",2541431,1,1,0,1,0,0.32211265,0.11105794,-0.67788735,-0.67788735,-0.11105794,-0.67788735,-0.329206291433491,1.8618744485942,-0.329206291433491,1.8618744485942,-2.19108074002769,-2.19108074002769,0,0,0,-2.19108074002769,-2.19108074002769,0,0
0,"DB","Keion Crossen",2561157,5,5,0,1,0,0.811141848,0.01039601952,-0.94429076,-0.188858152,-0.0519800976,-0.188858152,3.600466068147,5.79638407491985,0.720093213629399,1.15927681498397,-2.19591800677286,-0.439183601354572,0,0,0,-0.439183601354572,-2.19591800677286,0,0
0,"CB","DeVante Bausby",2553790,8,7,0,0.875,0,0.7735323725,0.0157600998025,-0.81174102,-0.1014676275,-0.12608079842,-0.1014676275,4.50072767599231,6.82393700317444,0.562590959499039,0.852992125396805,-2.32320932718213,-0.290401165897766,0,0,0,-0.290401165897766,-2.32320932718213,0,0
0,"DB","Sean Chandler",2561017,4,3,0,0.75,0,0.65065564,0.0443060783,-0.39737744,-0.09934436,-0.1772243132,-0.09934436,3.80016796552024,6.19948468155825,0.95004199138006,1.54987117038956,-2.39931671603802,-0.599829179009504,0,0,1,-0.599829179009504,-2.39931671603802,1,0.25
0,"CB","Josh Shaw",2552259,3,3,0,1,0,0.66344345,0.0247901561666667,-1.00966965,-0.33655655,-0.0743704685,-0.33655655,0.885240336442756,3.31577089783624,0.295080112147585,1.10525696594541,-2.43053056139349,-0.810176853797829,0,0,0,-0.810176853797829,-2.43053056139349,0,0
0,"SS","Quandre Diggs",2552262,13,8,1,0.615384615384615,0.0769230769230769,0.621434470923077,0.0513400571076923,0.0786481220000006,0.00604985553846158,0.3325792576,0.00604985553846158,6.65152910605935,9.10461845189197,0.511656085081489,0.700355265530152,-2.45308934583262,-0.188699180448663,0,0,2,-0.188699180448663,-2.45308934583262,3,0.230769230769231
0,"CB","Nick Nelson",2560819,15,8,0,0.533333333333333,0,0.689162813333333,0.0389978204453333,2.3374422,0.15582948,-0.58496730668,0.15582948,9.15210772896655,11.6194067312945,0.610140515264437,0.774627115419633,-2.46729900232795,-0.164486600155197,0,0,1,-0.164486600155197,-2.46729900232795,1,0.0666666666666667
0,"SS","Justin Reid",2560851,6,6,0,1,0,0.815132548333333,0.0128421753666667,-1.10920471,-0.184867451666667,-0.0770530522,-0.184867451666667,6.56057635474828,9.04300993742195,1.09342939245805,1.50716832290366,-2.48243358267367,-0.413738930445612,0,0,0,-0.413738930445612,-2.48243358267367,0,0
0,"CB","Charvarius Ward",2561417,8,4,0,0.5,0,0.55994083,0.03325838005,0.47952664,0.0599408299999999,-0.2660670404,0.0599408299999999,2.92479530265527,4.24576293547649,0.365599412831908,0.530720366934561,-1.32096763282122,-0.165120954102653,2,-0.606833015422205,3,-0.342834629456213,-2.53463366366563,3,0.3
0,"SS","Kurt Coleman",494261,3,3,0,1,0,0.638680463333333,0.0247405320333333,-1.08395861,-0.361319536666667,-0.0742215961,-0.361319536666667,1.28031997374108,3.95203899350094,0.426773324580361,1.31734633116698,-2.67171901975986,-0.890573006586621,0,0,0,-0.890573006586621,-2.67171901975986,0,0
0,"DB","Tarvarius Moore",2561117,8,6,0,0.75,0,0.75338043625,0.0519336702,0.0270434900000005,0.00338043625000006,-0.4154693616,0.00338043625000006,9.76689485662452,12.4486835287015,1.22086185707807,1.55608544108769,-2.68178867207698,-0.335223584009623,0,0,1,-0.335223584009623,-2.68178867207698,1,0.125
0,"DB","Greg Stroman",2560886,11,9,0,0.818181818181818,0,0.825585514545454,0.00770330002909091,0.0814406600000002,0.00740369636363638,-0.08473630032,0.00740369636363638,5.33535994960616,8.02825468951343,0.485032722691469,0.729841335410311,-2.69289473990726,-0.244808612718842,0,0,2,-0.244808612718842,-2.69289473990726,2,0.181818181818182
0,"FS","Marcus Williams",2558847,5,4,0,0.8,0,0.630739126,0.0361972083,-0.84630437,-0.169260874,-0.1809860415,-0.169260874,5.60447589151217,8.30655426994709,1.12089517830243,1.66131085398942,-2.70207837843492,-0.540415675686984,0,0,1,-0.540415675686984,-2.70207837843492,1,0.2
0,"CB","Isaiah Oliver",2560830,15,10,0,0.666666666666667,0,0.631033780666667,0.0260384778633333,-0.53449329,-0.035632886,-0.39057716795,-0.035632886,16.9710731651736,19.7109695799535,1.13140487767824,1.31406463866357,-2.7398964147799,-0.182659760985326,0,0,5,-0.182659760985326,-2.7398964147799,5,0.333333333333333
0,"FS","Kendrick Lewis",494277,5,4,0,0.8,0,0.75749664,0.01965733608,-0.2125168,-0.04250336,-0.0982866804,-0.04250336,5.1061120726297,7.88044212298121,1.02122241452594,1.57608842459624,-2.77433005035151,-0.554866010070302,0,0,0,-0.554866010070302,-2.77433005035151,0,0
0,"CB","Aaron Colvin",2543501,14,11,0,0.785714285714286,0,0.615574477142857,0.0529383083428571,-2.38195732,-0.170139808571429,-0.7411363168,-0.170139808571429,2.83262963834286,5.6367067048271,0.202330688453061,0.40262190748765,-2.80407706648424,-0.200291219034589,0,0,1,-0.200291219034589,-2.80407706648424,1,0.0714285714285714
0,"SS","Micah Hyde",2539240,5,4,0,0.8,0,0.621608706,0.0344051394,-0.89195647,-0.178391294,-0.172025697,-0.178391294,3.88736374000943,5.9404444836417,0.777472748001886,1.18808889672834,-2.05308074363227,-0.410616148726454,1,-0.919037770939116,1,-0.728288660308266,-2.97211851457139,1,0.166666666666667
0,"FS","Antoine Bethea",2495807,18,15,0,0.833333333333333,0,0.837301546111111,0.00847273902277778,0.0714278299999993,0.00396821277777774,-0.15250930241,0.00396821277777774,7.09989625152428,10.1422048041133,0.394438680640238,0.563455822450739,-3.04230855258902,-0.169017141810501,0,0,1,-0.169017141810501,-3.04230855258902,1,0.0555555555555556
0,"DB","Anthony Levine",2508004,5,5,0,1,0,0.74523358,0.0132442676,-1.2738321,-0.25476642,-0.066221338,-0.25476642,4.40015037447426,7.48329870551421,0.880030074894851,1.49665974110284,-3.08314833103995,-0.61662966620799,0,0,0,-0.61662966620799,-3.08314833103995,0,0
0,"SS","Kentrell Brice",2556480,7,7,0,1,0,0.768033234285714,0.0176911508914286,-1.62376736,-0.231966765714286,-0.12383805624,-0.231966765714286,3.07871866173727,6.16195477334692,0.439816951676753,0.880279253335274,-3.08323611160964,-0.440462301658521,0,0,0,-0.440462301658521,-3.08323611160964,0,0
0,"CB","KeiVarae Russell",2555547,11,8,0,0.727272727272727,0,0.636290301818182,0.0414860869327273,-1.00080668,-0.0909824254545455,-0.45634695626,-0.0909824254545455,6.69571391042137,9.81677665792285,0.608701264583761,0.89243424162935,-3.12106274750147,-0.283732977045588,0,0,1,-0.283732977045588,-3.12106274750147,1,0.0909090909090909
0,"CB","Cornell Armstrong",2561147,6,5,0,0.833333333333333,0,0.66616788,0.0256873333166667,-1.00299272,-0.167165453333333,-0.1541239999,-0.167165453333333,2.92572455619552,6.0657680823251,0.487620759365921,1.01096134705418,-3.14004352612957,-0.523340587688262,0,0,0,-0.523340587688262,-3.14004352612957,0,0
0,"CB","Sidney Jones",2557958,7,4,0,0.571428571428571,0,0.488364855,0.0725942347714286,-0.581446015,-0.0830637164285714,-0.5081596434,-0.0830637164285714,1.06616658310759,4.21994831604698,0.152309511872513,0.602849759435283,-3.15378173293939,-0.45054024756277,0,0,1,-0.45054024756277,-3.15378173293939,1,0.142857142857143
0,"CB","David Amerson",2540170,7,5,0,0.714285714285714,0,0.705505084285714,0.0250913682214286,-0.0614644100000001,-0.00878063000000002,-0.17563957755,-0.00878063000000002,3.14220384285277,6.33802140435061,0.448886263264681,0.905431629192944,-3.19581756149784,-0.456545365928263,0,0,0,-0.456545365928263,-3.19581756149784,0,0
0,"SS","Nat Berhe",2543643,2,2,0,1,0,0.52381526,0.05292522,-0.95236948,-0.47618474,-0.10585044,-0.47618474,0.373926460524698,3.58846332664928,0.186963230262349,1.79423166332464,-3.21453686612458,-1.60726843306229,0,0,0,-1.60726843306229,-3.21453686612458,0,0
0,"CB","Tre Herndon",2561340,4,4,0,1,0,0.61562281,0.02925024985,-1.53750876,-0.38437719,-0.1170009994,-0.38437719,0.086495071446884,3.41280640039811,0.021623767861721,0.853201600099528,-3.32631132895123,-0.831577832237807,0,0,0,-0.831577832237807,-3.32631132895123,0,0
0,"CB","LeShaun Sims",2555551,6,5,0,0.833333333333333,0,0.700073271666667,0.0263639077166667,-0.79956037,-0.133260061666667,-0.1581834463,-0.133260061666667,4.70004528579497,8.05542433241984,0.783340880965828,1.34257072206997,-3.35537904662488,-0.559229841104146,0,0,0,-0.559229841104146,-3.35537904662488,0,0
0,"CB","Cre'von LeBlanc",2556587,14,10,0,0.714285714285714,0,0.681640699285714,0.0391022060942857,-0.457030209999999,-0.0326450149999999,-0.54743088532,-0.0326450149999999,10.1441803098487,12.2926508630519,0.724584307846337,0.878046490217996,-2.14847055320323,-0.153462182371659,1,-1.24878889884865,0,-0.266426414330567,-3.39725945205187,0,0
0,"CB","Artie Burns",2555344,11,9,0,0.818181818181818,0,0.740741457272727,0.0220482522909091,-0.851843969999999,-0.0774403609090908,-0.2425307752,-0.0774403609090908,14.6206349592573,18.1395774615536,1.32914863265975,1.64905249650487,-3.51894250229634,-0.319903863845121,0,0,1,-0.319903863845121,-3.51894250229634,1,0.0909090909090909
0,"FS","Will Parks",2556278,10,7,0,0.7,0,0.631364236,0.07652244205,-0.68635764,-0.068635764,-0.7652244205,-0.068635764,2.93783156996561,6.63265697843553,0.293783156996561,0.663265697843553,-3.69482540846992,-0.369482540846992,0,0,1,-0.369482540846992,-3.69482540846992,1,0.1
0,"CB","Mike Hughes",2560746,9,7,0,0.777777777777778,0,0.60248959,0.0399621835777778,-1.57759369,-0.175288187777778,-0.3596596522,-0.175288187777778,5.78029681268626,9.62477759657657,0.642255201409585,1.06941973295295,-3.84448078389031,-0.427164531543367,0,0,0,-0.427164531543367,-3.84448078389031,0,0
0,"SS","Sean Davis",2555386,4,4,0,1,0,0.79076865,0.013655883475,-0.8369254,-0.20923135,-0.0546235339,-0.20923135,2.99400781359225,6.8428163848093,0.748501953398062,1.71070409620232,-3.84880857121705,-0.962202142804262,0,0,0,-0.962202142804262,-3.84880857121705,0,0
0,"SS","Barry Church",494259,5,5,0,1,0,0.89497728,0.004285985898,-0.5251136,-0.10502272,-0.02142992949,-0.10502272,6.51763649066209,10.382902074545,1.30352729813242,2.07658041490899,-3.86526558388288,-0.773053116776575,0,0,0,-0.773053116776575,-3.86526558388288,0,0
0,"FS","Jaquiski Tartt",2552391,5,4,0,0.8,0,0.5442647672,0.04540105919,-1.278676164,-0.2557352328,-0.22700529595,-0.2557352328,2.2644875243729,6.14071720656609,0.45289750487458,1.22814344131322,-3.87622968219319,-0.775245936438638,0,0,0,-0.775245936438638,-3.87622968219319,0,0
0,"CB","Quenton Meeks",2560808,5,2,0,0.4,0,0.397269786,0.0802588156,-0.0136510700000001,-0.00273021400000002,-0.401294078,-0.00273021400000002,-0.88470124294523,3.04695753513787,-0.176940248589046,0.609391507027574,-3.9316587780831,-0.78633175561662,0,0,2,-0.78633175561662,-3.9316587780831,2,0.4
0,"FS","Montae Nicholson",2558133,3,3,0,1,0,0.66619692,0.0175821514666667,-1.00140924,-0.33380308,-0.0527464544,-0.33380308,3.31608066687578,7.47188924912377,1.10536022229193,2.49062974970792,-4.15580858224799,-1.385269527416,0,0,0,-1.385269527416,-4.15580858224799,0,0
0,"CB","Darius Phillips",2560839,12,10,0,0.833333333333333,0,0.673235151666667,0.0402246621066667,-1.92117818,-0.160098181666667,-0.48269594528,-0.160098181666667,4.37828599203571,8.73213046518036,0.364857166002976,0.72767753876503,-4.35384447314465,-0.362820372762054,0,0,2,-0.362820372762054,-4.35384447314465,2,0.166666666666667
0,"FS","Reggie Nelson",2507167,3,3,0,1,0,0.60066719,0.0832358456666667,-1.19799843,-0.39933281,-0.249707537,-0.39933281,2.78313433476746,7.25632499498788,0.927711444922485,2.41877499832929,-4.47319066022042,-1.49106355340681,0,0,0,-1.49106355340681,-4.47319066022042,0,0
0,"SS","Eddie Pleasant",2532928,4,2,0,0.5,0,0.3321151295,0.238295561925,-0.671539482,-0.1678848705,-0.9531822477,-0.1678848705,-2.79581925347,1.77723081870455,-0.698954813367501,0.444307704676137,-4.57305007217455,-1.14326251804364,0,0,0,-1.14326251804364,-4.57305007217455,0,0
0,"CB","Aqib Talib",1302,10,8,0,0.8,0,0.715020064,0.035646839935,-0.84979936,-0.084979936,-0.35646839935,-0.084979936,4.85332507744342,9.66120819710724,0.485332507744342,0.966120819710724,-4.80788311966382,-0.480788311966382,0,0,1,-0.480788311966382,-4.80788311966382,1,0.1
0,"FS","Tre Boston",2543830,7,6,0,0.857142857142857,0,0.741796244285714,0.00948149996285714,-0.80742629,-0.115346612857143,-0.06637049974,-0.115346612857143,3.60209587864791,8.51968673094904,0.51458512552113,1.21709810442129,-4.91759085230112,-0.702512978900161,0,0,0,-0.702512978900161,-4.91759085230112,0,0
0,"CB","Troy Hill",2553536,17,13,1,0.764705882352941,0.0588235294117647,0.664147365294118,0.0544889031488235,-1.70949479,-0.100558517058824,0.0736886464700001,-0.100558517058824,10.1187427562989,15.1348066150493,0.595220162135228,0.890282742061723,-5.01606385875041,-0.295062579926495,0,0,2,-0.295062579926495,-5.01606385875041,3,0.176470588235294
0,"CB","DeShawn Shead",2535609,8,8,0,1,0,0.782777905,0.022775761575,-1.73777676,-0.217222095,-0.1822060926,-0.217222095,5.18878713475009,10.21766015104,0.648598391843761,1.27720751888,-5.02887301628995,-0.628609127036244,0,0,0,-0.628609127036244,-5.02887301628995,0,0
0,"CB","Eric Rowe",2552255,8,6,0,0.75,0,0.671291255,0.05353083523375,-0.62966996,-0.078708745,-0.42824668187,-0.078708745,7.03821954712879,12.0722864491723,0.879777443391099,1.50903580614654,-5.03406690204355,-0.629258362755443,0,0,1,-0.629258362755443,-5.03406690204355,1,0.125
0,"FS","Duron Harmon",2541243,4,3,0,0.75,0,0.61056549175,0.151156053425,-0.557738033,-0.13943450825,-0.6046242137,-0.13943450825,-1.15932193902783,3.8808815993884,-0.289830484756956,0.970220399847099,-5.04020353841622,-1.26005088460406,0,0,0,-1.26005088460406,-5.04020353841622,0,0
0,"CB","Rashard Robinson",2555546,7,7,0,1,0,0.717387452857143,0.0237321152214286,-1.97828783,-0.282612547142857,-0.16612480655,-0.282612547142857,4.73760054401037,10.0226710072163,0.676800077715767,1.43181014388804,-5.2850704632059,-0.755010066172271,0,0,0,-0.755010066172271,-5.2850704632059,0,0
0,"DB","D.J. Reed",2560850,8,8,0,1,0,0.75249289875,0.012980769025,-1.98005681,-0.24750710125,-0.1038461522,-0.24750710125,8.11345671104408,13.629742627895,1.01418208888051,1.70371782848688,-5.51628591685094,-0.689535739606367,0,0,0,-0.689535739606367,-5.51628591685094,0,0
0,"DB","Su'a Cravens",2555345,6,6,0,1,0,0.693735565,0.03825698285,-1.83758661,-0.306264435,-0.2295418971,-0.306264435,3.22768800357359,8.97729999288251,0.537948000595598,1.49621666548042,-5.74961198930892,-0.95826866488482,0,0,0,-0.95826866488482,-5.74961198930892,0,0
0,"CB","Javien Elliott",2556934,8,8,0,1,0,0.73719473,0.033221894985,-2.10244216,-0.26280527,-0.26577515988,-0.26280527,8.55336810061923,14.3360823859174,1.0691710125774,1.79201029823967,-5.78271428529813,-0.722839285662266,0,0,0,-0.722839285662266,-5.78271428529813,0,0
0,"CB","Corn Elder",2558171,3,2,0,0.666666666666667,0,0.39483348,0.0666388573333333,-0.81549956,-0.271833186666667,-0.199916572,-0.271833186666667,2.71185758567699,8.53039815741768,0.903952528558995,2.84346605247256,-5.81854057174069,-1.93951352391356,0,0,0,-1.93951352391356,-5.81854057174069,0,0
0,"FS","Harrison Smith",2532948,11,11,0,1,0,0.709705361818182,0.0333014679581818,-3.19324102,-0.290294638181818,-0.36631614754,-0.290294638181818,7.89971979052346,13.7641715868111,0.718156344593042,1.25128832607374,-5.86445179628763,-0.533131981480693,0,0,0,-0.533131981480693,-5.86445179628763,0,0
0,"FS","Marcus Gilchrist",2495153,18,15,1,0.833333333333333,0.0555555555555556,0.764668024444444,0.0412087203218889,-1.23597556,-0.0686653088888889,0.258243034206,-0.0686653088888889,15.7939676653851,21.8808709323168,0.877442648076952,1.21560394068427,-6.08690326693165,-0.338161292607314,0,0,0,-0.338161292607314,-6.08690326693165,1,0.0555555555555556
0,"CB","Davon House",2495170,2,2,0,1,0,0.6173939,0.0889989399,-0.7652122,-0.3826061,-0.1779978798,-0.3826061,1.30952277755031,6.59671583885771,0.654761388775154,3.29835791942886,-5.2871930613074,-2.6435965306537,1,-1.2987945279614,0,-9.39237905563038,-6.5859875892688,0,0
0,"FS","Mike Adams",2505708,16,15,0,0.9375,0,0.814112868125,0.009872471570625,-1.97419411,-0.123387131875,-0.15795954513,-0.123387131875,14.4057694671962,21.6953924502152,0.900360591699763,1.35596202813845,-7.28962298301902,-0.455601436438688,0,0,0,-0.455601436438688,-7.28962298301902,0,0
0,"CB","Jamar Taylor",2539932,15,13,0,0.866666666666667,0,0.722372138666667,0.0378057877466667,-2.16441792,-0.144294528,-0.5670868162,-0.144294528,8.62589947160234,16.0367233715335,0.575059964773489,1.06911489143557,-7.41082389993118,-0.494054926662078,0,0,0,-0.494054926662078,-7.41082389993118,0,0
0,"CB","Chandon Sullivan",2560887,5,5,0,1,0,0.425655098,0.09905390848,-2.87172451,-0.574344902,-0.4952695424,-0.574344902,0.0596521278638377,8.22602855978425,0.0119304255727675,1.64520571195685,-8.16637643192041,-1.63327528638408,0,0,0,-1.63327528638408,-8.16637643192041,0,0
0,"FS","Devin McCourty",494287,16,13,0,0.8125,0,0.677881849375,0.02460619089125,-2.15389041,-0.134618150625,-0.39369905426,-0.134618150625,13.9909805587048,22.1883205150379,0.87443628491905,1.38677003218987,-8.19733995633307,-0.512333747270817,0,0,2,-0.512333747270817,-8.19733995633307,2,0.125
0,"SS","T.J. McDonald",2539309,12,10,0,0.833333333333333,0,0.7266456575,0.0253437137808333,-1.28025211,-0.106687675833333,-0.30412456537,-0.106687675833333,11.5729771387598,19.8250127568365,0.964414761563313,1.65208439640304,-8.25203561807672,-0.687669634839727,0,0,0,-0.687669634839727,-8.25203561807672,0,0
0,"SS","Shawn Williams",2539233,15,13,0,0.866666666666667,0,0.688026036666667,0.03181931336,-2.67960945,-0.17864063,-0.4772897004,-0.17864063,11.9156911142722,20.2060234737792,0.794379407618147,1.34706823158528,-8.29033235950702,-0.552688823967135,0,0,1,-0.552688823967135,-8.29033235950702,1,0.0666666666666667
0,"CB","Cameron Sutton",2558849,18,15,1,0.833333333333333,0.0555555555555556,0.61091459,0.0416564560333333,-4.00353738,-0.222418743333333,0.2501837914,-0.222418743333333,9.83651735418864,18.7343654916413,0.546473186343813,1.04079808286896,-8.8978481374527,-0.49432489652515,0,0,2,-0.49432489652515,-8.8978481374527,3,0.166666666666667
0,"CB","Torry McTyer",2559053,16,14,0,0.875,0,0.727600061875,0.052434396025,-2.35839901,-0.147399938125,-0.8389503364,-0.147399938125,14.4324586968532,27.0112684791091,0.902028668553324,1.68820427994432,-12.5788097822559,-0.786175611390995,1,-0.966515911317776,0,-0.901010412068825,-13.5453256935737,0,0
0,"CB","Teez Tabor",2557955,16,15,0,0.9375,0,0.65202093625,0.02836963254,-4.56766502,-0.28547906375,-0.45391412064,-0.28547906375,12.1054066808439,26.5079943012235,0.756587917552744,1.65674964382647,-14.4025876203795,-0.900161726273721,0,0,0,-0.900161726273721,-14.4025876203795,0,0
