"nflId_def","Pos","Player","G","Pass Snaps","%Man","EPS","Man EPS","Zone EPS","EPS Per Game","EPS Per Snap","SOS EPS","SOS Man EPS","SOS Zone EPS","SOS EPS Per Game","SOS EPS Per Snap","Covers","Accurate TAR","C","Targeted C%","INT","Ball Hawk INT","PB","Ball Hawk PB","Hands on Ball % of Targets","Hands on Ball % of Plays","T","FF","Penalties"
2558176,"FS","Eddie Jackson (CHI)",14,577,0.05,39.76,2.91,36.86,2.84,0.07,41.62,3.84,37.78,2.97,0.07,285,23,12,0.52,2,3,6,3,0.35,0.02,10.5,2,0
2560916,"CB","Denzel Ward (CLE)",13,500,0.56,28.11,14.96,13.15,2.16,0.06,32.59,18,14.59,2.51,0.07,462,59,36,0.61,1,2,7,1,0.14,0.02,21.5,1,1
2555322,"ILB","Darron Lee (NYJ)",12,448,0.21,22.77,7.91,14.86,1.9,0.05,21.1,6,15.1,1.76,0.05,300,28,22,0.79,1,2,0,2,0.04,0.01,13.5,0,0
2533062,"CB","Stephon Gilmore (NE)",16,627,0.7,19.82,11.87,7.95,1.24,0.03,23.54,15.94,7.6,1.47,0.04,561,56,36,0.64,0,2,14,2,0.25,0.03,24,1,2
2558184,"SS","Damontae Kazee (ATL)",16,572,0.03,18.99,-1.44,20.42,1.19,0.03,19.38,-1.31,20.69,1.21,0.03,214,7,6,0.86,0,6,1,0,0.14,0.01,4,0,0
2560725,"S","Minkah Fitzpatrick (MIA)",16,507,0.47,17.64,11.73,5.92,1.1,0.03,21.21,16.09,5.12,1.33,0.04,404,33,20,0.61,2,0,7,0,0.27,0.02,19,0,7
496739,"SS","Reshad Jones (MIA)",14,417,0.09,17.48,5.16,12.32,1.25,0.04,17.44,5.32,12.13,1.25,0.04,218,17,12,0.71,2,1,2,3,0.24,0.02,10,0,0
2555539,"CB","Xavien Howard (MIA)",12,430,0.56,16.73,6.18,10.55,1.39,0.04,19.74,9.92,9.82,1.65,0.05,377,37,19,0.51,4,2,5,0,0.24,0.03,13,0,5
2553637,"CB","Justin Coleman (SEA)",15,444,0.44,16.41,12.67,3.73,1.09,0.04,19.17,14.9,4.28,1.28,0.04,403,41,26,0.63,1,0,8,1,0.22,0.02,16,1,2
496735,"CB","Kareem Jackson (HOU)",16,593,0.37,16.31,10.59,5.72,1.02,0.03,17.06,11.34,5.72,1.07,0.03,482,50,34,0.68,2,0,12,3,0.28,0.03,24,1,3
2558976,"CB","Kenny Moore II (IND)",15,514,0.45,15.59,-3.77,19.36,1.04,0.03,16.66,-2.05,18.7,1.11,0.03,441,47,36,0.77,1,2,6,1,0.15,0.02,29,1,2
2530510,"CB","Chris Harris (DEN)",11,397,0.62,15.58,5.25,10.34,1.42,0.04,18.6,7.91,10.68,1.69,0.05,365,40,29,0.72,1,2,5,0,0.15,0.02,23.5,0,2
2560908,"LB","Leighton Vander Esch (DAL)",16,455,0.23,14.95,0.25,14.7,0.93,0.03,11.05,-2.41,13.47,0.69,0.02,351,38,33,0.87,0,2,3,1,0.08,0.01,30.5,0,0
2532961,"ILB","Danny Trevathan (CHI)",16,628,0.21,14.87,7.83,7.04,0.93,0.02,12.82,6.06,6.76,0.8,0.02,412,32,24,0.75,0,2,3,1,0.09,0.01,13.5,0,0
4365,"CB","Brandon Carr (BAL)",16,556,0.58,14.65,15.98,-1.34,0.92,0.03,16.72,17.09,-0.37,1.04,0.03,458,40,23,0.57,2,0,8,0,0.25,0.02,21,0,3
2555158,"FS","Kevin Byard (TEN)",16,582,0.13,14.49,3.34,11.15,0.91,0.02,12.81,2.98,9.84,0.8,0.02,323,17,13,0.76,0,4,2,2,0.12,0.01,12,0,0
2552689,"CB","Ronald Darby (PHI)",9,373,0.6,14.46,8.13,6.33,1.61,0.04,21.98,14.44,7.54,2.44,0.06,339,49,33,0.67,0,1,11,1,0.22,0.03,22,0,0
2560754,"DB","J.C. Jackson (NE)",13,266,0.65,14.33,10.67,3.66,1.1,0.05,13.25,8.24,5.01,1.02,0.05,238,26,20,0.77,2,1,1,0,0.12,0.02,15,0,1
2543681,"CB","Kyle Fuller (CHI)",16,647,0.62,13.59,13.81,-0.21,0.85,0.02,17.72,16.85,0.87,1.11,0.03,596,78,53,0.68,6,1,10,1,0.21,0.03,30,0,2
2558067,"CB","Marlon Humphrey (BAL)",14,469,0.64,13.57,19.96,-6.39,0.97,0.03,16.37,22.01,-5.64,1.17,0.03,381,52,29,0.56,2,0,12,0,0.27,0.03,16.5,1,4
2555177,"CB","Mackensie Alexander (MIN)",15,333,0.54,13.49,13.64,-0.15,0.9,0.04,14.41,14.67,-0.26,0.96,0.04,285,26,17,0.65,0,0,9,2,0.35,0.03,10,0,3
80668,"CB","Captain Munnerlyn (CAR)",16,425,0.48,13.27,10.12,3.15,0.83,0.03,18.76,14.84,3.92,1.17,0.04,359,43,30,0.7,1,0,8,0,0.21,0.02,25.5,0,2
2556456,"FS","Andrew Adams (TB)",12,216,0.19,12.93,-3.55,16.48,1.08,0.06,13.93,-3.36,17.29,1.16,0.06,150,17,11,0.65,2,2,4,0,0.35,0.04,7.5,0,1
2539237,"CB","D.J. Hayden (JAX)",10,279,0.47,12.77,6.03,6.74,1.28,0.05,14.55,7.22,7.34,1.46,0.05,248,28,21,0.75,1,0,3,0,0.14,0.01,17,0,1
2553655,"FS","Anthony Harris (MIN)",11,299,0.08,12.66,-0.54,13.21,1.15,0.04,12.87,-0.39,13.26,1.17,0.04,158,8,5,0.62,0,2,2,1,0.25,0.02,5,0,0
2560741,"CB","Holton Hill (MIN)",12,172,0.67,12.58,11.6,0.98,1.05,0.07,14.97,13.68,1.28,1.25,0.09,161,12,6,0.5,1,0,6,2,0.58,0.05,8,0,2
2555280,"CB","Jalen Ramsey (JAX)",16,550,0.66,12.33,3.25,9.08,0.77,0.02,22.97,13.63,9.34,1.44,0.04,502,58,41,0.71,3,0,9,2,0.21,0.03,31,0,2
2532948,"FS","Harrison Smith (MIN)",15,495,0.12,11.97,0.27,11.69,0.8,0.02,10.55,-1.48,12.02,0.7,0.02,266,19,17,0.89,0,2,1,1,0.05,0.01,9.5,0,0
238227,"FS","Mike Mitchell (IND)",8,141,0.04,11.79,0.33,11.46,1.47,0.08,11.44,0.32,11.12,1.43,0.08,93,5,5,1,0,1,0,0,0,0.01,8.5,2,0
2557979,"SS","Jamal Adams (NYJ)",16,633,0.2,11.46,7.19,4.27,0.72,0.02,10.42,5.58,4.84,0.65,0.02,409,21,12,0.57,0,1,6,2,0.29,0.01,13.5,0,0
2557927,"CB","Desmond King (LAC)",15,473,0.39,11.27,-1.86,13.13,0.75,0.02,13.96,-0.12,14.08,0.93,0.03,426,40,30,0.75,2,1,6,0,0.2,0.02,26,0,2
2532828,"OLB","Lavonte David (TB)",14,522,0.27,11.1,14.22,-3.12,0.79,0.02,12.03,13.81,-1.77,0.86,0.02,381,49,43,0.88,0,0,0,0,0,0,30.5,0,0
2532966,"MLB","Bobby Wagner (SEA)",14,525,0.19,11.04,-0.59,11.62,0.79,0.02,11.17,-1.56,12.73,0.8,0.02,380,34,25,0.74,1,0,6,2,0.21,0.02,19.5,0,0
2555162,"MLB","Deion Jones (ATL)",6,224,0.21,10.93,-4.68,15.61,1.82,0.05,10.61,-4.48,15.09,1.77,0.05,153,20,16,0.8,0,2,4,0,0.2,0.03,10,1,1
2557920,"CB","Jourdan Lewis (DAL)",13,136,0.39,10.77,2.38,8.39,0.83,0.08,11.11,2.14,8.97,0.85,0.08,121,11,9,0.82,1,0,0,0,0.09,0.01,6,0,0
2555329,"OLB","Myles Jack (JAX)",16,553,0.2,10.58,2.57,8.01,0.66,0.02,12.02,3.95,8.07,0.75,0.02,394,19,18,0.95,0,1,0,0,0,0,15.5,0,0
2556593,"ILB","Cory Littleton (LA)",16,556,0.25,10.34,4.35,5.99,0.65,0.02,6.69,0.36,6.33,0.42,0.01,346,46,39,0.85,0,2,5,1,0.11,0.01,26.5,0,3
2495872,"CB","Johnathan Joseph (HOU)",14,485,0.52,10.3,6.29,4.01,0.74,0.02,14.72,10.78,3.94,1.05,0.03,444,55,42,0.76,1,0,9,2,0.18,0.02,30,0,1
1302,"CB","Aqib Talib (LA)",8,217,0.45,10.24,7.98,2.26,1.28,0.05,12.96,9.62,3.34,1.62,0.06,186,20,14,0.7,1,0,3,2,0.2,0.03,8,1,0
2558005,"ILB","Jayon Brown (TEN)",16,506,0.16,10,2.72,7.28,0.62,0.02,7.5,1.06,6.44,0.47,0.01,292,26,19,0.73,1,0,5,0,0.23,0.01,9,1,1
2540143,"LB","Alec Ogletree (NYG)",13,473,0.18,9.3,-0.55,9.85,0.72,0.02,8.55,-1.31,9.87,0.66,0.02,276,25,23,0.92,1,3,1,0,0.08,0.01,9.5,0,1
71251,"SS","Patrick Chung (NE)",15,561,0.46,9.19,10.95,-1.77,0.61,0.02,3.94,5.97,-2.03,0.26,0.01,399,40,29,0.72,1,0,2,1,0.08,0.01,22,0,2
2558163,"OLB","Alex Anzalone (NO)",16,334,0.26,9,4.23,4.77,0.56,0.03,7.38,2.93,4.45,0.46,0.02,217,14,14,1,0,1,0,1,0,0.01,12,0,1
2558183,"SS","John Johnson (LA)",16,564,0.14,8.78,7.05,1.73,0.55,0.02,9.19,5.95,3.24,0.57,0.02,321,31,25,0.81,2,2,4,3,0.19,0.02,23,0,0
2540180,"FS","Tyrann Mathieu (HOU)",16,637,0.26,8.73,2.65,6.07,0.55,0.01,6.7,1.67,5.03,0.42,0.01,412,30,24,0.8,0,2,4,1,0.13,0.01,24,0,3
496727,"SS","Morgan Burnett (PIT)",11,254,0.29,8.6,7,1.6,0.78,0.03,8.35,6.93,1.42,0.76,0.03,179,18,12,0.67,0,0,3,2,0.17,0.02,9.5,0,2
2557880,"ILB","Josh Harvey-Clemons (WAS)",14,163,0.19,8.38,3.27,5.1,0.6,0.05,9.18,2.55,6.62,0.66,0.06,104,9,7,0.78,0,0,1,0,0.11,0.01,6.5,0,1
2555522,"ILB","B.J. Goodson (NYG)",15,232,0.19,8.32,4.22,4.1,0.55,0.04,8.72,4.88,3.84,0.58,0.04,158,22,18,0.82,0,1,2,0,0.09,0.01,11.5,0,0
2553822,"FS","Curtis Riley (NYG)",16,578,0.03,8.28,-3.04,11.32,0.52,0.01,9.97,-1.91,11.88,0.62,0.02,256,13,9,0.69,2,1,1,0,0.23,0.01,8,0,0
2556429,"SS","Matthias Farley (IND)",5,101,0.07,7.92,0.44,7.48,1.58,0.08,8.18,0.34,7.84,1.64,0.08,71,8,6,0.75,0,1,1,1,0.12,0.03,3,0,0
2550930,"ILB","Todd Davis (DEN)",15,426,0.18,7.92,1.02,6.9,0.53,0.02,8.94,-0.57,9.51,0.6,0.02,298,33,28,0.85,0,1,3,3,0.09,0.02,19,0,3
2543571,"CB","Bashaud Breeland (GB)",7,184,0.55,7.63,5.89,1.74,1.09,0.04,10.53,8.85,1.68,1.5,0.06,157,18,13,0.72,2,0,2,0,0.22,0.02,6.5,0,4
2555169,"ILB","Reggie Ragland (KC)",15,234,0.09,7.62,3.98,3.63,0.51,0.03,8.16,3.46,4.7,0.54,0.03,161,8,6,0.75,1,0,0,0,0.12,0,2,0,0
2552488,"CB","Marcus Peters (LA)",16,525,0.47,7.58,3.19,4.39,0.47,0.01,15.17,8.34,6.83,0.95,0.03,458,47,35,0.74,1,2,5,0,0.13,0.02,20,0,4
2532848,"FS","Tashaun Gipson (JAX)",16,549,0.19,7.54,-0.49,8.03,0.47,0.01,7.14,-1.78,8.91,0.45,0.01,289,24,14,0.58,0,1,3,3,0.12,0.01,11.5,0,3
2535687,"SS","Michael Thomas (NYG)",16,317,0.28,7.49,7.52,-0.03,0.47,0.02,7.62,7.69,-0.08,0.48,0.02,207,21,13,0.62,1,1,4,0,0.24,0.02,8.5,0,1
2555568,"SS","Erik Harris (OAK)",15,220,0.13,7.45,5.49,1.97,0.5,0.03,7.11,5.34,1.77,0.47,0.03,138,10,6,0.6,0,2,3,1,0.3,0.03,6,0,0
2539233,"SS","Shawn Williams (CIN)",16,537,0.12,7.33,-2.39,9.72,0.46,0.01,7,-3.54,10.54,0.44,0.01,319,31,27,0.87,0,5,3,1,0.1,0.02,18.5,0,0
2560851,"SS","Justin Reid (HOU)",16,548,0.09,6.77,-3.59,10.37,0.42,0.01,6.38,-3.64,10.02,0.4,0.01,291,22,18,0.82,0,3,4,3,0.18,0.02,15.5,0,0
2552385,"FS","Adrian Amos (CHI)",16,655,0.07,6.72,0.88,5.83,0.42,0.01,5.87,-0.18,6.05,0.37,0.01,350,24,17,0.71,0,2,5,1,0.21,0.01,19.5,0,1
2557969,"OLB","Matt Milano (BUF)",13,412,0.25,6.51,5.13,1.38,0.5,0.02,3.86,3.3,0.56,0.3,0.01,266,20,13,0.65,2,0,3,1,0.25,0.01,5.5,0,1
2533056,"MLB","Luke Kuechly (CAR)",16,546,0.16,6.4,-3.22,9.62,0.4,0.01,6.73,-3.63,10.36,0.42,0.01,358,33,28,0.85,0,1,3,1,0.09,0.01,18,2,0
2543814,"MLB","Preston Brown (CIN)",7,191,0.19,6.33,-0.48,6.81,0.9,0.03,6.04,-0.77,6.81,0.86,0.03,147,15,13,0.87,1,1,0,2,0.07,0.02,9,0,0
2555277,"CB","Eli Apple (NO/NYG)",15,552,0.6,6.3,10.05,-3.75,0.42,0.01,12.75,14.1,-1.35,0.85,0.02,489,69,51,0.74,0,2,11,0,0.16,0.02,36.5,0,7
2552262,"SS","Quandre Diggs (DET)",16,541,0.15,6.24,5.41,0.83,0.39,0.01,7.46,5.51,1.95,0.47,0.01,299,35,26,0.74,1,2,5,0,0.17,0.01,23,0,4
2558175,"LB","Nate Gerry (PHI)",9,60,0.14,6.15,3.35,2.79,0.68,0.1,5.84,3.15,2.69,0.65,0.1,43,6,4,0.67,1,0,0,0,0.17,0.02,3.5,0,0
2559054,"ILB","Nicholas Morrow (OAK)",14,237,0.22,6,5.29,0.71,0.43,0.03,6.2,5.06,1.14,0.44,0.03,177,15,13,0.87,0,0,2,1,0.13,0.01,4.5,0,0
2532946,"CB","Coty Sensabaugh (PIT)",15,458,0.64,5.87,4.85,1.02,0.39,0.01,9.07,6.21,2.87,0.6,0.02,422,39,22,0.56,0,0,6,0,0.15,0.01,16,0,0
2555156,"SS","Jayron Kearse (MIN)",13,90,0.51,5.87,6.53,-0.66,0.45,0.07,5.18,5.41,-0.22,0.4,0.06,77,10,9,0.9,0,0,2,1,0.2,0.03,5,0,0
2555285,"OLB","Leonard Floyd (CHI)",16,511,0.3,5.81,3.79,2.02,0.36,0.01,5.95,3.51,2.44,0.37,0.01,81,8,6,0.75,0,1,2,0,0.25,0.01,3,0,0
2508080,"FS","Earl Thomas (SEA)",3,100,0.05,5.77,0.97,4.8,1.92,0.06,5.62,0.89,4.73,1.87,0.06,55,3,3,1,0,1,0,1,0,0.02,1,0,0
2540288,"CB","Darius Slay (DET)",15,499,0.6,5.74,3.92,1.82,0.38,0.01,7.52,4.8,2.72,0.5,0.02,449,55,36,0.65,1,0,12,0,0.24,0.03,23,0,5
2560913,"DB","Tracy Walker (DET)",14,194,0.06,5.43,1.38,4.05,0.39,0.03,5.5,0.99,4.51,0.39,0.03,89,4,2,0.5,1,0,1,0,0.5,0.01,2,0,0
2541192,"SS","Chris Banjo (NO)",8,37,0.09,5.4,0.59,4.81,0.68,0.15,5.22,0.52,4.7,0.65,0.14,21,2,1,0.5,1,1,0,0,0.5,0.05,0,0,0
2560928,"LB","Kyzir White (LAC)",2,42,0.26,5.32,3.15,2.17,2.66,0.13,5.44,3.11,2.34,2.72,0.13,34,7,4,0.57,1,0,1,0,0.29,0.05,1,0,0
2553456,"CB","Akeem King (SEA)",8,91,0.54,5.29,7.15,-1.86,0.66,0.06,7.08,8.43,-1.35,0.88,0.08,80,11,9,0.82,0,0,0,0,0,0,7,0,1
2539982,"OLB","A.J. Klein (NO)",16,381,0.2,5.29,1.63,3.66,0.33,0.01,5.02,1.21,3.81,0.31,0.01,225,9,8,0.89,0,1,1,0,0.11,0.01,6.5,0,0
2556363,"OLB","Kamu Grugier-Hill (PHI)",16,161,0.23,5.28,0.22,5.05,0.33,0.03,5.91,0.22,5.69,0.37,0.04,112,8,7,0.88,0,1,0,1,0,0.01,4.5,0,0
2560921,"DB","Armani Watts (KC)",4,45,0.44,5.22,5.22,0,1.31,0.12,4.76,4.76,0,1.19,0.11,34,1,0,0,0,0,1,0,1,0.02,0,0,0
2552568,"CB","Byron Jones (DAL)",16,594,0.71,5.05,1.83,3.22,0.32,0.01,15.83,11.2,4.63,0.99,0.03,560,57,37,0.65,0,0,13,0,0.23,0.02,26.5,0,5
2495807,"FS","Antoine Bethea (ARI)",16,567,0.16,5.01,4.8,0.22,0.31,0.01,7.6,5.06,2.54,0.48,0.01,337,32,25,0.78,0,0,4,0,0.12,0.01,22.5,0,1
2543850,"SS","Ricardo Allen (ATL)",3,130,0.09,5,-0.16,5.17,1.67,0.04,5.11,-0.36,5.46,1.7,0.04,76,6,5,0.83,1,0,0,2,0.17,0.02,7,0,0
2534832,"FS","Rodney McLeod (PHI)",3,106,0.04,4.93,1.81,3.12,1.64,0.05,5.32,1.82,3.49,1.77,0.05,53,5,2,0.4,0,0,3,0,0.6,0.03,1,0,0
2561107,"LB","Corey Thompson (BUF)",3,29,0.18,4.9,0.41,4.49,1.63,0.17,4.83,0.39,4.44,1.61,0.17,16,1,1,1,0,0,0,0,0,0,2,1,0
2543680,"FS","Antone Exum (SF)",12,320,0.12,4.8,3.09,1.71,0.4,0.01,4.91,2.82,2.09,0.41,0.02,181,7,5,0.71,0,1,2,4,0.29,0.02,5.5,0,1
2556571,"CB","Jonathan Jones (NE)",16,353,0.48,4.71,-2.92,7.63,0.29,0.01,4.71,-3.71,8.41,0.29,0.01,305,39,28,0.72,2,1,4,0,0.15,0.02,21.5,0,4
2553796,"CB","Quinton Dunbar (WAS)",7,227,0.63,4.68,-5.9,10.58,0.67,0.02,8.02,-5.03,13.05,1.15,0.04,207,34,25,0.74,1,1,7,0,0.24,0.04,19,0,0
2558182,"SS","Rayshawn Jenkins (LAC)",8,73,0.23,4.67,0.87,3.8,0.58,0.06,4.15,0.58,3.57,0.52,0.06,49,5,3,0.6,0,0,0,0,0,0,3,0,0
2495613,"FS","Corey Graham (PHI)",13,439,0.1,4.65,0.92,3.74,0.36,0.01,4.14,0.39,3.75,0.32,0.01,226,12,10,0.83,0,1,2,1,0.17,0.01,6.5,0,1
494289,"CB","Sherrick McManis (CHI)",15,180,0.53,4.59,6.13,-1.54,0.31,0.03,6.32,6.59,-0.28,0.42,0.04,145,13,9,0.69,0,1,3,0,0.23,0.02,8,0,0
2534846,"CB","Neiko Thorpe (SEA)",3,23,0.67,4.56,2.86,1.7,1.52,0.2,4.42,2.71,1.7,1.47,0.19,20,1,1,1,0,0,0,0,0,0,1,0,0
2553500,"CB","Bryce Callahan (CHI)",13,454,0.61,4.54,14.28,-9.74,0.35,0.01,6.4,15.56,-9.16,0.49,0.01,409,31,25,0.81,1,1,4,0,0.16,0.01,18,0,0
2556475,"CB","Briean Boddy-Calhoun (CLE)",14,426,0.39,4.54,8.87,-4.34,0.32,0.01,6.38,10.27,-3.9,0.46,0.01,325,30,24,0.8,0,0,2,0,0.07,0,17,0,1
2543874,"FS","Andre Hal (HOU)",8,181,0.1,4.53,-2.79,7.32,0.57,0.03,4.97,-2.7,7.67,0.62,0.03,90,4,4,1,0,3,0,1,0,0.02,1,0,0
2533016,"OLB","Najee Goode (IND)",6,36,0.18,4.42,3.96,0.46,0.74,0.12,4.23,3.82,0.42,0.71,0.12,27,3,2,0.67,1,0,0,0,0.33,0.03,0,0,0
2543699,"OLB","Kyle Van Noy (NE)",16,591,0.21,4.37,5.27,-0.9,0.27,0.01,2.56,3.77,-1.21,0.16,0,210,24,22,0.92,0,1,0,0,0,0,14.5,0,0
2533057,"MLB","Dont'a Hightower (NE)",15,457,0.16,4.34,1.49,2.86,0.29,0.01,3.01,0.29,2.73,0.2,0.01,174,17,16,0.94,0,1,0,0,0,0,8,0,0
2552389,"CB","Damarious Randall (CLE)",15,629,0.1,4.24,1.56,2.67,0.28,0.01,6.48,3.51,2.97,0.43,0.01,289,26,21,0.81,0,3,3,2,0.12,0.01,19.5,0,0
2556673,"OLB","Brennan Scarlett (HOU)",7,54,0.16,4.18,0.86,3.32,0.6,0.08,3.91,0.66,3.25,0.56,0.07,27,4,2,0.5,1,0,1,1,0.5,0.06,2,0,0
2556711,"SS","Jarrod Wilson (JAX)",11,115,0.15,4.1,3.26,0.83,0.37,0.04,4.1,3.22,0.88,0.37,0.04,54,4,1,0.25,0,0,2,0,0.5,0.02,1,0,0
2558786,"S","Brandon Wilson (CIN)",10,46,0.53,4.07,4.27,-0.2,0.41,0.09,3.94,4.14,-0.2,0.39,0.09,35,4,3,0.75,0,0,0,0,0,0,0.5,0,0
2555505,"OLB","Matt Judon (BAL)",16,434,0.24,4.04,1.81,2.23,0.25,0.01,3.65,1.35,2.3,0.23,0.01,63,6,4,0.67,0,0,0,0,0,0,1.5,0,0
2559208,"CB","Ryan Lewis (BUF)",5,102,0.58,3.99,1.05,2.95,0.8,0.04,3.23,-0.37,3.59,0.65,0.03,95,17,12,0.71,0,0,3,0,0.18,0.03,8,1,0
2555542,"FS","Jordan Lucas (KC)",7,167,0.22,3.86,2.8,1.06,0.55,0.02,4.35,2.12,2.23,0.62,0.03,93,5,4,0.8,0,1,1,0,0.2,0.01,3,0,1
2555166,"MLB","Joe Schobert (CLE)",13,527,0.2,3.86,-1.9,5.76,0.3,0.01,3.06,-2.69,5.75,0.24,0.01,272,18,11,0.61,0,1,3,1,0.17,0.01,7,0,0
2553353,"CB","Darryl Roberts (NYJ)",14,432,0.33,3.78,6.55,-2.77,0.27,0.01,5.67,7.97,-2.3,0.4,0.01,294,30,24,0.8,0,1,4,2,0.13,0.02,16.5,0,0
2506268,"OLB","Lorenzo Alexander (BUF)",16,354,0.25,3.76,1.15,2.61,0.23,0.01,3.84,0.61,3.23,0.24,0.01,84,9,9,1,0,0,0,1,0,0,7.5,0,0
2532789,"ILB","Mark Barron (LA)",12,279,0.26,3.65,4.18,-0.53,0.3,0.01,4.61,4.42,0.18,0.38,0.02,212,19,14,0.74,0,0,1,0,0.05,0,9,0,1
2557867,"CB","Tre'Davious White (BUF)",16,526,0.63,3.44,-2.71,6.15,0.22,0.01,11.07,3.8,7.27,0.69,0.02,482,39,29,0.74,1,1,5,2,0.15,0.02,16,0,7
2552265,"CB","Steven Nelson (KC)",15,659,0.65,3.39,3.78,-0.38,0.23,0.01,14.04,12.6,1.44,0.94,0.02,595,67,45,0.67,1,3,10,1,0.16,0.02,33,0,5
2556374,"SS","Blake Countess (LA)",8,44,0.02,3.37,-0.95,4.32,0.42,0.08,3.76,-0.62,4.38,0.47,0.09,22,2,1,0.5,0,1,1,0,0.5,0.05,0.5,0,0
89756,"CB","Jason McCourty (NE)",16,534,0.59,3.35,6.1,-2.75,0.21,0.01,6.64,8.25,-1.62,0.41,0.01,494,52,37,0.71,1,0,8,0,0.17,0.02,30.5,0,0
2556833,"CB","De'Vante Harris (TB)",5,59,0.63,3.35,1.15,2.2,0.67,0.06,3.42,1.11,2.3,0.68,0.06,52,5,4,0.8,0,0,1,1,0.2,0.03,1,0,0
2555349,"CB","Kendall Fuller (KC)",14,622,0.52,3.34,10.71,-7.37,0.24,0.01,6.95,13.42,-6.47,0.5,0.01,561,62,44,0.71,2,0,8,2,0.16,0.02,32,0,3
2539290,"FS","Jordan Poyer (BUF)",16,546,0.09,3.33,1.52,1.82,0.21,0.01,2.45,0.95,1.49,0.15,0,272,11,9,0.82,1,3,1,0,0.18,0.01,9,0,0
2506345,"CB","Adam Jones (DEN)",5,66,0.56,3.25,1.89,1.36,0.65,0.05,5.02,3.03,1.99,1,0.08,57,10,7,0.7,0,0,2,0,0.2,0.03,4,0,1
2561143,"LB","Ja'Whaun Bentley (NE)",3,76,0.39,3.24,3.34,-0.1,1.08,0.04,2.74,2.82,-0.07,0.91,0.04,49,4,3,0.75,1,0,0,0,0.25,0.01,1.5,0,0
2556652,"CB","Lafayette Pitts (BUF)",5,52,0.6,3.22,4,-0.79,0.64,0.06,3.09,3.61,-0.52,0.62,0.06,51,4,1,0.25,0,0,0,0,0,0,0,0,0
2555531,"CB","Anthony Brown (DAL)",15,437,0.49,3.14,6.47,-3.32,0.21,0.01,2.8,7.09,-4.29,0.19,0.01,390,36,26,0.72,1,0,7,0,0.22,0.02,16,1,2
2505660,"OLB","Terrell Suggs (BAL)",16,478,0.11,3.14,3.73,-0.59,0.2,0.01,2.89,3.42,-0.53,0.18,0.01,38,3,2,0.67,0,0,0,0,0,0,1,0,0
2560970,"S","Jessie Bates (CIN)",16,630,0.04,3.09,-0.7,3.78,0.19,0,6.91,0.2,6.71,0.43,0.01,338,17,11,0.65,1,2,4,0,0.29,0.01,14.5,0,0
2553710,"SS","Deshazor Everett (WAS)",11,51,0.22,2.85,-0.88,3.73,0.26,0.06,2.75,-1.01,3.75,0.25,0.05,30,1,1,1,0,1,0,0,0,0.02,1,0,0
2556278,"FS","Will Parks (DEN)",15,327,0.28,2.65,-1.62,4.26,0.18,0.01,3.43,-2.09,5.52,0.23,0.01,202,14,10,0.71,0,1,2,1,0.14,0.01,7,0,0
2553687,"MLB","Zach Vigil (WAS)",4,19,0.06,2.61,1.16,1.45,0.65,0.14,2.84,1.21,1.63,0.71,0.15,13,3,3,1,0,0,0,0,0,0,2,0,0
2540197,"CB","Nickell Robey-Coleman (LA)",16,378,0.48,2.58,2.9,-0.31,0.16,0.01,4.76,3.47,1.29,0.3,0.01,350,19,17,0.89,0,0,2,0,0.11,0.01,12.5,0,2
2541162,"CB","A.J. Bouye (JAX)",13,449,0.64,2.54,1.21,1.33,0.2,0.01,8.66,6.21,2.45,0.67,0.02,415,44,34,0.77,1,0,5,2,0.14,0.02,29.5,0,2
2552320,"ILB","Ramik Wilson (LA)",11,86,0.3,2.48,1.35,1.13,0.23,0.03,1.94,0.76,1.18,0.18,0.02,67,8,7,0.88,0,0,1,0,0.12,0.01,6,0,0
2557887,"ILB","Haason Reddick (ARI)",16,444,0.27,2.43,4.17,-1.74,0.15,0.01,3.95,4.36,-0.41,0.25,0.01,255,26,21,0.81,0,0,2,0,0.08,0,17,0,1
2560884,"CB","M.J. Stewart (TB)",8,202,0.56,2.43,-0.41,2.84,0.3,0.01,5.8,3.09,2.71,0.72,0.03,175,31,27,0.87,0,0,2,0,0.06,0.01,16,0,0
2540164,"SS","Tony Jefferson (BAL)",14,531,0.16,2.42,-0.43,2.85,0.17,0,2.19,-2.22,4.41,0.16,0,303,20,17,0.85,0,1,3,0,0.15,0.01,18,1,3
2550541,"OLB","Shaquil Barrett (DEN)",12,149,0.39,2.41,2.12,0.29,0.2,0.02,2.95,2.67,0.28,0.25,0.02,22,6,4,0.67,0,0,1,0,0.17,0.01,2,0,0
2543823,"CB","E.J. Gaines (CLE)",4,111,0.58,2.34,-0.73,3.07,0.58,0.02,1.8,-1.64,3.44,0.45,0.02,99,11,7,0.64,0,1,2,0,0.18,0.03,5.5,0,0
2543811,"CB","Pierre Desir (IND)",15,528,0.66,2.32,1.91,0.41,0.15,0,5.9,4.7,1.2,0.39,0.01,489,37,25,0.68,1,0,7,0,0.22,0.02,23,0,1
2560760,"SS","Derwin James (LAC)",15,568,0.28,2.21,-0.98,3.19,0.15,0,-0.1,-3.45,3.35,-0.01,0,368,37,32,0.86,1,1,5,1,0.16,0.01,20.5,0,1
2552289,"OLB","Bud Dupree (PIT)",16,526,0.32,2.14,0.72,1.43,0.13,0,2.47,0.74,1.73,0.15,0,68,4,4,1,0,0,0,1,0,0,3.5,0,0
2560947,"LB","Kenny Young (BAL)",16,205,0.22,2.13,3.15,-1.02,0.13,0.01,1.96,2.8,-0.83,0.12,0.01,101,9,7,0.78,0,0,1,0,0.11,0,3,0,0
2508004,"DB","Anthony Levine (BAL)",16,227,0.33,2.11,0.78,1.33,0.13,0.01,1.08,-0.2,1.28,0.07,0,125,8,7,0.88,0,0,1,5,0.12,0.03,0,0,1
2561008,"DB","Ronnie Harrison (JAX)",12,167,0.18,2.11,-3.46,5.56,0.18,0.01,1.6,-4.27,5.88,0.13,0.01,116,14,11,0.79,0,1,1,0,0.07,0.01,6.5,0,0
2560986,"LB","Jason Cabinda (OAK)",10,49,0.11,2.1,1.25,0.85,0.21,0.04,1.75,1.17,0.59,0.18,0.04,40,4,3,0.75,0,0,0,0,0,0,1,0,0
2556817,"CB","Tony McRae (CIN)",5,61,0.72,1.98,0.77,1.21,0.4,0.03,2.19,0.79,1.4,0.44,0.04,54,5,4,0.8,0,0,1,0,0.2,0.02,1.5,0,0
2560956,"DB","Marcus Allen (PIT)",2,13,0.67,1.98,1.79,0.18,0.99,0.15,2.26,1.8,0.47,1.13,0.17,11,2,1,0.5,0,0,0,0,0,0,1.5,0,0
2560830,"CB","Isaiah Oliver (ATL)",11,170,0.67,1.95,6.76,-4.8,0.18,0.01,2.48,6.76,-4.28,0.23,0.01,160,21,14,0.67,0,0,6,0,0.29,0.04,10,0,0
2495252,"OLB","K.J. Wright (SEA)",5,132,0.22,1.95,0.77,1.18,0.39,0.01,1.94,0.62,1.32,0.39,0.01,104,8,7,0.88,0,0,1,1,0.12,0.02,5.5,0,0
2558094,"ILB","Zach Cunningham (HOU)",14,440,0.24,1.94,-2.36,4.3,0.14,0,-0.31,-4.85,4.54,-0.02,0,320,36,33,0.92,0,1,2,2,0.06,0.01,20.5,0,0
2557961,"CB","Quincy Wilson (IND)",13,282,0.56,1.88,0.9,0.98,0.14,0.01,0.07,-1.03,1.1,0.01,0,262,20,17,0.85,1,0,0,1,0.05,0.01,10.5,0,3
2555340,"OLB","Kyler Fackrell (GB)",16,344,0.28,1.87,-0.11,1.98,0.12,0.01,1.9,-0.27,2.17,0.12,0.01,49,4,3,0.75,0,0,0,0,0,0,0,0,1
2560946,"DB","Isaac Yiadom (DEN)",11,179,0.71,1.83,4.84,-3.01,0.17,0.01,3.15,6.36,-3.22,0.29,0.02,158,21,17,0.81,1,0,2,0,0.14,0.02,8.5,0,2
2560789,"LB","Darius Leonard (IND)",15,535,0.22,1.72,0.35,1.38,0.11,0,-3.52,-2.72,-0.8,-0.23,-0.01,412,55,48,0.87,1,0,5,1,0.11,0.01,26.5,0,0
2495493,"DE","Justin Houston (KC)",11,390,0.21,1.63,1.29,0.34,0.15,0,1.17,0.91,0.25,0.11,0,53,2,1,0.5,0,0,0,0,0,0,1.5,0,0
2559058,"S","Maurice Smith (MIA)",2,29,0.1,1.57,-0.71,2.27,0.78,0.05,1.46,-0.62,2.08,0.73,0.05,17,2,1,0.5,0,0,1,0,0.5,0.03,0,0,0
2552276,"OLB","Preston Smith (WAS)",16,482,0.37,1.55,0.63,0.92,0.1,0,0.92,0.16,0.76,0.06,0,31,4,3,0.75,0,0,0,0,0,0,0.5,0,0
2555299,"CB","Vernon Hargreaves III (TB)",1,39,0.68,1.53,-0.04,1.57,1.53,0.04,1.37,-0.11,1.48,1.37,0.04,37,6,4,0.67,0,0,1,0,0.17,0.03,4,0,0
2539240,"SS","Micah Hyde (BUF)",15,479,0.09,1.51,1.85,-0.34,0.1,0,1.49,0.91,0.58,0.1,0,244,14,10,0.71,1,1,3,0,0.29,0.01,5,0,1
2560963,"CB","Anthony Averett (BAL)",5,45,0.64,1.48,1.48,0,0.3,0.03,2.66,2.66,0,0.53,0.06,42,3,1,0.33,0,0,2,0,0.67,0.04,1,0,0
2558061,"CB","Marshon Lattimore (NO)",16,569,0.63,1.47,-5.25,6.73,0.09,0,8.21,0.04,8.16,0.51,0.01,517,55,44,0.8,0,2,9,3,0.16,0.02,29,3,2
2556371,"CB","Brandon Williams (ARI)",2,43,0.58,1.46,2.02,-0.56,0.73,0.03,1.4,1.79,-0.38,0.7,0.03,40,4,3,0.75,0,0,2,1,0.5,0.07,2,0,0
2552686,"OLB","Damien Wilson (DAL)",16,125,0.25,1.44,-1.14,2.58,0.09,0.01,3.66,0.58,3.08,0.23,0.03,89,12,9,0.75,0,0,0,0,0,0,7.5,0,0
2558108,"CB","Nate Hairston (IND)",10,238,0.59,1.38,3.24,-1.85,0.14,0.01,0.69,3.03,-2.34,0.07,0,216,15,13,0.87,0,0,1,1,0.07,0.01,7,0,1
2550654,"CB","K'Waun Williams (SF)",13,351,0.48,1.38,4.38,-3.01,0.11,0,2.91,5.83,-2.92,0.22,0.01,313,24,20,0.83,0,0,1,0,0.04,0,16.5,0,3
2558097,"ILB","Ukeme Eligwe (NYG)",3,28,0.09,1.37,0.12,1.25,0.46,0.05,1.34,0.07,1.28,0.45,0.05,16,2,2,1,0,0,0,1,0,0.04,1,0,0
2543738,"OLB","Kareem Martin (NYG)",16,317,0.37,1.32,0.92,0.4,0.08,0,1.22,0.79,0.43,0.08,0,27,1,1,1,0,0,0,0,0,0,1.5,0,0
2555394,"CB","Daryl Worley (OAK)",10,228,0.63,1.31,-4.9,6.21,0.13,0.01,4.5,-2.42,6.92,0.45,0.02,211,27,17,0.63,0,1,6,0,0.22,0.03,14,0,0
2555342,"SS","Karl Joseph (OAK)",12,239,0.15,1.28,-3.01,4.3,0.11,0.01,0.65,-3.69,4.34,0.05,0,129,7,5,0.71,0,1,0,1,0,0.01,3,0,0
2552310,"ILB","Denzel Perryman (LAC)",8,177,0.22,1.23,-1.99,3.22,0.15,0.01,1.47,-2.05,3.52,0.18,0.01,124,12,10,0.83,0,1,1,0,0.08,0.01,5.5,0,0
2506352,"OLB","Thomas Davis (CAR)",12,366,0.31,1.21,4.87,-3.67,0.1,0,0.89,4.85,-3.96,0.07,0,238,30,25,0.83,0,0,4,0,0.13,0.01,13.5,0,0
2561366,"LB","Frankie Luvu (NYJ)",14,275,0.26,1.19,0.81,0.38,0.09,0,2.49,1.17,1.33,0.18,0.01,32,4,4,1,0,0,0,0,0,0,1.5,0,0
2539277,"MLB","Manti Te'o (NO)",5,70,0.2,1.17,0.56,0.61,0.23,0.02,0.79,0.43,0.35,0.16,0.01,42,8,7,0.88,0,0,0,1,0,0.01,4,0,0
2559260,"DB","Tre Sullivan (PHI)",11,174,0.05,1.1,-0.15,1.25,0.1,0.01,0.89,-0.51,1.39,0.08,0.01,87,2,2,1,0,0,0,0,0,0,2,0,0
2550659,"CB","Tyler Patmon (JAX)",7,139,0.55,1.05,4.54,-3.49,0.15,0.01,0.88,3.99,-3.11,0.13,0.01,124,11,9,0.82,0,0,0,0,0,0,6,0,0
2558166,"OLB","Tyus Bowser (BAL)",14,102,0.19,1.03,0.82,0.21,0.07,0.01,0.84,0.66,0.17,0.06,0.01,18,1,1,1,0,0,0,0,0,0,0,0,0
2540013,"ILB","Will Compton (TEN)",5,38,0.13,1.01,0.82,0.19,0.2,0.03,1.02,0.66,0.35,0.2,0.03,20,1,0,0,0,0,1,0,1,0.03,0,0,0
2555155,"SS","Deon Bush (CHI)",7,102,0.03,0.97,0.68,0.29,0.14,0.01,0.88,0.64,0.24,0.13,0.01,57,4,3,0.75,0,0,0,0,0,0,3,1,0
2505708,"FS","Mike Adams (CAR)",16,553,0.16,0.96,-3.86,4.82,0.06,0,2.14,-3.91,6.05,0.13,0,286,24,21,0.88,1,2,1,1,0.08,0.01,15.5,0,1
2552484,"CB","P.J. Williams (NO)",15,483,0.56,0.92,2.52,-1.6,0.06,0,3.36,3.47,-0.11,0.22,0.01,424,44,33,0.75,0,0,7,1,0.16,0.02,17.5,1,6
2540221,"ILB","Vince Williams (PIT)",14,427,0.27,0.88,2.12,-1.23,0.06,0,-0.9,0.12,-1.02,-0.06,0,219,21,18,0.86,0,0,1,0,0.05,0,11,0,0
2558821,"CB","Jamal Agnew (DET)",5,73,0.65,0.88,0.74,0.14,0.18,0.01,1.92,1.73,0.2,0.38,0.03,67,6,6,1,0,0,0,0,0,0,4,0,0
2553562,"DB","Dean Marlowe (BUF)",1,28,0,0.87,0,0.87,0.87,0.03,0.26,0,1.13,0.26,0.01,10,2,1,0.5,0,0,1,0,0.5,0.04,1,0,0
2559012,"OLB","Eric Wilson (MIN)",12,167,0.26,0.83,1.57,-0.74,0.07,0,0.47,1.06,-0.58,0.04,0,105,10,10,1,0,0,0,0,0,0,4,0,0
2533049,"OLB","Whitney Mercilus (HOU)",16,485,0.26,0.82,1.01,-0.2,0.05,0,0.18,0.78,-0.59,0.01,0,96,10,9,0.9,0,0,0,0,0,0,3,0,0
2535693,"CB","Johnson Bademosi (HOU)",4,20,0.5,0.81,0.81,0,0.2,0.04,1.13,1.13,0,0.28,0.06,18,1,1,1,0,0,0,0,0,0,0,0,0
71197,"OLB","Connor Barwin (NYG)",15,160,0.25,0.81,0.81,0,0.05,0.01,0.78,0.78,0,0.05,0,8,1,0,0,0,0,0,0,0,0,0,0,0
2495281,"ILB","Mason Foster (WAS)",16,585,0.14,0.81,1.23,-0.42,0.05,0,-1.18,0.11,-1.28,-0.07,0,358,42,38,0.9,0,2,1,0,0.02,0.01,24.5,0,0
2561015,"OLB","Lorenzo Carter (NYG)",15,295,0.29,0.79,0.79,0,0.05,0,0.73,0.73,0,0.05,0,16,0,0,0,0,0,0,0,0,0,0,0,0
2561155,"ILB","Zaire Franklin (IND)",11,90,0.15,0.79,-0.9,1.68,0.07,0.01,0.11,-1.35,1.46,0.01,0,73,8,7,0.88,0,0,1,0,0.12,0.01,4.5,0,0
2533048,"OLB","Nick Perry (GB)",9,173,0.08,0.78,-0.08,0.86,0.09,0,0.7,-0.14,0.84,0.08,0,10,1,1,1,0,0,0,0,0,0,0,0,0
2560826,"LB","Uchenna Nwosu (LAC)",15,176,0.31,0.73,0.73,0,0.05,0,0.58,0.58,0,0.04,0,14,0,0,0,0,0,0,0,0,0,0,0,0
2552605,"FS","Ibraheim Campbell (DAL/GB)",4,66,0.11,0.72,1.35,-0.62,0.18,0.01,1.16,1.15,0.01,0.29,0.02,38,3,3,1,0,0,0,0,0,0,3,0,0
2532898,"ILB","Brandon Marshall (DEN)",10,252,0.23,0.7,3.53,-2.83,0.07,0,0.97,3.5,-2.53,0.1,0,149,8,7,0.88,0,0,1,0,0.12,0,4,0,0
2558819,"CB","Derrick Jones (NYJ)",1,17,0.41,0.69,-0.24,0.92,0.69,0.04,1.58,0.22,1.36,1.58,0.09,17,2,2,1,0,0,0,0,0,0,3,0,0
2558289,"LB","Tanner Vallejo (CLE)",6,76,0.18,0.64,1.29,-0.65,0.11,0.01,0.15,1.11,-0.96,0.02,0,50,6,5,0.83,0,0,0,0,0,0,1.5,0,0
2543563,"ILB","Kevin Pierre-Louis (NYJ)",5,31,0.59,0.64,1.28,-0.63,0.13,0.02,-0.52,0.16,-0.68,-0.1,-0.02,16,4,4,1,0,0,0,0,0,0,2,0,0
2539309,"SS","T.J. McDonald (MIA)",14,500,0.14,0.63,-1.97,2.6,0.04,0,0.43,-2.91,3.34,0.03,0,315,19,17,0.89,0,3,0,2,0,0.01,13.5,0,1
2555550,"SS","Justin Simmons (DEN)",15,572,0.2,0.62,4.19,-3.58,0.04,0,3.65,5.91,-2.26,0.24,0.01,355,29,26,0.9,0,2,1,0,0.03,0.01,17.5,0,2
2532890,"OLB","Mychal Kendricks (SEA)",4,97,0.25,0.61,-1.62,2.23,0.15,0.01,-0.04,-2.35,2.31,-0.01,0,72,8,6,0.75,0,0,1,0,0.12,0.01,2.5,0,0
2560719,"CB","Brandon Facyson (LAC)",3,5,0.6,0.6,0.6,0,0.2,0.12,0.54,0.54,0,0.18,0.11,5,0,0,0,0,0,0,0,0,0,0,0,0
306,"CB","Dominique Rodgers-Cromartie (OAK)",5,67,0.57,0.58,0.52,0.06,0.12,0.01,1.49,1.12,0.37,0.3,0.02,63,4,2,0.5,0,0,2,0,0.5,0.03,0,0,0
2559181,"DB","Justin Hardee (NO)",5,49,0.63,0.55,1.61,-1.07,0.11,0.01,0.45,1.75,-1.3,0.09,0.01,42,10,8,0.8,1,0,1,0,0.2,0.04,6,0,0
2550572,"ILB","Christian Jones (DET)",16,315,0.17,0.51,0.61,-0.1,0.03,0,0.64,-0.22,0.86,0.04,0,173,14,12,0.86,0,0,0,2,0,0.01,10,0,0
2508107,"CB","Jimmy Smith (BAL)",12,370,0.61,0.46,4.79,-4.33,0.04,0,6.38,9.18,-2.8,0.53,0.02,330,38,28,0.74,1,1,7,0,0.21,0.02,21,0,3
2532974,"OLB","Kyle Wilber (OAK)",3,29,0,0.44,0,0.44,0.15,0.02,-0.04,0,0.39,-0.01,0,4,1,0,0,0,0,0,0,0,0,0.5,0,0
2540219,"FS","J.J. Wilcox (IND/NYJ)",7,51,0.22,0.42,0.42,0,0.06,0.01,0.3,0.39,-0.09,0.04,0.01,28,3,3,1,0,0,0,0,0,0,2,0,0
2532804,"ILB","Zach Brown (WAS)",16,386,0.16,0.41,0.49,-0.08,0.03,0,0.11,-0.98,1.09,0.01,0,256,30,26,0.87,0,0,1,0,0.03,0,19.5,1,0
2555168,"MLB","Kentrell Brothers (MIN)",2,4,0,0.41,0,0.41,0.21,0.1,-0.04,0,0.38,-0.02,-0.01,3,1,0,0,0,0,0,0,0,0,0,0,0
2507843,"OLB","Vincent Rey (CIN)",8,74,0.32,0.39,0.74,-0.36,0.05,0.01,0.21,0.35,-0.13,0.03,0,55,2,1,0.5,0,0,0,0,0,0,1,0,0
2557995,"FS","Marcus Maye (NYJ)",6,205,0.04,0.3,-0.45,0.75,0.05,0,0.15,-0.57,0.72,0.02,0,105,4,3,0.75,0,1,1,0,0.25,0.01,1,0,0
2559200,"LB","Joe Jones (DEN)",3,15,0.08,0.29,0.29,0,0.1,0.02,0.3,0.3,0,0.1,0.02,10,1,1,1,0,0,0,0,0,0,1,0,0
2561131,"FS","George Odum (IND)",9,116,0.04,0.28,0.3,-0.02,0.03,0,0.22,0.21,0.01,0.02,0,69,4,4,1,0,1,0,1,0,0.02,5,0,0
2558923,"LB","Riley Bullough (TB)",4,42,0.1,0.26,-0.44,0.7,0.07,0.01,0.59,-0.53,1.12,0.15,0.01,23,2,2,1,0,0,0,1,0,0.02,1,0,0
2561207,"FS","Raven Greene (GB)",3,34,0.17,0.25,0.25,0,0.08,0.01,0.12,0.12,0,0.04,0,23,0,0,0,0,0,0,0,0,0,0,0,0
71423,"OLB","Brian Orakpo (TEN)",13,332,0.18,0.24,0.39,-0.15,0.02,0,0.14,0.28,-0.14,0.01,0,32,2,2,1,0,0,0,0,0,0,1.5,0,0
2549896,"OLB","Marquis Flowers (DET)",1,3,0.5,0.23,0.23,0,0.23,0.08,0.21,0.21,0,0.21,0.07,2,0,0,0,0,0,0,0,0,0,0,0,0
2559293,"DB","Dymonte Thomas (DEN)",3,31,0.07,0.22,0.34,-0.12,0.07,0.01,0.08,0.31,-0.22,0.03,0,14,0,0,0,0,0,0,0,0,0,0.5,0,0
2540159,"MLB","Kevin Minter (TB)",4,9,0.25,0.22,0.04,0.18,0.06,0.02,0.21,-0.01,0.22,0.05,0.02,6,0,0,0,0,0,0,0,0,0,1,0,0
2559043,"OLB","Chase Allen (MIA)",2,5,0.25,0.22,0.22,0,0.11,0.04,0.19,0.19,0,0.09,0.04,4,0,0,0,0,0,0,0,0,0,0,0,0
2552279,"OLB","Za'Darius Smith (BAL)",16,457,0.06,0.22,0.03,0.19,0.01,0,0.1,-0.04,0.14,0.01,0,28,1,1,1,0,0,0,1,0,0,1,0,0
2553545,"DB","Isaiah Johnson (LA)",1,5,0.5,0.21,0.21,0,0.21,0.04,0.14,0.14,0,0.14,0.03,3,0,0,0,0,0,0,0,0,0,0,0,0
2561644,"CB","Adonis Alexander (WAS)",2,9,0.38,0.2,0.2,0,0.1,0.02,0.27,0.27,0,0.14,0.03,7,0,0,0,0,0,0,0,0,0,0,0,0
2561042,"LB","Nick DeLuca (JAX)",4,35,0.45,0.18,-1.24,1.42,0.04,0.01,-0.19,-1.57,1.38,-0.05,-0.01,19,3,2,0.67,0,0,0,0,0,0,1,0,0
2552392,"SS","Jordan Richards (ATL)",15,254,0.25,0.17,3.49,-3.31,0.01,0,-0.09,2.88,-2.98,-0.01,0,182,13,9,0.69,0,0,3,0,0.23,0.01,8,0,0
2560875,"LB","Andre Smith (CAR)",1,4,0,0.17,0,0.17,0.17,0.04,0.21,0,0.38,0.21,0.05,4,1,1,1,0,0,0,0,0,0,0.5,0,0
2508084,"CB","Patrick Robinson (NO)",3,66,0.41,0.16,0.52,-0.36,0.05,0,0.23,0.59,-0.36,0.08,0,61,2,2,1,0,0,0,0,0,0,2,0,1
2495229,"MLB","Kelvin Sheppard (DET)",1,3,0.5,0.15,0.15,0,0.15,0.05,0.12,0.12,0,0.12,0.04,2,0,0,0,0,0,0,0,0,0,0,0,0
2560724,"LB","Kylie Fitts (CHI)",4,41,0.67,0.14,0.14,0,0.04,0,0.14,0.14,0,0.03,0,3,0,0,0,0,0,0,0,0,0,0,0,0
2561316,"CB","Jalen Davis (MIA)",3,28,0.58,0.14,-0.17,0.31,0.05,0.01,-0.28,-0.57,0.29,-0.09,-0.01,24,4,4,1,0,0,0,0,0,0,1,1,0
2495201,"OLB","Pernell McPhee (WAS)",13,123,0.25,0.14,0.14,0,0.01,0,0.1,0.1,0,0.01,0,7,0,0,0,0,0,0,0,0,0,0,0,0
2561278,"CB","Tavierre Thomas (CLE)",1,8,0.5,0.13,0.6,-0.47,0.13,0.02,0.84,1.06,-0.22,0.84,0.11,8,2,2,1,0,0,0,0,0,0,1,0,0
2541202,"CB","Marcus Cooper (CHI/DET)",4,28,0.79,0.11,-0.21,0.33,0.03,0,-0.21,-0.7,0.49,-0.05,-0.01,28,2,2,1,0,0,0,0,0,0,1,1,0
2532869,"FS","George Iloka (MIN)",5,80,0.13,0.11,0.11,0,0.02,0,-0.11,-0.11,0,-0.02,0,46,1,0,0,0,0,0,0,0,0,0,0,0
2557924,"OLB","Jalen Reeves-Maybin (DET)",9,63,0.26,0.11,0.18,-0.07,0.01,0,-0.24,-0.25,0.01,-0.03,0,36,1,1,1,0,0,0,0,0,0,1,0,0
2539243,"SS","Bradley McDougald (SEA)",15,503,0.21,0.1,9.42,-9.33,0.01,0,1.11,7.74,-6.64,0.07,0,352,37,32,0.86,0,1,5,1,0.14,0.01,24,0,1
2541864,"OLB","Josh Martin (NYJ)",1,11,0.67,0.09,0.09,0,0.09,0.01,0.04,0.04,0,0.04,0,3,0,0,0,0,0,0,0,0,0,0,0,0
2555381,"FS","DeAndre Houston-Carson (CHI)",8,36,0.18,0.09,0.05,0.04,0.01,0,-0.05,-0.08,0.03,-0.01,0,21,0,0,0,0,0,0,0,0,0,1,0,0
2558858,"CB","Joshua Holsey (WAS)",1,17,0.41,0.07,0.07,0,0.07,0,0.15,0.15,0,0.15,0.01,16,1,1,1,0,0,0,0,0,0,1,0,0
2540140,"OLB","Barkevious Mingo (SEA)",15,252,0.2,0.05,2.85,-2.8,0,0,0.21,2.89,-2.67,0.01,0,135,8,7,0.88,0,0,0,0,0,0,5,0,0
2553774,"OLB","Cameron Lynch (TB)",5,8,0.25,0.05,0.05,0,0.01,0.01,0.03,0.03,0,0.01,0,4,0,0,0,0,0,0,0,0,0,0,0,0
2543712,"SS","Terrence Brooks (NYJ)",3,44,0.02,0.04,0.04,0,0.01,0,0.01,0.01,0,0,0,21,0,0,0,0,0,0,0,0,0,0,0,0
2556798,"CB","Kenneth Durden (TEN)",2,4,0.25,0.02,0.19,-0.16,0.01,0.01,0.18,0.18,0,0.09,0.04,4,1,1,1,0,0,0,0,0,0,0,0,0
496814,"OLB","Albert McClellan (BAL/NE)",5,16,0.25,0.01,0.01,0,0,0,-0.01,-0.01,0,0,0,4,0,0,0,0,0,0,0,0,0,0,0,0
2541696,"S","Jordan Dangerfield (PIT)",4,33,0,0,0,0,0,0,0,0,0,0,0,9,0,0,0,0,0,0,0,0,0,0,0,0
2552494,"DE","Eli Harold (DET)",11,122,0,0,0,0,0,0,0,0,0,0,0,7,0,0,0,0,0,0,0,0,0,0,0,0
2553722,"OLB","Matt Longacre (LA)",13,136,0,0,0,0,0,0,0,0,0,0,0,7,0,0,0,0,0,0,0,0,0,0,0,0
2555366,"CB","Deiondre' Hall (PHI)",4,7,0,0,0,0,0,0,0,0,0,0,0,1,0,0,0,0,0,0,0,0,0,0,0,0
2559037,"ILB","Ahmad Thomas (IND)",1,5,0,0,0,0,0,0,0,0,0,0,0,4,0,0,0,0,0,0,0,0,0,0,0,0
2560782,"LB","Micah Kiser (LA)",4,4,0,0,0,0,0,0,0,0,0,0,0,0,0,0,0,0,0,0,0,0,0,0,0,0
2560818,"DB","Siran Neal (BUF)",3,5,0,0,0,0,0,0,0,0,0,0,0,1,0,0,0,0,0,0,0,0,0,0,0,0
2541135,"FS","Cody Davis (JAX)",1,3,0,0,0,0,0,0,0,0,0,0,0,2,0,0,0,0,0,0,0,0,0,0,0,0
2557841,"OLB","Tim Williams (BAL)",7,83,0,0,0,0,0,0,0,0,0,0,0,3,0,0,0,0,0,0,0,0,0,0,0,0
2557853,"OLB","Ryan Anderson (WAS)",13,97,0.4,0,0,0,0,0,0,0,0,0,0,3,0,0,0,0,0,0,0,0,0,0,0,0
2561283,"LB","Zeke Turner (ARI)",2,4,0,0,0,0,0,0,0,0,0,0,0,3,0,0,0,0,0,0,0,0,0,0,0,0
2561301,"LB","Chris Board (BAL)",2,8,0,0,0,0,0,0,0,0,0,0,0,1,0,0,0,0,0,0,0,0,0,0,0,0
2561394,"DB","Jeremy Reaves (WAS)",1,3,0,0,0,0,0,0,0,0,0,0,0,1,0,0,0,0,0,0,0,0,0,0,0,0
2558165,"LB","Tarell Basham (NYJ)",7,52,0,0,0,0,0,0,0,0,0,0,0,2,0,0,0,0,0,0,0,0,0,0,0,0
2560815,"DB","Kam Moore (NYG)",2,5,0.33,0,0,0,0,0,0,0,0,0,0,2,0,0,0,0,0,0,0,0,0,0,0,0
2560999,"LB","Shaquem Griffin (SEA)",3,4,0,0,0,0,0,0,0,0,0,0,0,1,0,0,0,0,0,0,0,0,0,0,0,0
2561469,"CB","Darious Williams (LA)",1,2,0,0,0,0,0,0,0,0,0,0,0,1,0,0,0,0,0,0,0,0,0,0,0,0
2495101,"OLB","Sam Acho (CHI)",2,13,0,0,0,0,0,0,0,0,0,0,0,1,0,0,0,0,0,0,0,0,0,0,0,0
2531080,"OLB","Ben Jacobs (CAR)",2,2,0,0,0,0,0,0,0,0,0,0,0,1,0,0,0,0,0,0,0,0,0,0,0,0
2534741,"FS","Keith Tandy (ATL)",1,1,0,0,0,0,0,0,0,0,0,0,0,0,0,0,0,0,0,0,0,0,0,0,0,0
2541756,"FS","Brynden Trawick (TEN)",2,2,0,0,0,0,0,0,0,0,0,0,0,0,0,0,0,0,0,0,0,0,0,0,0,0
2555545,"S","Will Redmond (GB)",1,4,0,0,0,0,0,0,0,0,0,0,0,0,0,0,0,0,0,0,0,0,0,0,0,0
2556588,"DE","Eric Lee (DET)",1,12,0,0,0,0,0,0,0,0,0,0,0,1,0,0,0,0,0,0,0,0,0,0,0,0
2558241,"OLB","Blair Brown (JAX)",1,2,0,0,0,0,0,0,0,0,0,0,0,1,0,0,0,0,0,0,0,0,0,0,0,0
2558303,"CB","Jeff Richards (LAC)",1,1,0,0,0,0,0,0,0,0,0,0,0,1,0,0,0,0,0,0,0,0,0,0,0,0
2560743,"LB","Jeff Holland (DEN)",3,17,0,0,0,0,0,0,0,0,0,0,0,1,0,0,0,0,0,0,0,0,0,0,0,0
2560762,"LB","Malik Jefferson (CIN)",2,3,0,0,0,0,0,0,0,0,0,0,0,1,0,0,0,0,0,0,0,0,0,0,0,0
2560897,"LB","Matthew Thomas (PIT)",1,4,0,0,0,0,0,0,0,0,0,0,0,1,0,0,0,0,0,0,0,0,0,0,0,0
2561009,"DE","Marquis Haynes (CAR)",4,31,0,0,0,0,0,0,0,0,0,0,0,1,0,0,0,0,0,0,0,0,0,0,0,0
2561041,"CB","Dee Delaney (JAX)",1,1,0,0,0,0,0,0,0,0,0,0,0,1,0,0,0,0,0,0,0,0,0,0,0,0
2561538,"DB","A.J. Moore (HOU)",1,1,0,0,0,0,0,0,0,0,0,0,0,1,0,0,0,0,0,0,0,0,0,0,0,0
2561585,"DB","Dallin Leavitt (OAK)",1,1,0,0,0,0,0,0,0,0,0,0,0,1,0,0,0,0,0,0,0,0,0,0,0,0
2560881,"LB","Breeland Speaks (KC)",15,271,0.06,0,0,0,0,0,-0.03,-0.03,0,0,0,16,0,0,0,0,0,0,0,0,0,0,0,0
2552266,"OLB","Anthony Chickillo (PIT)",16,180,0.39,-0.01,-1.55,1.54,0,0,0.28,-1.1,1.37,0.02,0,22,3,2,0.67,0,0,0,1,0,0.01,0,0,0
2559287,"LB","Isaiah Irving (CHI)",9,74,0.14,-0.01,-0.01,0,0,0,-0.03,-0.03,0,0,0,7,0,0,0,0,0,0,0,0,0,0,0,0
2555540,"SS","Derrick Kindred (CLE)",16,258,0.26,-0.02,2.88,-2.9,0,0,-0.52,1.73,-2.25,-0.03,0,156,13,13,1,0,0,0,0,0,0,8,0,1
2560976,"LB","Keishawn Bierria (DEN)",3,6,0.5,-0.03,-0.03,0,-0.01,0,-0.11,-0.11,0,-0.04,-0.02,5,0,0,0,0,0,0,0,0,0,0,0,0
2561328,"OLB","Sharif Finch (TEN)",15,101,0.31,-0.03,-0.03,0,0,0,0.01,0.04,-0.03,0,0,11,3,3,1,0,0,0,0,0,0,2,0,0
2552321,"MLB","Stephone Anthony (MIA)",5,5,0.2,-0.04,-0.04,0,-0.01,-0.01,-0.08,-0.08,0,-0.02,-0.02,5,0,0,0,0,0,0,0,0,0,0,0,0
2543739,"CB","Dontae Johnson (BUF)",1,5,0.5,-0.05,-0.05,0,-0.05,-0.01,0.01,0.01,0,0.01,0,4,0,0,0,0,0,0,0,0,0,0,0,0
2561033,"DB","Dane Cruikshank (TEN)",6,26,0,-0.05,0,-0.05,-0.01,0,-0.12,0,-0.17,-0.02,0,6,1,1,1,0,0,0,0,0,0,1,0,0
2558189,"DB","Obi Melifonwu (NE)",2,15,0.73,-0.05,-0.05,0,-0.02,0,-0.28,-0.28,0,-0.14,-0.02,9,1,1,1,0,0,0,0,0,0,1,0,0
2543869,"OLB","Devon Kennard (DET)",15,479,0.15,-0.05,-0.14,0.09,0,0,-0.49,-0.26,-0.23,-0.03,0,42,3,3,1,0,0,0,0,0,0,2,0,1
2541848,"OLB","Deon Lacey (BUF)",1,10,0.22,-0.05,-0.05,0,-0.05,0,-0.15,-0.15,0,-0.15,-0.01,7,0,0,0,0,0,0,0,0,0,0,0,0
2561022,"LB","Jack Cichy (TB)",1,3,0.5,-0.06,-0.06,0,-0.06,-0.02,-0.08,-0.08,0,-0.08,-0.03,2,1,1,1,0,0,0,0,0,0,1,0,0
2533534,"DE","Olivier Vernon (NYG)",11,386,0.33,-0.07,-0.07,0,-0.01,0,-0.09,-0.09,0,-0.01,0,5,0,0,0,0,0,0,0,0,0,0,0,0
2560816,"ILB","Skai Moore (IND)",5,33,0.07,-0.07,-0.07,0,-0.01,0,-0.13,-0.13,0,-0.03,0,22,0,0,0,0,0,0,0,0,0,0,0,0
2556550,"CB","Josh Hawkins (CAR/PHI)",2,5,0.4,-0.09,-0.09,0,-0.05,-0.02,-0.12,-0.12,0,-0.06,-0.02,4,0,0,0,0,0,0,0,0,0,0,0,0
2560775,"DB","Rashaan Gaulden (CAR)",11,80,0.08,-0.1,0.99,-1.09,-0.01,0,-0.18,0.9,-1.08,-0.02,0,46,1,1,1,0,0,0,1,0,0.01,0,0,0
2556614,"LB","Cassanova McKinzy (WAS)",3,25,0.33,-0.11,-0.11,0,-0.04,0,-0.33,-0.33,0,-0.11,-0.01,3,0,0,0,0,0,0,0,0,0,0,0,0
2552307,"ILB","Bryce Hager (LA)",8,40,0.23,-0.12,-0.28,0.16,-0.01,0,-0.04,-0.18,0.14,-0.01,0,22,2,1,0.5,0,0,1,0,0.5,0.02,1,0,0
2540170,"CB","David Amerson (ARI)",6,150,0.53,-0.13,-5.36,5.23,-0.02,0,1.42,-5.4,6.82,0.24,0.01,132,12,8,0.67,1,0,1,0,0.17,0.01,7,0,1
2560784,"OLB","Harold Landry (TEN)",15,377,0.2,-0.16,-0.16,0,-0.01,0,-0.31,-0.31,0,-0.02,0,19,1,1,1,0,0,0,0,0,0,0,0,0
2555288,"ILB","Nick Kwiatkoski (CHI)",9,75,0.25,-0.17,1.47,-1.65,-0.02,0,-0.55,1.05,-1.6,-0.06,-0.01,48,8,7,0.88,0,0,0,0,0,0,3.5,0,0
2541832,"SS","Jeff Heath (DAL)",16,580,0.2,-0.18,2.28,-2.46,-0.01,0,-1.85,0.8,-2.66,-0.12,0,337,24,21,0.88,0,1,1,2,0.04,0.01,16,0,1
2560750,"LB","Joel Iyiegbuniwe (CHI)",4,20,0.17,-0.19,0.17,-0.36,-0.05,-0.01,-0.12,0.12,-0.23,-0.03,-0.01,12,1,1,1,0,0,0,0,0,0,1,0,0
2560774,"LB","Peter Kalambayi (HOU)",4,17,0,-0.23,0,-0.23,-0.06,-0.01,-0.04,0,-0.28,-0.01,0,13,1,1,1,0,0,0,0,0,0,0.5,0,0
2559356,"CB","Dominique Hatfield (LA)",3,6,0.33,-0.24,-0.24,0,-0.08,-0.04,-0.15,-0.15,0,-0.05,-0.03,3,0,0,0,0,0,0,0,0,0,0,0,0
2553817,"SS","Corey Moore (IND)",6,28,0.15,-0.25,-0.91,0.66,-0.04,-0.01,-0.12,-0.76,0.64,-0.02,0,17,2,2,1,0,1,0,0,0,0.04,2,0,0
2540287,"FS","Rontez Miles (NYJ)",4,49,0.04,-0.26,0.13,-0.39,-0.06,-0.01,-0.14,0.11,-0.25,-0.03,0,21,1,1,1,0,0,0,0,0,0,1,0,0
2552301,"DE","Vic Beasley (ATL)",16,450,0.22,-0.26,-0.26,0,-0.02,0,-0.44,-0.44,0,-0.03,0,15,0,0,0,0,0,0,0,0,0,0,0,1
2556367,"CB","William Jackson (CIN)",16,601,0.68,-0.26,-0.76,0.5,-0.02,0,7.44,6.5,0.94,0.46,0.01,557,49,30,0.61,0,0,13,1,0.27,0.02,17,0,1
2560822,"CB","Parry Nickerson (NYJ)",7,147,0.46,-0.26,1.5,-1.77,-0.04,0,0.04,1.12,-1.08,0.01,0,133,17,15,0.88,0,0,0,1,0,0.01,10,0,0
2556542,"LB","Nicholas Grigsby (NE)",3,14,0,-0.27,0,-0.27,-0.09,-0.02,-0.05,0,-0.32,-0.02,0,10,1,1,1,0,0,0,0,0,0,0,0,0
2560839,"CB","Darius Phillips (CIN)",10,138,0.57,-0.27,0.43,-0.7,-0.03,0,0.83,1.71,-0.88,0.08,0.01,126,18,15,0.83,0,0,2,1,0.11,0.02,14,1,0
2495190,"OLB","Ryan Kerrigan (WAS)",16,478,0.19,-0.28,-0.28,0,-0.02,0,-0.41,-0.41,0,-0.03,0,24,1,0,0,0,0,0,0,0,0,0,0,0
2558853,"CB","Mike Tyson (HOU)",5,103,0.11,-0.28,-0.28,0,-0.06,0,-0.17,-0.17,0,-0.03,0,43,1,0,0,0,0,0,0,0,0,0,0,0
2550365,"S","Kenny Ladler (NYG)",2,18,0.18,-0.32,-0.32,0,-0.16,-0.02,-0.3,-0.3,0,-0.15,-0.02,7,1,1,1,0,0,0,0,0,0,0,0,0
494287,"FS","Devin McCourty (NE)",16,625,0.16,-0.33,-3.84,3.51,-0.02,0,-2.59,-5.7,3.11,-0.16,0,355,32,26,0.81,0,1,3,0,0.09,0.01,19,1,0
2536032,"OLB","Emmanuel Lamur (OAK)",8,44,0.38,-0.35,0.63,-0.98,-0.04,-0.01,-0.46,0.53,-0.98,-0.06,-0.01,33,2,2,1,0,0,0,0,0,0,0,0,0
2553736,"DB","Denzel Rice (CLE)",1,21,0.5,-0.37,-0.37,0,-0.37,-0.02,0.21,0.21,0,0.21,0.01,19,1,1,1,0,0,0,0,0,0,0,0,0
2555294,"LB","Shilique Calhoun (OAK)",7,67,0.25,-0.38,-0.38,0,-0.05,-0.01,-0.35,-0.35,0,-0.05,-0.01,4,0,0,0,0,0,0,0,0,0,0,0,0
2553657,"OLB","Neville Hewitt (NYJ)",8,150,0.32,-0.38,-0.34,-0.04,-0.05,0,-0.08,-0.73,0.64,-0.01,0,108,10,7,0.7,0,0,0,0,0,0,5,0,0
2506353,"ILB","Derrick Johnson (OAK)",6,94,0.12,-0.4,-0.05,-0.34,-0.07,0,-0.23,-0.25,0.02,-0.04,0,66,3,3,1,0,0,0,0,0,0,2.5,0,0
2543643,"SS","Nat Berhe (PIT)",2,27,0.43,-0.4,0.43,-0.83,-0.2,-0.01,-0.53,0.27,-0.8,-0.27,-0.02,23,2,2,1,0,0,0,0,0,0,1,0,0
2560795,"CB","Avonte Maddox (PHI)",10,371,0.31,-0.4,3.23,-3.63,-0.04,0,1.32,4.21,-2.89,0.13,0,257,18,16,0.89,1,1,1,1,0.11,0.01,12,1,0
2540291,"CB","Kayvon Webster (HOU)",2,6,0.67,-0.41,-0.41,0,-0.2,-0.07,-0.38,-0.38,0,-0.19,-0.06,6,0,0,0,0,0,0,0,0,0,0,0,0
2539662,"DE","Lerentee McCray (JAX)",7,45,1,-0.45,-0.45,0,-0.06,-0.01,-0.22,-0.67,0,-0.03,0,1,1,1,1,0,0,0,0,0,0,0,0,0
2558174,"S","Rudy Ford (ARI)",4,34,0,-0.46,0,-0.46,-0.12,-0.01,-0.11,0,-0.57,-0.03,0,14,1,1,1,0,0,0,0,0,0,0,0,0
2550605,"CB","Marcus Williams (CHI/TB)",3,21,0.52,-0.48,0,-0.48,-0.16,-0.02,-0.81,-0.31,-0.5,-0.27,-0.04,21,4,4,1,0,0,0,0,0,0,4,0,0
2555530,"FS","Vonn Bell (NO)",16,499,0.24,-0.5,1.34,-1.84,-0.03,0,-0.81,0.29,-1.1,-0.05,0,353,30,23,0.77,0,0,2,0,0.07,0,17.5,0,0
2558274,"FS","Shalom Luani (SEA)",2,8,0.29,-0.53,-0.59,0.06,-0.26,-0.07,-0.61,-0.67,0.06,-0.31,-0.08,6,0,0,0,0,0,0,0,0,0,1,0,0
2560766,"CB","Taron Johnson (BUF)",11,262,0.5,-0.55,-0.9,0.35,-0.05,0,0.36,-0.67,1.03,0.03,0,237,16,12,0.75,1,0,2,0,0.19,0.01,12,0,2
2550257,"SS","Daniel Sorensen (KC)",7,202,0.2,-0.58,-5.93,5.36,-0.08,0,-1.35,-6.76,5.41,-0.19,-0.01,108,12,8,0.67,1,0,1,0,0.17,0.01,5.5,0,1
2556617,"S","Doug Middleton (NYJ)",4,141,0.05,-0.58,-2.65,2.07,-0.15,0,-0.55,-2.74,2.2,-0.14,0,69,3,2,0.67,0,0,1,2,0.33,0.02,2,0,0
2556641,"DE","Romeo Okwara (DET)",15,395,0.09,-0.6,0,-0.6,-0.04,0,-0.14,-0.05,-0.69,-0.01,0,19,2,2,1,0,0,0,0,0,0,1,0,0
2556642,"ILB","Patrick Onwuasor (BAL)",16,238,0.19,-0.63,3.26,-3.89,-0.04,0,0.31,2.96,-2.65,0.02,0,118,9,7,0.78,0,0,1,1,0.11,0.01,6.5,0,1
2560758,"LB","Leon Jacobs (JAX)",12,53,0.5,-0.65,0.6,-1.25,-0.05,-0.01,-1.1,0.18,-1.28,-0.09,-0.02,29,3,3,1,0,0,0,0,0,0,1,0,0
2555178,"CB","Maurice Canady (BAL)",2,8,0.62,-0.67,-0.67,0,-0.33,-0.08,-0.94,-0.94,0,-0.47,-0.12,7,2,2,1,0,0,0,0,0,0,2,0,0
2539219,"CB","Blidi Wreh-Wilson (ATL)",3,25,0.42,-0.67,-0.67,0,-0.22,-0.03,-0.28,-0.28,0,-0.09,-0.01,23,1,1,1,0,0,0,0,0,0,1,0,0
496828,"OLB","Derrick Morgan (TEN)",13,294,0.23,-0.68,-0.42,-0.26,-0.05,0,-0.84,-0.44,-0.4,-0.06,0,21,4,4,1,0,0,0,0,0,0,2,0,0
2552317,"MLB","Mike Hull (MIA)",2,20,0.18,-0.68,0.16,-0.84,-0.34,-0.03,-0.73,0.16,-0.89,-0.36,-0.04,11,2,2,1,0,0,0,0,0,0,2,0,0
2550767,"CB","C.J. Goodwin (DAL)",1,2,1,-0.68,-0.68,0,-0.68,-0.34,-0.01,-0.69,0,-0.01,-0.01,2,1,1,1,0,0,0,0,0,0,0,0,0
2557945,"SS","Justin Evans (TB)",10,353,0.06,-0.68,-3.41,2.74,-0.07,0,0.16,-3.37,3.53,0.02,0,170,9,8,0.89,1,0,0,1,0.11,0.01,5.5,0,0
2539320,"SS","Kenny Vaccaro (TEN)",13,417,0.1,-0.68,5.29,-5.97,-0.05,0,-0.31,4.46,-4.77,-0.02,0,206,16,13,0.81,1,0,2,1,0.19,0.01,7.5,0,1
2555171,"ILB","Tyler Matakevich (PIT)",3,29,0.25,-0.69,-0.77,0.08,-0.23,-0.02,-0.5,-0.67,0.16,-0.17,-0.02,17,3,3,1,0,0,0,0,0,0,2,0,0
2552427,"CB","Tony Lippett (NYG)",2,21,0.6,-0.73,-0.46,-0.27,-0.37,-0.03,-0.65,-0.19,-0.46,-0.33,-0.03,20,3,2,0.67,0,0,1,0,0.33,0.05,1,0,0
2557931,"CB","Cordrea Tankersley (MIA)",1,13,0.46,-0.76,0.93,-1.68,-0.76,-0.06,-0.24,0.7,-0.94,-0.24,-0.02,12,3,3,1,0,0,0,0,0,0,2,0,0
2552592,"MLB","Kwon Alexander (TB)",6,233,0.2,-0.78,-1.07,0.29,-0.13,0,-0.26,-1.34,1.09,-0.04,0,166,20,18,0.9,0,0,2,0,0.1,0.01,9.5,0,1
2558064,"OLB","T.J. Watt (PIT)",16,541,0.31,-0.8,-1.97,1.17,-0.05,0,0.45,-1.3,1.75,0.03,0,73,12,9,0.75,0,0,2,0,0.17,0,2.5,0,0
2558988,"CB","Lenzy Pipkins (IND)",1,42,0.29,-0.8,-0.62,-0.18,-0.8,-0.02,-0.05,-0.21,0.16,-0.05,0,42,1,1,1,0,0,0,0,0,0,1,0,0
2539978,"ILB","Jon Bostic (PIT)",15,280,0.29,-0.8,2.02,-2.83,-0.05,0,-1.06,1.35,-2.4,-0.07,0,170,24,21,0.88,0,0,2,0,0.08,0.01,14.5,0,0
2558077,"SS","Lano Hill (SEA)",12,201,0.18,-0.83,2.81,-3.64,-0.07,0,-0.52,2.78,-3.3,-0.04,0,110,6,5,0.83,0,0,0,0,0,0,0,0,0
2561383,"LB","Ben Niemann (KC)",6,23,0.18,-0.85,0.27,-1.11,-0.14,-0.04,-0.43,0.6,-1.03,-0.07,-0.02,20,3,3,1,0,0,0,0,0,0,2,0,0
2555552,"CB","Ryan Smith (TB)",12,261,0.55,-0.89,-0.24,-0.65,-0.07,0,0.97,-0.34,1.32,0.08,0,238,26,20,0.77,0,1,4,0,0.15,0.02,12,1,2
2539311,"OLB","Jamie Collins (CLE)",16,599,0.21,-0.93,1.42,-2.35,-0.06,0,-2.46,-0.84,-1.61,-0.15,0,330,37,34,0.92,1,0,1,1,0.05,0.01,12,0,0
2560901,"DB","Kevin Toliver (CHI)",10,98,0.56,-0.94,-1.28,0.33,-0.09,-0.01,1.93,0.49,1.45,0.19,0.02,90,14,12,0.86,0,0,1,1,0.07,0.02,0,0,1
2540162,"CB","Logan Ryan (TEN)",14,498,0.48,-0.95,1.48,-2.42,-0.07,0,-0.45,1.96,-2.41,-0.03,0,412,32,22,0.69,0,0,7,0,0.22,0.01,16,0,3
2557996,"CB","Kevin King (GB)",6,170,0.52,-0.95,2.34,-3.29,-0.16,-0.01,0.66,3.95,-3.29,0.11,0,145,16,10,0.62,1,0,1,0,0.12,0.01,4,0,0
2556512,"CB","Donte' Deayon (NYG)",4,70,0.6,-0.95,-0.95,0,-0.24,-0.01,-1.47,-1.47,0,-0.37,-0.02,65,4,2,0.5,0,0,2,0,0.5,0.03,1,0,0
2560763,"LB","Josey Jewell (DEN)",15,198,0.24,-0.95,4.17,-5.12,-0.06,0,-0.79,3.95,-4.74,-0.05,0,125,17,13,0.76,0,0,3,1,0.18,0.02,7.5,0,0
2532431,"OLB","Craig Robertson (NO)",7,52,0.32,-0.95,-0.04,-0.91,-0.14,-0.02,-1,-0.14,-0.86,-0.14,-0.02,40,1,1,1,0,0,0,0,0,0,0.5,0,0
2561006,"FS","Marcell Harris (SF)",7,172,0.18,-0.96,-2.04,1.08,-0.14,-0.01,-0.9,-2.11,1.21,-0.13,-0.01,114,7,7,1,0,0,0,0,0,0,6.5,0,0
2552259,"CB","Josh Shaw (KC/TB)",7,53,0.24,-0.96,-0.62,-0.34,-0.14,-0.02,-0.8,-0.76,-0.05,-0.11,-0.02,31,5,4,0.8,0,0,0,0,0,0,5.5,0,0
2555256,"OLB","Jordan Jenkins (NYJ)",16,352,0.24,-0.96,1.51,-2.47,-0.06,0,-1.52,1.18,-2.69,-0.09,0,44,4,4,1,0,0,0,0,0,0,1,0,0
2559109,"CB","Deante Burton (ATL/HOU)",2,41,0.6,-0.97,-0.97,0.01,-0.48,-0.02,-1.14,-1.38,0.24,-0.57,-0.03,36,5,5,1,0,0,0,0,0,0,4,1,0
2558119,"SS","Josh Jones (GB)",11,295,0.21,-0.97,1.85,-2.82,-0.09,0,-1.76,0.6,-2.36,-0.16,-0.01,187,15,13,0.87,0,0,2,0,0.13,0.01,12,0,0
2558033,"OLB","Ben Gedeon (MIN)",13,97,0.24,-0.99,1.67,-2.66,-0.08,-0.01,0.58,1.54,-0.96,0.04,0.01,74,10,6,0.6,0,0,2,0,0.2,0.02,2,0,0
2534830,"SS","Tavon Wilson (DET)",14,176,0.37,-1,2.59,-3.59,-0.07,-0.01,-2.39,1.66,-4.05,-0.17,-0.01,143,12,8,0.67,0,0,0,0,0,0,7,0,0
2557972,"MLB","Marquel Lee (OAK)",16,171,0.16,-1.06,1.39,-2.45,-0.07,-0.01,-1.07,1.07,-2.14,-0.07,-0.01,126,13,11,0.85,0,0,2,0,0.15,0.01,6,0,0
2557980,"FS","Jabrill Peppers (CLE)",16,446,0.25,-1.07,0.53,-1.61,-0.07,0,-1.66,-1.09,-0.58,-0.1,0,254,23,17,0.74,0,1,3,1,0.13,0.01,10.5,0,2
2561003,"LB","Shaun Dion Hamilton (WAS)",5,51,0.18,-1.1,0.09,-1.19,-0.22,-0.02,-1.58,-0.16,-1.42,-0.32,-0.03,31,2,2,1,0,0,0,0,0,0,0,0,0
2556489,"OLB","James Burgess (CLE)",3,31,0.17,-1.11,-1.15,0.03,-0.37,-0.04,-0.79,-1.16,0.37,-0.26,-0.03,16,2,1,0.5,0,0,0,0,0,0,0,0,0
2534567,"MLB","Korey Toomer (GB)",3,10,0.25,-1.16,-1.16,0,-0.39,-0.12,-1.29,-1.29,0,-0.43,-0.13,7,1,1,1,0,0,0,0,0,0,1,0,0
2539937,"SS","Shamarko Thomas (DEN)",2,15,0,-1.2,0,-1.2,-0.6,-0.08,0.07,0,-1.12,0.04,0,6,1,1,1,0,0,0,0,0,0,0,0,0
2552684,"MLB","Mark Nzeocha (SF)",8,55,0.28,-1.23,-0.75,-0.48,-0.15,-0.02,-1.74,-1.21,-0.54,-0.22,-0.03,39,2,2,1,0,0,0,0,0,0,1,0,0
2555380,"CB","Cyrus Jones (BAL/NE)",4,8,0,-1.31,0,-1.31,-0.33,-0.16,-0.24,0,-1.54,-0.06,-0.03,7,1,1,1,0,0,0,0,0,0,0,0,0
2535609,"CB","DeShawn Shead (DET)",12,176,0.67,-1.39,4.74,-6.13,-0.12,-0.01,-4.78,1.22,-6,-0.4,-0.03,154,14,14,1,0,0,0,0,0,0,5.5,1,0
2495339,"SS","Da'Norris Searcy (CAR)",2,37,0.08,-1.39,-0.61,-0.78,-0.7,-0.04,-1.38,-0.68,-0.7,-0.69,-0.04,18,1,1,1,0,0,0,0,0,0,1,0,0
2561149,"ILB","Matthew Adams (IND)",12,82,0.34,-1.4,0.16,-1.56,-0.12,-0.02,-1.1,0.54,-1.64,-0.09,-0.01,45,5,5,1,0,0,0,0,0,0,2.5,0,0
2556587,"CB","Cre'von LeBlanc (DET/PHI)",8,264,0.52,-1.4,-0.29,-1.11,-0.18,-0.01,0.4,0.93,-0.53,0.05,0,243,24,18,0.75,0,0,1,0,0.04,0,12,0,1
2556537,"LB","Reggie Gilbert (GB)",16,264,0.2,-1.42,-0.3,-1.12,-0.09,-0.01,-1.54,-0.38,-1.16,-0.1,-0.01,21,2,2,1,0,0,0,0,0,0,2,0,0
2552730,"ILB","Brian Peters (HOU)",5,33,0.19,-1.44,-1.57,0.13,-0.29,-0.04,-1.57,-1.78,0.21,-0.31,-0.05,26,3,3,1,0,0,0,0,0,0,1.5,0,0
2555543,"FS","Keanu Neal (ATL)",1,24,0.5,-1.53,-1.53,0,-1.53,-0.06,-1.24,-1.24,0,-1.24,-0.05,15,0,0,0,0,0,0,0,0,0,0,0,0
2560827,"LB","Dorian O'Daniel (KC)",13,237,0.24,-1.54,1.34,-2.88,-0.12,-0.01,-3.25,-0.16,-3.09,-0.25,-0.01,147,11,9,0.82,0,0,0,0,0,0,6,0,1
2560718,"LB","Rashaan Evans (TEN)",14,257,0.09,-1.55,-0.34,-1.21,-0.11,-0.01,-1.33,-0.09,-1.24,-0.1,-0.01,115,5,4,0.8,0,0,1,0,0.2,0,2,0,0
2535867,"ILB","Julian Stanford (BUF)",5,44,0.18,-1.57,-1.69,0.12,-0.31,-0.04,-1.56,-1.73,0.17,-0.31,-0.04,28,5,4,0.8,0,0,1,0,0.2,0.02,2.5,0,0
2552697,"FS","Jermaine Whitehead (CLE/GB)",8,146,0.33,-1.68,2.63,-4.31,-0.21,-0.01,-1.87,2.2,-4.07,-0.23,-0.01,95,12,10,0.83,0,0,2,0,0.17,0.01,6,0,0
2552386,"FS","Clayton Geathers (IND)",12,407,0.12,-1.71,-3.73,2.02,-0.14,0,-1.05,-4.43,3.38,-0.09,0,270,21,17,0.81,0,0,2,1,0.1,0.01,11,0,1
2560886,"DB","Greg Stroman (WAS)",12,261,0.53,-1.74,-2.1,0.37,-0.14,-0.01,-0.21,-1.14,0.93,-0.02,0,234,23,19,0.83,1,0,3,1,0.17,0.02,11.5,0,0
80431,"OLB","Clay Matthews (GB)",16,424,0.26,-1.84,-0.42,-1.42,-0.11,0,-1.41,-0.53,-0.88,-0.09,0,39,3,3,1,0,0,0,0,0,0,1.5,0,0
2552312,"MLB","Eric Kendricks (MIN)",13,442,0.22,-1.84,4.67,-6.51,-0.14,0,-2.31,3.74,-6.05,-0.18,-0.01,296,38,29,0.76,1,0,4,0,0.13,0.01,14.5,0,0
2560713,"LB","Tremaine Edmunds (BUF)",15,505,0.21,-1.85,-3.2,1.36,-0.12,0,-1.64,-3.6,1.96,-0.11,0,340,42,38,0.9,0,1,4,2,0.1,0.01,21.5,1,2
2532928,"SS","Eddie Pleasant (GB)",5,56,0.13,-1.9,3.65,-5.55,-0.38,-0.03,-2.07,3.42,-5.49,-0.41,-0.04,33,6,5,0.83,0,0,0,0,0,0,3,0,0
2560714,"LB","Duke Ejiofor (HOU)",12,125,0.3,-1.93,-0.31,-1.62,-0.16,-0.02,-1.69,-0.28,-1.41,-0.14,-0.01,8,2,2,1,0,0,0,0,0,0,1.5,0,0
2555307,"OLB","Devante Bond (TB)",10,87,0.31,-1.94,-1.77,-0.17,-0.19,-0.02,-1.96,-2.11,0.15,-0.2,-0.02,46,4,4,1,0,0,0,0,0,0,3,0,0
2561117,"DB","Tarvarius Moore (SF)",10,110,0.59,-1.94,2.63,-4.57,-0.19,-0.02,1.21,4.56,-3.35,0.12,0.01,97,11,9,0.82,0,0,1,0,0.09,0.01,6,1,0
2543597,"ILB","Avery Williamson (NYJ)",16,627,0.16,-1.95,-4.3,2.35,-0.12,0,-3.84,-5.98,2.14,-0.24,-0.01,387,35,29,0.83,0,1,2,2,0.06,0.01,23.5,0,3
2550842,"SS","Adrian Phillips (LAC)",15,436,0.15,-1.97,-1.79,-0.18,-0.13,0,-1.14,-1.84,0.7,-0.08,0,334,21,11,0.52,1,0,7,3,0.38,0.03,9,0,0
2555378,"CB","Tavon Young (BAL)",15,401,0.5,-1.98,-0.42,-1.56,-0.13,0,2.04,1.94,0.1,0.14,0.01,298,32,23,0.72,1,0,3,0,0.12,0.01,17,0,1
2560984,"LB","Oren Burks (GB)",10,69,0.31,-2.01,0.31,-2.32,-0.2,-0.03,-2.94,-0.62,-2.32,-0.29,-0.04,42,4,3,0.75,0,0,0,0,0,0,3,0,0
2533060,"CB","Dre Kirkpatrick (CIN)",13,458,0.66,-2.01,-0.19,-1.81,-0.15,0,3.14,5.06,-1.93,0.24,0.01,414,47,29,0.62,0,0,9,0,0.19,0.02,18,0,6
2507644,"OLB","Ramon Humber (BUF/NE)",4,35,0.18,-2.05,0.51,-2.55,-0.51,-0.06,-2.16,0.41,-2.58,-0.54,-0.06,19,2,2,1,0,0,0,0,0,0,1,0,0
2556934,"CB","Javien Elliott (TB)",11,222,0.41,-2.05,-3.68,1.63,-0.19,-0.01,-2.25,-4.78,2.53,-0.2,-0.01,190,14,14,1,0,1,0,0,0,0,11,0,0
2533459,"ILB","Nate Stupar (NYG)",6,31,0.15,-2.06,0.4,-2.47,-0.34,-0.07,-1.88,0.47,-2.35,-0.31,-0.06,20,5,4,0.8,0,0,0,0,0,0,1,0,0
2495617,"CB","Leon Hall (OAK)",10,208,0.5,-2.06,-0.45,-1.62,-0.21,-0.01,-0.52,0.54,-1.06,-0.05,0,184,11,9,0.82,0,0,2,0,0.18,0.01,5.5,0,0
2539943,"FS","D.J. Swearinger (WAS)",15,565,0.14,-2.08,-4.29,2.22,-0.14,0,-2.4,-4.95,2.56,-0.16,0,361,28,21,0.75,1,3,4,2,0.18,0.02,16,0,1
2507917,"CB","Tramaine Brock (DEN)",11,259,0.57,-2.1,-0.84,-1.26,-0.19,-0.01,1.7,2.41,-0.71,0.15,0.01,230,24,16,0.67,0,0,5,0,0.21,0.02,10,0,1
2560966,"LB","Jerome Baker (MIA)",16,373,0.24,-2.12,6.33,-8.44,-0.13,-0.01,-3.05,5.27,-8.32,-0.19,-0.01,266,31,27,0.87,1,0,0,1,0.03,0.01,14.5,0,1
2506789,"CB","Tramon Williams (GB)",16,589,0.32,-2.12,8.28,-10.4,-0.13,0,-1.72,7.96,-9.68,-0.11,0,390,27,21,0.78,0,0,2,0,0.07,0,15,0,1
2561340,"CB","Tre Herndon (JAX)",4,47,0.73,-2.16,-2.16,0,-0.54,-0.05,-2.69,-2.69,0,-0.67,-0.06,44,4,4,1,0,0,0,0,0,0,2,0,0
2553719,"OLB","Josh Keyes (HOU)",1,16,0.08,-2.2,-0.81,-1.39,-2.2,-0.14,-2.39,-0.84,-1.55,-2.39,-0.15,13,1,1,1,0,0,0,0,0,0,0,0,0
2556445,"CB","Brian Poole (ATL)",16,531,0.41,-2.21,-5.93,3.72,-0.14,0,-3.61,-7.43,3.82,-0.23,-0.01,453,42,33,0.79,2,1,2,1,0.1,0.01,26.5,0,1
2557855,"MLB","Jarrad Davis (DET)",16,548,0.11,-2.23,4.26,-6.49,-0.14,0,-2.49,3.28,-5.77,-0.16,0,300,24,21,0.88,0,0,2,2,0.08,0.01,19,0,0
2550262,"ILB","Joe Thomas (DAL)",6,39,0.19,-2.24,0.23,-2.47,-0.37,-0.06,-1.98,0.08,-2.07,-0.33,-0.05,22,3,3,1,0,0,0,0,0,0,3,0,0
2558849,"CB","Cameron Sutton (PIT)",10,175,0.61,-2.29,0.02,-2.32,-0.23,-0.01,1.15,2.59,-1.45,0.11,0.01,145,21,17,0.81,1,0,2,0,0.14,0.02,13,0,0
2550565,"MLB","Adarius Taylor (TB)",15,306,0.24,-2.32,-1.55,-0.77,-0.15,-0.01,-2.08,-1.31,-0.77,-0.14,-0.01,204,21,19,0.9,0,0,2,2,0.1,0.01,11,1,1
2541431,"FS","Kemal Ishmael (ATL)",8,24,0.21,-2.34,-2.34,0,-0.29,-0.1,-2.43,-2.43,0,-0.3,-0.1,23,1,1,1,0,0,0,0,0,0,0,0,0
2558060,"FS","Malik Hooker (IND)",14,516,0.01,-2.35,-1.16,-1.2,-0.17,0,-2.17,-1.16,-1.02,-0.16,0,213,6,5,0.83,0,2,1,1,0.17,0.01,3.5,0,0
2560964,"LB","Genard Avery (CLE)",16,462,0.29,-2.37,-1.66,-0.71,-0.15,-0.01,-3.7,-2.9,-0.8,-0.23,-0.01,71,6,4,0.67,0,0,2,0,0.33,0,1,0,0
2535613,"ILB","L.J. Fort (PIT)",11,198,0.17,-2.41,-3.04,0.63,-0.22,-0.01,-2.07,-3.2,1.13,-0.19,-0.01,99,17,15,0.88,0,0,0,0,0,0,10,0,0
2552391,"FS","Jaquiski Tartt (SF)",7,212,0.17,-2.43,-1.01,-1.42,-0.35,-0.01,-3.49,-1.71,-1.78,-0.5,-0.02,151,12,10,0.83,0,0,0,0,0,0,8.5,0,0
2553441,"MLB","David Mayo (CAR)",7,62,0.29,-2.43,-2.15,-0.28,-0.35,-0.04,-3.01,-2.72,-0.29,-0.43,-0.05,42,3,3,1,0,0,0,0,0,0,1,0,0
2552448,"CB","Trae Waynes (MIN)",13,368,0.63,-2.47,-6.81,4.35,-0.19,-0.01,-2.75,-7.72,4.97,-0.21,-0.01,326,35,27,0.77,1,0,6,0,0.2,0.02,17.5,0,2
496937,"ILB","Sean Lee (DAL)",7,121,0.22,-2.47,-2.49,0.02,-0.35,-0.02,-2.67,-3.02,0.35,-0.38,-0.02,76,7,7,1,0,0,0,1,0,0.01,3,0,0
2558159,"FS","Xavier Woods (DAL)",14,513,0.02,-2.47,-0.55,-1.92,-0.18,0,-1.33,-0.71,-0.62,-0.09,0,237,18,15,0.83,0,2,3,3,0.17,0.02,9,0,0
2555339,"ILB","Kamalei Correa (TEN)",13,178,0.21,-2.5,0.57,-3.07,-0.19,-0.01,-2.77,0.3,-3.07,-0.21,-0.02,26,4,4,1,0,0,0,0,0,0,1,0,0
2560764,"DB","Danny Johnson (WAS)",6,47,0.48,-2.52,-2.38,-0.14,-0.42,-0.05,0.01,-1.67,1.67,0,0,40,11,10,0.91,0,0,1,1,0.09,0.04,6,0,0
2541539,"ILB","Daren Bates (TEN)",8,32,0.22,-2.55,-2.64,0.08,-0.32,-0.08,-2.64,-2.7,0.06,-0.33,-0.08,17,3,3,1,0,0,0,0,0,0,0,0,0
2552313,"MLB","Hayes Pullard (LAC)",6,40,0.14,-2.59,-0.59,-2,-0.43,-0.06,-3.16,-0.81,-2.36,-0.53,-0.08,28,3,3,1,0,0,0,0,0,0,3,0,0
2543724,"CB","Walt Aikens (MIA)",7,20,0.28,-2.62,-2.62,0,-0.37,-0.13,-2.77,-2.77,0,-0.4,-0.14,13,1,1,1,0,0,0,0,0,0,0,0,0
2543608,"CB","Dexter McDougle (PHI)",2,81,0.53,-2.62,-1.89,-0.74,-1.31,-0.03,-2.44,-1.77,-0.67,-1.22,-0.03,74,4,3,0.75,0,0,1,0,0.25,0.01,2,0,0
2543470,"FS","Ha Ha Clinton-Dix (GB/WAS)",16,554,0.04,-2.65,0.56,-3.21,-0.17,0,-1.71,0.39,-2.09,-0.11,0,277,15,15,1,0,0,1,2,0.07,0.01,12.5,1,0
2508007,"CB","Marcus Sherels (MIN)",2,16,0.69,-2.73,-1.11,-1.62,-1.36,-0.17,-2.1,-1.15,-0.95,-1.05,-0.13,16,1,1,1,0,0,0,0,0,0,0,0,0
79901,"CB","Vontae Davis (BUF)",1,16,0.62,-2.77,-2.77,0,-2.77,-0.17,-2.25,-2.25,0,-2.25,-0.14,15,1,1,1,0,0,0,0,0,0,0,0,0
2561417,"CB","Charvarius Ward (KC)",4,73,0.72,-2.8,-0.3,-2.5,-0.7,-0.04,-0.47,0.44,-0.9,-0.12,-0.01,62,13,10,0.77,0,0,2,0,0.15,0.03,10,0,2
2558830,"OLB","Samson Ebukam (LA)",16,382,0.3,-2.86,-2.97,0.11,-0.18,-0.01,-2.57,-2.58,0.01,-0.16,-0.01,48,4,3,0.75,0,0,0,0,0,0,1,0,0
2561147,"CB","Cornell Armstrong (MIA)",6,42,0.62,-2.87,-3.22,0.34,-0.48,-0.07,-2.04,-2.63,0.59,-0.34,-0.05,41,8,7,0.88,0,0,0,0,0,0,5,0,0
2541792,"OLB","Ray-Ray Armstrong (CLE/NYG)",7,124,0.14,-2.88,-0.04,-2.84,-0.41,-0.02,-3.28,-0.47,-2.8,-0.47,-0.03,87,6,6,1,0,0,0,0,0,0,1,0,0
79848,"SS","Malcolm Jenkins (PHI)",16,680,0.27,-2.91,-4.08,1.17,-0.18,0,-2.66,-4.6,1.94,-0.17,0,501,32,27,0.84,0,1,4,1,0.12,0.01,20,0,1
2532800,"OLB","Nigel Bradham (PHI)",15,591,0.19,-2.95,0.36,-3.31,-0.2,0,-4.23,-0.8,-3.43,-0.28,-0.01,407,27,25,0.93,0,0,1,2,0.04,0.01,13.5,0,0
2543769,"ILB","Deone Bucannon (ARI)",10,171,0.26,-3,0.66,-3.66,-0.3,-0.02,-2.69,1.12,-3.8,-0.27,-0.02,107,10,9,0.9,0,0,0,0,0,0,6,1,1
2560746,"CB","Mike Hughes (MIN)",5,109,0.49,-3.03,0.15,-3.18,-0.61,-0.03,-2.09,0.89,-2.98,-0.42,-0.02,101,10,9,0.9,0,0,0,0,0,0,7.5,1,0
2555173,"FS","Eric Murray (KC)",14,404,0.1,-3.09,3.95,-7.04,-0.22,-0.01,-4.34,3.34,-7.68,-0.31,-0.01,195,15,11,0.73,1,0,1,0,0.13,0,8,0,0
496723,"SS","Eric Berry (KC)",2,50,0.16,-3.12,-1.16,-1.95,-1.56,-0.06,-2.92,-1.29,-1.63,-1.46,-0.06,22,2,2,1,0,0,0,0,0,0,2,0,0
2556655,"DB","Tyvis Powell (SF)",4,53,0.29,-3.19,-2.02,-1.17,-0.8,-0.06,-3.54,-2.4,-1.15,-0.89,-0.07,40,4,3,0.75,0,0,0,0,0,0,2,0,0
2552490,"ILB","Benardrick McKinney (HOU)",16,522,0.2,-3.26,2.85,-6.11,-0.2,-0.01,-5.6,1.08,-6.68,-0.35,-0.01,327,24,19,0.79,1,0,3,2,0.17,0.01,10,0,0
2561157,"DB","Keion Crossen (NE)",6,33,0.71,-3.28,-3.28,0,-0.55,-0.1,-3.5,-3.5,0,-0.58,-0.11,31,5,5,1,0,0,0,0,0,0,6,0,0
2558857,"FS","Adrian Colbert (SF)",5,160,0.01,-3.29,0.34,-3.62,-0.66,-0.02,-3.11,0.31,-3.42,-0.62,-0.02,73,2,2,1,0,0,0,1,0,0.01,2,0,0
2558801,"OLB","Jordan Evans (CIN)",14,246,0.29,-3.31,-4.88,1.56,-0.24,-0.01,-2.81,-4.41,1.59,-0.2,-0.01,195,19,18,0.95,0,1,0,2,0,0.01,6,0,0
2543741,"FS","Jimmie Ward (SF)",8,237,0.37,-3.4,-2.02,-1.38,-0.43,-0.01,-0.66,0.22,-0.89,-0.08,0,168,9,7,0.78,0,0,0,0,0,0,3.5,0,0
2561132,"LB","Foye Oluokun (ATL)",16,273,0.27,-3.41,3.04,-6.45,-0.21,-0.01,-5.98,0.92,-6.89,-0.37,-0.02,209,26,21,0.81,0,0,1,0,0.04,0,15,0,2
2558847,"FS","Marcus Williams (NO)",16,597,0.02,-3.46,-4.52,1.06,-0.22,-0.01,-2.45,-4.12,1.67,-0.15,0,226,12,10,0.83,0,2,1,0,0.08,0.01,8,0,1
2556828,"CB","Trevor Williams (LAC)",7,215,0.62,-3.52,-0.93,-2.59,-0.5,-0.02,-3.28,-0.27,-3.01,-0.47,-0.02,188,25,22,0.88,0,1,2,0,0.08,0.01,11.5,0,1
2561093,"LB","Jermaine Carter (CAR)",6,42,0.3,-3.64,1.33,-4.96,-0.61,-0.09,-3.47,1.57,-5.04,-0.58,-0.08,33,6,6,1,0,0,0,0,0,0,2.5,0,0
2555547,"CB","KeiVarae Russell (CIN)",6,81,0.52,-3.67,-0.14,-3.54,-0.61,-0.05,-1.98,1.14,-3.12,-0.33,-0.02,78,12,9,0.75,0,0,1,0,0.08,0.01,6.5,0,0
494307,"FS","Darian Stewart (DEN)",13,451,0.09,-3.72,0.21,-3.93,-0.29,-0.01,-3.42,-0.26,-3.16,-0.26,-0.01,205,10,9,0.9,0,1,1,0,0.1,0,7.5,0,0
2558925,"LB","Austin Calitro (SEA)",7,129,0.16,-3.81,-0.63,-3.18,-0.54,-0.03,-2.51,-0.02,-2.48,-0.36,-0.02,96,10,10,1,0,0,0,0,0,0,3.5,0,0
2555160,"ILB","Antonio Morrison (GB)",16,119,0.1,-3.82,-1.74,-2.08,-0.24,-0.03,-4.11,-1.93,-2.17,-0.26,-0.03,69,7,7,1,0,0,0,0,0,0,2.5,0,0
2560850,"DB","D.J. Reed (SF)",11,198,0.24,-3.83,-1.4,-2.43,-0.35,-0.02,-2.54,0.3,-2.84,-0.23,-0.01,123,10,10,1,0,0,0,0,0,0,5.5,0,1
2543855,"CB","Bene' Benwikere (ARI/OAK)",12,312,0.55,-3.85,1.05,-4.9,-0.32,-0.01,-0.65,3.84,-4.49,-0.05,0,256,34,26,0.76,1,0,3,1,0.12,0.02,16,1,2
2556775,"ILB","Terrance Smith (KC)",6,117,0.23,-3.96,-3.16,-0.8,-0.66,-0.03,-5.99,-5.04,-0.96,-1,-0.05,88,6,4,0.67,0,0,0,0,0,0,0,0,1
2560712,"S","Terrell Edmunds (PIT)",16,590,0.12,-3.99,0.06,-4.05,-0.25,-0.01,-2.77,-0.48,-2.29,-0.17,0,320,19,13,0.68,0,1,3,0,0.16,0.01,10.5,0,3
2543459,"OLB","Anthony Barr (MIN)",12,378,0.22,-4,-2.13,-1.87,-0.33,-0.01,-4,-2.61,-1.39,-0.33,-0.01,236,13,13,1,0,0,0,0,0,0,5,0,0
2559152,"ILB","Dylan Cole (HOU)",8,82,0.31,-4.03,0.49,-4.52,-0.5,-0.05,-4.62,0.16,-4.78,-0.58,-0.06,52,7,5,0.71,0,0,2,1,0.29,0.04,4,0,0
2560914,"CB","Levi Wallace (BUF)",7,212,0.62,-4.08,-0.85,-3.23,-0.58,-0.02,-5.94,-3.46,-2.48,-0.85,-0.03,187,11,9,0.82,0,0,3,1,0.27,0.02,5,0,0
2561103,"WR","Tremon Smith (KC)",5,36,0.66,-4.09,-1.43,-2.66,-0.82,-0.11,-1.84,0.86,-2.7,-0.37,-0.05,34,5,4,0.8,0,0,0,0,0,0,0,0,1
2525323,"SS","Andrew Sendejo (MIN)",4,150,0.08,-4.11,-1.7,-2.42,-1.03,-0.03,-3.96,-1.81,-2.15,-0.99,-0.03,79,3,3,1,0,0,0,0,0,0,3,0,0
2495136,"ILB","Bruce Carter (ATL)",7,43,0.14,-4.14,-4.61,0.47,-0.59,-0.1,-4.33,-4.72,0.39,-0.62,-0.1,33,5,4,0.8,0,0,0,0,0,0,4,0,0
2543637,"CB","Terrance Mitchell (CLE)",8,265,0.51,-4.16,-3.76,-0.4,-0.52,-0.02,-2.79,-2.88,0.1,-0.35,-0.01,245,32,24,0.75,1,0,5,0,0.19,0.02,19.5,1,2
2558121,"LB","Elijah Lee (SF)",8,250,0.18,-4.26,0.19,-4.45,-0.53,-0.02,-5.37,0.34,-5.71,-0.67,-0.02,178,21,19,0.9,0,0,0,1,0,0,11.5,0,0
2307,"CB","Orlando Scandrick (KC)",13,508,0.61,-4.3,-0.09,-4.21,-0.33,-0.01,2.69,5.18,-2.49,0.21,0.01,452,49,34,0.69,1,0,10,2,0.22,0.03,24.5,0,9
2541958,"SS","Jahleel Addae (LAC)",15,565,0.02,-4.31,-3.55,-0.76,-0.29,-0.01,-3.7,-3.61,-0.09,-0.25,-0.01,274,10,9,0.9,0,0,0,2,0,0,7,0,2
2556119,"MLB","Elandon Roberts (NE)",16,216,0.22,-4.4,-0.94,-3.46,-0.27,-0.02,-6.32,-3.02,-3.29,-0.39,-0.03,135,15,15,1,0,0,1,2,0.07,0.01,9,0,0
2558851,"ILB","Anthony Walker (IND)",15,353,0.24,-4.42,-3.54,-0.88,-0.29,-0.01,-4.46,-4.56,0.1,-0.3,-0.01,261,26,20,0.77,1,0,2,1,0.12,0.01,10.5,0,1
2541243,"FS","Duron Harmon (NE)",16,426,0.03,-4.44,-9.28,4.84,-0.28,-0.01,-3.22,-8.27,5.04,-0.2,-0.01,160,9,9,1,0,3,0,0,0,0.01,7,0,1
2539293,"ILB","Gerald Hodges (ARI)",9,171,0.23,-4.47,-1.31,-3.16,-0.5,-0.03,-4.03,-1.65,-2.38,-0.45,-0.02,127,13,13,1,0,0,0,0,0,0,8,0,0
2532878,"CB","Leonard Johnson (ARI)",3,61,0.51,-4.56,-3.59,-0.97,-1.52,-0.07,-3.74,-3.53,-0.21,-1.25,-0.06,51,7,7,1,0,0,0,0,0,0,6,0,0
2499278,"OLB","Malcolm Smith (SF)",12,179,0.23,-4.57,-4.04,-0.54,-0.38,-0.03,-3.93,-3.47,-0.46,-0.33,-0.02,107,9,8,0.89,0,0,0,0,0,0,4,0,1
2533542,"CB","Josh Robinson (NO)",3,19,0.44,-4.58,-2.24,-2.34,-1.53,-0.24,-4.71,-2.37,-2.34,-1.57,-0.25,16,1,1,1,0,0,0,0,0,0,1,0,0
2552296,"OLB","Kyle Emanuel (LAC)",13,88,0.16,-4.67,-5.96,1.29,-0.36,-0.05,-4.43,-5.67,1.24,-0.34,-0.05,47,5,4,0.8,0,0,0,0,0,0,2,0,0
494277,"FS","Kendrick Lewis (TEN)",8,155,0.06,-4.69,-1.39,-3.3,-0.59,-0.03,-3.87,-1.15,-2.72,-0.48,-0.02,81,4,4,1,0,0,0,1,0,0.01,2,0,0
2558982,"MLB","Hardy Nickerson (CIN)",14,296,0.23,-4.74,0.8,-5.53,-0.34,-0.02,-5.58,0.81,-6.4,-0.4,-0.02,203,23,21,0.91,0,0,1,0,0.04,0,9,0,0
2558248,"FS","Chuck Clark (BAL)",13,169,0.19,-4.77,1.82,-6.59,-0.37,-0.03,-4.09,1.67,-5.77,-0.31,-0.02,105,9,8,0.89,0,0,0,0,0,0,5,0,0
2543501,"CB","Aaron Colvin (HOU)",8,220,0.52,-4.87,-2.75,-2.12,-0.61,-0.02,-3.35,-1.08,-2.27,-0.42,-0.02,198,18,13,0.72,0,0,1,0,0.06,0,6,0,1
2499257,"FS","Colin Jones (CAR)",7,61,0.14,-4.91,0,-4.9,-0.7,-0.08,-4.85,-0.24,-4.6,-0.69,-0.08,35,5,5,1,0,1,0,0,0,0.02,1.5,0,0
2543474,"CB","Darqueze Dennard (CIN)",13,412,0.56,-4.93,0.59,-5.52,-0.38,-0.01,-4.02,1.2,-5.22,-0.31,-0.01,379,54,45,0.83,0,0,6,0,0.11,0.01,31,1,1
2555536,"SS","Kavon Frazier (DAL)",6,101,0.12,-4.98,-0.21,-4.76,-0.83,-0.05,-5.05,-0.66,-4.39,-0.84,-0.05,60,9,7,0.78,0,0,1,0,0.11,0.01,4,0,0
2556394,"CB","Chris Milton (IND)",3,38,0.69,-5.06,-4.55,-0.5,-1.69,-0.13,-4.15,-3.53,-0.62,-1.38,-0.11,35,4,4,1,0,0,0,0,0,0,1,0,0
2556559,"CB","Mike Hilton (PIT)",15,413,0.49,-5.21,0.53,-5.74,-0.35,-0.01,-3.59,1.25,-4.84,-0.24,-0.01,319,34,27,0.79,0,1,6,1,0.18,0.02,24,0,0
2495202,"OLB","Von Miller (DEN)",15,466,0.18,-5.3,-1.64,-3.66,-0.35,-0.01,-5.72,-1.51,-4.21,-0.38,-0.01,17,3,3,1,0,0,0,0,0,0,0,0,0
2557967,"OLB","Duke Riley (ATL)",14,233,0.17,-5.37,-6.85,1.48,-0.38,-0.02,-4,-6.7,2.7,-0.29,-0.02,176,19,17,0.89,0,0,1,0,0.05,0,16,0,1
2557958,"CB","Sidney Jones (PHI)",9,227,0.44,-5.51,0.41,-5.93,-0.61,-0.02,-1.78,3.36,-5.14,-0.2,-0.01,210,21,17,0.81,0,0,2,0,0.1,0.01,13,0,1
2550613,"CB","Malcolm Butler (TEN)",16,501,0.63,-5.63,-10.64,5.01,-0.35,-0.01,3.28,-2.68,5.96,0.21,0.01,440,57,41,0.72,1,1,9,0,0.18,0.02,31,1,2
2495507,"CB","Richard Sherman (SF)",13,455,0.6,-5.64,-3.01,-2.64,-0.43,-0.01,-3.34,-1.89,-1.45,-0.26,-0.01,411,28,21,0.75,0,0,3,0,0.11,0.01,14,0,2
2552255,"CB","Eric Rowe (NE)",4,86,0.63,-5.75,-5.75,0,-1.44,-0.07,-5.79,-5.79,0,-1.45,-0.07,81,9,7,0.78,0,0,1,0,0.11,0.01,5,0,0
2555255,"OLB","De'Vondre Campbell (ATL)",16,531,0.25,-5.8,-1.32,-4.47,-0.36,-0.01,-6.76,-3,-3.75,-0.42,-0.01,320,32,29,0.91,0,0,0,0,0,0,19,0,0
2543872,"CB","Nevin Lawson (DET)",15,488,0.61,-5.84,1.12,-6.96,-0.39,-0.01,-3.99,2.75,-6.74,-0.27,-0.01,429,40,31,0.78,0,0,5,0,0.12,0.01,19.5,0,5
2543711,"OLB","Telvin Smith (JAX)",16,551,0.17,-5.86,2.35,-8.21,-0.37,-0.01,-7.61,1.03,-8.64,-0.48,-0.01,388,36,33,0.92,0,0,0,0,0,0,0,0,0
2557837,"OLB","Reuben Foster (SF)",6,198,0.2,-5.89,-4.85,-1.04,-0.98,-0.03,-3.91,-4.51,0.6,-0.65,-0.02,130,16,14,0.88,0,0,1,0,0.06,0.01,5,0,1
2556277,"SS","Marqui Christian (LA)",16,274,0.39,-6.13,0.32,-6.44,-0.38,-0.02,-5.4,0.42,-5.83,-0.34,-0.02,214,22,19,0.86,0,0,1,0,0.05,0,14.5,0,0
2530491,"ILB","Josh Bynes (ARI)",11,370,0.2,-6.14,-4.51,-1.63,-0.56,-0.02,-4.16,-3.21,-0.95,-0.38,-0.01,239,24,22,0.92,0,0,2,2,0.08,0.01,12.5,0,0
2558971,"CB","Greg Mabin (SF)",8,74,0.57,-6.24,-2.15,-4.1,-0.78,-0.08,-5.14,-1.4,-3.73,-0.64,-0.07,62,10,8,0.8,0,0,1,0,0.1,0.01,4,1,0
2495343,"CB","Buster Skrine (NYJ)",14,401,0.52,-6.26,-4.4,-1.86,-0.45,-0.02,-5.9,-4.2,-1.7,-0.42,-0.01,350,43,33,0.77,0,0,6,3,0.14,0.02,22.5,1,2
2540152,"SS","Eric Reid (CAR)",13,424,0.1,-6.26,-1.13,-5.14,-0.48,-0.01,-5.97,-1.47,-4.5,-0.46,-0.01,215,15,10,0.67,0,1,4,0,0.27,0.01,9,0,0
2555345,"DB","Su'a Cravens (DEN)",5,85,0.38,-6.27,-5.51,-0.76,-1.25,-0.07,-5.38,-5.24,-0.14,-1.08,-0.06,70,8,8,1,0,0,0,0,0,0,4.5,0,2
2533058,"OLB","Vontaze Burfict (CIN)",7,157,0.23,-6.31,-4.22,-2.09,-0.9,-0.04,-5.23,-4.66,-0.57,-0.75,-0.03,122,13,12,0.92,0,0,1,1,0.08,0.01,5,0,2
2552454,"SS","Landon Collins (NYG)",12,436,0.21,-6.37,-0.75,-5.63,-0.53,-0.01,-6.84,-2.07,-4.77,-0.57,-0.02,305,29,24,0.83,0,0,3,1,0.1,0.01,22,0,1
2556443,"SS","Sharrod Neasman (ATL)",11,253,0.22,-6.39,-3.08,-3.31,-0.58,-0.03,-8.44,-4.66,-3.77,-0.77,-0.03,181,17,14,0.82,0,0,2,1,0.12,0.01,10,0,1
2560930,"DB","Jordan Whitehead (TB)",15,388,0.12,-6.54,-2.47,-4.07,-0.44,-0.02,-6.16,-3.23,-2.93,-0.41,-0.02,232,21,16,0.76,0,0,3,1,0.14,0.01,13,0,1
2495272,"SS","Chris Conte (TB)",3,82,0.11,-6.65,-0.22,-6.43,-2.22,-0.08,-6.97,-0.29,-6.69,-2.32,-0.09,54,5,5,1,0,0,0,0,0,0,5,0,0
494261,"SS","Kurt Coleman (NO)",16,194,0.16,-6.69,-1.47,-5.22,-0.42,-0.03,-7.55,-2.2,-5.35,-0.47,-0.04,116,7,7,1,0,0,0,0,0,0,4.5,0,0
2560808,"CB","Quenton Meeks (JAX)",2,28,0.68,-6.75,-0.87,-5.88,-3.38,-0.24,-6.78,-0.81,-5.97,-3.39,-0.24,23,3,2,0.67,0,0,0,0,0,0,2,0,0
2543720,"OLB","Christian Kirksey (CLE)",7,275,0.24,-7.05,-1.92,-5.13,-1.01,-0.03,-5.68,-1.53,-4.15,-0.81,-0.02,167,13,12,0.92,0,0,1,1,0.08,0.01,5.5,0,2
2557881,"FS","Tedric Thompson (SEA)",13,406,0.02,-7.12,-1.35,-5.77,-0.55,-0.02,-5.86,-1.31,-4.55,-0.45,-0.01,165,12,8,0.67,0,1,2,0,0.17,0.01,7,0,0
2507167,"FS","Reggie Nelson (OAK)",11,210,0.1,-7.27,1.94,-9.21,-0.66,-0.03,-5.2,1.98,-7.17,-0.47,-0.02,116,13,11,0.85,1,0,0,0,0.08,0,6,0,0
2558136,"CB","Fabian Moreau (WAS)",16,528,0.52,-7.28,-9.53,2.25,-0.46,-0.01,-6.72,-9.72,3.01,-0.42,-0.01,472,38,29,0.76,0,1,4,0,0.11,0.01,18,1,5
2539935,"OLB","Kiko Alonso (MIA)",15,525,0.19,-7.33,-10.77,3.43,-0.49,-0.01,-9.33,-12.08,2.75,-0.62,-0.02,372,34,30,0.88,1,1,0,2,0.03,0.01,17,0,1
2555344,"CB","Artie Burns (PIT)",8,181,0.64,-7.5,-5.85,-1.65,-0.94,-0.04,-4.3,-3.04,-1.27,-0.54,-0.02,167,17,14,0.82,0,0,1,0,0.06,0.01,8,0,1
2530794,"FS","Ron Parker (KC)",14,590,0.1,-7.51,-4.47,-3.04,-0.54,-0.01,-7.51,-5.37,-2.14,-0.54,-0.01,301,22,18,0.82,0,1,1,1,0.05,0.01,15.5,0,1
2495153,"FS","Marcus Gilchrist (OAK)",16,453,0.17,-7.54,-4.67,-2.87,-0.47,-0.02,-6.18,-4.54,-1.64,-0.39,-0.01,299,26,21,0.81,2,1,2,1,0.15,0.01,14,0,0
2561318,"ILB","Tae Davis (NYG)",11,200,0.13,-7.56,-1.48,-6.08,-0.69,-0.04,-6.16,-1.42,-4.74,-0.56,-0.03,122,18,17,0.94,0,0,1,0,0.06,0,9,0,1
2555546,"CB","Rashard Robinson (NYJ)",4,49,0.58,-7.57,-6.22,-1.36,-1.89,-0.15,-6.41,-5.71,-0.7,-1.6,-0.13,40,9,9,1,0,0,0,0,0,0,6.5,0,0
2533008,"ILB","Demario Davis (NO)",16,545,0.19,-7.61,-5.61,-2.01,-0.48,-0.01,-6.73,-5.19,-1.54,-0.42,-0.01,335,30,30,1,0,0,1,2,0.03,0.01,20,0,1
2550164,"CB","T.J. Carrie (CLE)",16,562,0.58,-7.67,-3.01,-4.66,-0.48,-0.01,-2.17,0.74,-2.91,-0.14,0,509,53,40,0.75,0,1,6,0,0.11,0.01,30,0,7
2558133,"FS","Montae Nicholson (WAS)",10,306,0.08,-7.68,-2.55,-5.13,-0.77,-0.03,-7.58,-2.63,-4.95,-0.76,-0.02,169,3,2,0.67,0,0,1,0,0.33,0,1,0,1
2543464,"ILB","C.J. Mosley (BAL)",15,548,0.14,-7.77,-7.86,0.09,-0.52,-0.01,-7.34,-7.9,0.55,-0.49,-0.01,287,29,26,0.9,0,0,1,1,0.03,0,19,0,0
2555310,"MLB","Jaylon Smith (DAL)",16,562,0.18,-7.9,-7.13,-0.77,-0.49,-0.01,-8.69,-7.22,-1.48,-0.54,-0.02,373,29,25,0.86,0,0,3,2,0.1,0.01,20,1,1
2559164,"CB","Michael Davis (LAC)",13,362,0.64,-7.94,-8.48,0.54,-0.61,-0.02,-6.12,-7.03,0.91,-0.47,-0.02,325,34,26,0.76,0,0,8,1,0.24,0.02,21,0,3
496733,"CB","Joe Haden (PIT)",15,571,0.64,-7.98,-4.21,-3.77,-0.53,-0.01,-2.89,0.22,-3.11,-0.19,-0.01,530,57,39,0.68,2,0,9,2,0.19,0.02,25.5,0,4
2560982,"CB","Tony Brown (GB)",10,167,0.53,-8.01,-2.63,-5.37,-0.8,-0.05,-8.67,-3.3,-5.37,-0.87,-0.05,150,23,18,0.78,0,0,5,2,0.22,0.04,13,1,0
2555175,"CB","James Bradberry (CAR)",16,578,0.58,-8.07,-0.47,-7.6,-0.5,-0.01,4.68,10.4,-5.72,0.29,0.01,530,68,49,0.72,0,0,11,1,0.16,0.02,32,0,1
494259,"SS","Barry Church (JAX)",11,355,0.12,-8.1,-3.26,-4.84,-0.74,-0.02,-8.06,-3.93,-4.13,-0.73,-0.02,204,17,15,0.88,0,1,1,0,0.06,0.01,7.5,0,0
2495170,"CB","Davon House (GB)",2,19,0.58,-8.32,-2.03,-6.3,-4.16,-0.44,-8.35,-2.39,-5.96,-4.18,-0.44,17,4,3,0.75,0,0,0,0,0,0,1,0,1
2560877,"LB","Roquan Smith (CHI)",16,567,0.27,-8.4,-0.55,-7.85,-0.52,-0.01,-10.37,-2.78,-7.59,-0.65,-0.02,432,51,46,0.9,0,1,2,0,0.04,0.01,35,0,1
2556148,"OLB","Jatavis Brown (LAC)",14,380,0.2,-8.41,-3.76,-4.65,-0.6,-0.02,-5.12,-2.4,-2.72,-0.37,-0.01,282,28,23,0.82,0,0,4,0,0.14,0.01,24,0,1
2560887,"CB","Chandon Sullivan (PHI)",4,47,0.45,-8.54,-7.94,-0.61,-2.14,-0.18,-7.39,-6.71,-0.69,-1.85,-0.16,45,5,5,1,0,0,0,0,0,0,4,0,0
2555355,"FS","Clayton Fejedelem (CIN)",12,118,0.14,-8.6,-4.38,-4.22,-0.72,-0.07,-7.48,-4.02,-3.45,-0.62,-0.06,74,4,3,0.75,0,0,0,0,0,0,2.5,0,0
2495504,"CB","Patrick Peterson (ARI)",16,569,0.53,-8.63,-5.37,-3.26,-0.54,-0.02,-4.72,-3.14,-1.58,-0.29,-0.01,503,35,26,0.74,2,0,2,0,0.11,0.01,15,0,1
2561017,"DB","Sean Chandler (NYG)",11,105,0.36,-8.65,-3.4,-5.25,-0.79,-0.08,-7.76,-2.34,-5.42,-0.71,-0.07,66,8,7,0.88,0,0,1,0,0.12,0.01,5,0,0
2557955,"CB","Teez Tabor (DET)",10,169,0.59,-9.06,-9.71,0.65,-0.91,-0.05,-10.3,-10.62,0.32,-1.03,-0.06,149,17,16,0.94,0,0,0,0,0,0,13.5,0,1
2552261,"CB","Kevin Johnson (HOU)",1,41,0.39,-9.07,-3.07,-6,-9.07,-0.22,-8.51,-2.79,-5.72,-8.51,-0.21,38,5,4,0.8,0,0,0,0,0,0,1,0,1
71441,"FS","Glover Quin (DET)",16,460,0.09,-9.13,-0.9,-8.22,-0.57,-0.02,-9.98,-1.92,-8.06,-0.62,-0.02,234,13,12,0.92,0,0,1,2,0.08,0.01,8.5,0,0
2552447,"OLB","Shaq Thompson (CAR)",14,332,0.26,-9.23,-6.74,-2.49,-0.66,-0.03,-7.81,-5.78,-2.02,-0.56,-0.02,205,27,26,0.96,0,0,0,1,0,0,22,0,0
2555161,"ILB","Blake Martinez (GB)",16,580,0.12,-9.3,-0.4,-8.9,-0.58,-0.02,-9.57,-2.15,-7.42,-0.6,-0.02,322,30,28,0.93,0,0,0,1,0,0,21,0,0
2555551,"CB","LeShaun Sims (TEN)",12,120,0.51,-9.34,-7.81,-1.52,-0.78,-0.08,-8.83,-7.24,-1.59,-0.74,-0.07,97,6,6,1,0,0,0,0,0,0,5,0,1
2559087,"CB","Arthur Maulet (IND)",4,61,0.61,-9.38,-7.67,-1.71,-2.35,-0.15,-8.55,-6.8,-1.75,-2.14,-0.14,59,6,6,1,0,0,0,0,0,0,5,0,0
2532861,"CB","Casey Hayward (LAC)",15,560,0.68,-9.45,-9.46,0.01,-0.63,-0.02,-5.42,-6.66,1.23,-0.36,-0.01,498,37,26,0.7,0,0,6,2,0.16,0.01,14.5,0,2
2560917,"LB","Fred Warner (SF)",15,549,0.18,-9.54,-1.67,-7.86,-0.64,-0.02,-10.85,-2.99,-7.86,-0.72,-0.02,403,35,28,0.8,0,0,4,1,0.11,0.01,13,0,1
2354,"ILB","Wesley Woodyard (TEN)",14,414,0.13,-9.61,-6.34,-3.27,-0.69,-0.02,-9.61,-6.05,-3.55,-0.69,-0.02,227,23,19,0.83,0,0,1,0,0.04,0,13,0,0
2532920,"CB","Josh Norman (WAS)",16,599,0.6,-9.74,-7.03,-2.71,-0.61,-0.02,-1.49,0.32,-1.81,-0.09,0,525,51,41,0.8,2,1,6,1,0.16,0.02,22,1,5
2561001,"CB","Grant Haley (NYG)",10,264,0.57,-9.74,-11.24,1.51,-0.97,-0.04,-7.82,-10.22,2.4,-0.78,-0.03,222,23,17,0.74,0,0,2,0,0.09,0.01,12,0,0
2555528,"OLB","Nick Vigil (CIN)",11,406,0.29,-9.79,-2.6,-7.19,-0.89,-0.02,-13.16,-5.09,-8.08,-1.2,-0.03,278,28,25,0.89,0,0,1,1,0.04,0,20,0,0
2560819,"CB","Nick Nelson (OAK)",10,164,0.55,-9.86,-6.02,-3.84,-0.99,-0.06,-7.52,-4.03,-3.49,-0.75,-0.05,147,15,11,0.73,0,0,1,0,0.07,0.01,3,0,0
2532875,"CB","Janoris Jenkins (NYG)",16,602,0.56,-9.87,-8.07,-1.81,-0.62,-0.02,0.98,0.25,0.73,0.06,0,540,62,44,0.71,2,0,11,2,0.21,0.02,27.5,0,3
2543592,"MLB","Anthony Hitchens (KC)",14,495,0.14,-10.16,0.07,-10.23,-0.73,-0.02,-10.87,-1.75,-9.12,-0.78,-0.02,319,30,28,0.93,0,0,0,0,0,0,15,0,1
2555386,"SS","Sean Davis (PIT)",15,589,0.02,-10.2,-1.83,-8.37,-0.68,-0.02,-8.46,-1.74,-6.73,-0.56,-0.01,267,16,12,0.75,0,0,3,3,0.19,0.01,6.5,0,0
2539334,"CB","Desmond Trufant (ATL)",16,627,0.61,-10.34,-2.9,-7.43,-0.65,-0.02,-3.27,3.53,-6.79,-0.2,-0.01,556,58,47,0.81,0,0,10,0,0.17,0.02,33,0,4
2495251,"CB","Shareece Wright (HOU)",12,349,0.61,-10.49,-6.36,-4.14,-0.87,-0.03,-11.46,-8.03,-3.43,-0.95,-0.03,327,30,22,0.73,0,0,5,0,0.17,0.01,15,0,0
2558062,"CB","Gareon Conley (OAK)",14,346,0.68,-10.61,-9.19,-1.42,-0.76,-0.03,-6.55,-6.36,-0.19,-0.47,-0.02,313,34,23,0.68,1,2,10,1,0.32,0.04,13.5,0,3
2558171,"CB","Corn Elder (CAR)",6,35,0.38,-10.82,-6.5,-4.32,-1.8,-0.31,-10.69,-6.69,-4,-1.78,-0.31,32,4,3,0.75,0,0,0,0,0,0,1,0,0
2558168,"CB","Rasul Douglas (PHI)",12,362,0.54,-11.3,-16.59,5.29,-0.94,-0.03,-3.72,-10.3,6.58,-0.31,-0.01,306,42,37,0.88,1,1,0,1,0.02,0.01,28.5,0,0
2558065,"CB","Adoree' Jackson (TEN)",16,537,0.55,-11.38,-5.57,-5.82,-0.71,-0.02,4.61,6.82,-2.21,0.29,0.01,478,69,53,0.77,2,0,7,1,0.13,0.02,39,0,2
2532986,"OLB","Tahir Whitehead (OAK)",16,508,0.23,-11.43,-3.4,-8.02,-0.71,-0.02,-10.73,-3.98,-6.75,-0.67,-0.02,378,31,28,0.9,0,1,2,1,0.06,0.01,10.5,0,2
2556567,"S","Isaiah Johnson (TB)",12,220,0.1,-11.45,-4.64,-6.81,-0.95,-0.05,-10.16,-4.53,-5.63,-0.85,-0.05,118,15,14,0.93,0,1,1,0,0.07,0.01,9,0,0
2532877,"CB","Trumaine Johnson (NYJ)",10,379,0.57,-11.65,-9.37,-2.27,-1.16,-0.03,-6.11,-5.18,-0.93,-0.61,-0.02,339,31,27,0.87,2,1,0,0,0.06,0.01,20.5,0,2
2561039,"CB","Carlton Davis (TB)",13,396,0.66,-11.72,-6.48,-5.25,-0.9,-0.03,-10.75,-5.53,-5.21,-0.83,-0.03,350,36,27,0.75,0,0,4,1,0.11,0.01,12,0,5
2552315,"MLB","Jordan Hicks (PHI)",12,461,0.14,-11.74,-10.52,-1.22,-0.98,-0.03,-11.46,-11.1,-0.36,-0.96,-0.02,311,20,17,0.85,0,0,2,2,0.1,0.01,16,0,1
2557840,"CB","Chidobe Awuzie (DAL)",15,519,0.65,-11.83,-1.19,-10.64,-0.79,-0.02,3.71,12.09,-8.38,0.25,0.01,484,61,43,0.7,0,1,9,0,0.15,0.02,30,0,0
2553536,"CB","Troy Hill (LA)",12,235,0.52,-11.9,-13.49,1.58,-0.99,-0.05,-9.33,-12.05,2.72,-0.78,-0.04,217,24,19,0.79,2,0,3,0,0.21,0.02,7.5,0,1
2558157,"CB","Ahkello Witherspoon (SF)",12,360,0.65,-12.01,-6.32,-5.69,-1,-0.03,-2.6,0.87,-3.48,-0.22,-0.01,324,39,27,0.69,0,0,3,0,0.08,0.01,14.5,0,5
2543492,"FS","Lamarcus Joyner (LA)",15,524,0.04,-12.13,-5.17,-6.96,-0.81,-0.02,-9.05,-3.62,-5.42,-0.6,-0.02,264,16,12,0.75,0,1,2,0,0.12,0.01,7,0,0
2560759,"DB","Natrell Jamerson (GB/HOU)",4,54,0.44,-12.56,-3.96,-8.6,-3.14,-0.23,-13.27,-4.51,-8.76,-3.32,-0.25,50,3,3,1,0,0,1,1,0.33,0.04,3,0,0
2507817,"SS","Rafael Bush (BUF)",14,250,0.46,-12.76,-13.71,0.95,-0.91,-0.05,-10.99,-13.33,2.34,-0.78,-0.04,204,21,20,0.95,0,0,0,0,0,0,12.5,0,0
2541200,"CB","Rashaan Melvin (OAK)",14,330,0.66,-12.96,-9.38,-3.58,-0.93,-0.04,-6.9,-3.75,-3.15,-0.49,-0.02,296,40,31,0.78,1,0,4,1,0.12,0.02,23.5,0,2
2560952,"CB","Jaire Alexander (GB)",13,435,0.57,-13.02,-6.53,-6.49,-1,-0.03,-5.45,-0.33,-5.12,-0.42,-0.01,389,56,38,0.68,1,0,7,1,0.14,0.02,31,0,1
2539338,"CB","B.W. Webb (NYG)",16,576,0.6,-13.36,-15.58,2.22,-0.83,-0.02,-4.51,-7.64,3.12,-0.28,-0.01,499,42,30,0.71,1,0,4,1,0.12,0.01,21,1,3
2495775,"FS","Eric Weddle (BAL)",16,630,0.05,-13.4,-3.1,-10.3,-0.84,-0.02,-11.62,-3.38,-8.24,-0.73,-0.02,274,19,15,0.79,0,0,3,0,0.16,0,10,0,0
2495108,"CB","Prince Amukamara (CHI)",15,585,0.65,-13.64,-22.71,9.07,-0.91,-0.02,-8.65,-17.63,8.97,-0.58,-0.01,526,63,47,0.75,2,1,9,0,0.17,0.02,32.5,0,6
2558070,"LB","Raekwon McMillan (MIA)",16,360,0.14,-14.02,-0.06,-13.96,-0.88,-0.04,-13.34,-0.61,-12.73,-0.83,-0.04,264,25,24,0.96,0,0,1,0,0.04,0,10,0,0
2543851,"CB","Phillip Gaines (BUF/CLE)",9,214,0.64,-14.03,-11.84,-2.19,-1.56,-0.07,-10.28,-8.78,-1.5,-1.14,-0.05,191,22,18,0.82,0,0,2,0,0.09,0.01,13,0,2
2543830,"FS","Tre Boston (ARI)",14,502,0.07,-14.24,-7.6,-6.64,-1.02,-0.03,-11.7,-7.42,-4.28,-0.84,-0.02,268,21,12,0.57,0,0,6,0,0.29,0.01,6,0,0
2553790,"CB","DeVante Bausby (PHI)",4,90,0.62,-14.53,-14.01,-0.52,-3.63,-0.16,-13.27,-12.7,-0.57,-3.32,-0.15,79,10,10,1,0,0,0,0,0,0,6,0,1
2558259,"CB","Shaquill Griffin (SEA)",15,532,0.67,-14.97,-1.01,-13.96,-1,-0.03,-9.38,1.88,-11.26,-0.63,-0.02,486,52,40,0.77,0,0,6,0,0.12,0.01,27.5,0,4
2556480,"SS","Kentrell Brice (GB)",14,361,0.12,-15.73,-3.58,-12.15,-1.12,-0.04,-15.39,-3.73,-11.66,-1.1,-0.04,205,18,15,0.83,0,0,2,0,0.11,0.01,9.5,0,0
2533059,"CB","Morris Claiborne (NYJ)",15,572,0.67,-15.97,-16.21,0.25,-1.06,-0.03,-10.26,-10.88,0.61,-0.68,-0.02,524,50,35,0.7,1,1,7,2,0.16,0.02,21.5,0,5
2540155,"CB","Xavier Rhodes (MIN)",13,381,0.7,-16.23,-11.23,-5,-1.25,-0.04,-3.89,-1.6,-2.29,-0.3,-0.01,356,46,38,0.83,0,0,5,1,0.11,0.02,27.5,0,6
2561527,"CB","Mike Ford (DET)",7,212,0.61,-16.28,-5.29,-10.99,-2.33,-0.08,-12.49,-2.98,-9.52,-1.78,-0.06,190,25,23,0.92,0,0,1,0,0.04,0,15,0,0
2506861,"CB","Brent Grimes (TB)",13,427,0.58,-17.68,-10.54,-7.14,-1.36,-0.04,-15.41,-8.75,-6.66,-1.19,-0.04,393,38,28,0.74,0,0,5,1,0.13,0.01,19.5,0,3
2558009,"FS","Budda Baker (ARI)",14,491,0.47,-17.92,-11.2,-6.71,-1.28,-0.04,-13.14,-9.23,-3.91,-0.94,-0.03,373,38,34,0.89,0,0,1,0,0.03,0,20.5,1,4
2552434,"CB","Bobby McCain (MIA)",14,426,0.59,-18.05,-11.03,-7.01,-1.29,-0.04,-15.99,-8.93,-7.06,-1.14,-0.04,385,44,36,0.82,1,0,2,2,0.07,0.01,19,0,1
2559053,"CB","Torry McTyer (MIA)",13,212,0.54,-18.51,-13.46,-5.04,-1.42,-0.09,-17.55,-12.72,-4.83,-1.35,-0.08,188,22,19,0.86,0,0,1,2,0.05,0.01,11,0,3
1037374,"CB","Sam Shields (LA)",14,249,0.62,-20.16,-8.97,-11.2,-1.44,-0.08,-16.36,-7.21,-9.14,-1.17,-0.07,224,25,20,0.8,1,0,2,1,0.12,0.02,10,0,1
2555383,"CB","Jalen Mills (PHI)",8,310,0.53,-20.21,-17.52,-2.69,-2.53,-0.07,-13.33,-11.28,-2.05,-1.67,-0.04,269,34,26,0.76,0,0,8,2,0.24,0.03,18,0,1
2556735,"CB","Ken Crawley (NO)",9,251,0.59,-20.4,-14.11,-6.3,-2.27,-0.08,-15.41,-9.11,-6.31,-1.71,-0.06,232,33,28,0.85,0,0,4,0,0.12,0.02,18,0,3
2560755,"CB","Josh Jackson (GB)",16,434,0.6,-20.52,-12.01,-8.51,-1.28,-0.05,-19.56,-11.37,-8.2,-1.22,-0.05,376,39,28,0.72,0,0,9,0,0.23,0.02,17.5,0,4
2539653,"CB","Robert Alford (ATL)",15,554,0.69,-20.71,-20.01,-0.69,-1.38,-0.04,-14.19,-14.34,0.15,-0.95,-0.03,509,60,45,0.75,0,0,11,0,0.18,0.02,27.5,0,7
2560753,"CB","Donte Jackson (CAR)",15,524,0.55,-21.05,-16.63,-4.41,-1.4,-0.04,-15.86,-13.47,-2.39,-1.06,-0.03,478,51,42,0.82,2,1,4,1,0.12,0.02,35,0,5
2539932,"CB","Jamar Taylor (ARI/DEN)",11,161,0.55,-21.49,-11.95,-9.54,-1.95,-0.13,-15.14,-8.23,-6.9,-1.38,-0.09,144,25,21,0.84,0,0,0,1,0,0.01,7.5,0,3
2543505,"CB","Bradley Roby (DEN)",14,517,0.64,-22.38,-22.37,-0.01,-1.6,-0.04,-14.91,-16.33,1.42,-1.06,-0.03,471,60,44,0.73,1,0,10,0,0.18,0.02,23,1,2
2560728,"CB","Tre Flowers (SEA)",14,514,0.59,-24.13,-19.01,-5.12,-1.72,-0.05,-17.59,-15.31,-2.28,-1.26,-0.03,462,46,38,0.83,0,0,4,0,0.09,0.01,22,0,3
