"position","displayName","nflId_def","eps_zone_coverage","zone_plays","zone_covers","accurate_targets","completions_allowed","PB","ball_hawk_pbus","INT","ball_hawk_ints","T","FF","penalties_count","closing_penalties","ball_skills_penalties","penalties_eps","closing_penalties_eps","eps_closing","eps_ball_skills","eps_tackling","eps_int_returns","eps_ball_hawk","eps_zone_coverage_no_tackling"
"FS","Eddie Jackson",2558176,42.685228579616,541,260,21,11,6,3,2,3,9.5,1,0,0,0,0,0,2.29374383834703,14.5653324795133,10.5815590369571,5.78520932641852,9.45938389838009,32.1036695426589
"SS","Damontae Kazee",2558184,26.2935710346922,545,200,5,4,1,0,0,6,3,0,0,0,0,0,0,0.970272784656084,1.57261030069227,0.088928694074716,-2.65546343612147,26.3172226913906,26.2046423406175
"CB","Kenny Moore II",2558976,22.0733657155944,252,249,24,21,2,1,1,2,18,0,0,0,0,0,0,2.9890640145069,8.33133460630075,1.99535260473154,-2.19574575294914,10.9533602430044,20.0780131108629
"FS","Andrew Adams",2556456,18.231603406275,163,112,10,6,2,0,2,2,3.5,0,1,0,1,-0.495572383303407,0,3.50354263129397,9.05322402120732,-1.03024610157234,-1.66573216525461,8.37081502060067,19.2618495078474
"LB","Leighton Vander Esch",2560908,18.020885267595,308,267,25,22,1,1,0,2,19.5,0,0,0,0,0,0,1.3967101325326,1.3385020599479,1.84534552501817,1.53224387249413,11.9080836776022,16.1755397425768
"ILB","Darron Lee",2555322,17.8894947100911,281,233,22,16,0,2,1,1,8.5,0,0,0,0,0,0,4.07589355939322,4.44015310062995,1.98320779083547,1.80092589682425,5.58931436240821,15.9062869192556
"FS","Curtis Riley",2553822,17.1444751795944,541,242,11,7,1,0,2,1,7,0,0,0,0,0,0,0.589321039035489,7.64115282811297,0.378373241975689,3.06777888462756,5.46784918584264,16.7661019376187
"MLB","Deion Jones",2555162,17.0873569033185,137,119,12,9,3,0,0,2,7,1,0,0,0,0,0,1.60639263057088,-2.1138239397673,3.19601177888325,4.38992762424123,10.0088488093904,13.8913451244352
"FS","Kevin Byard",2555158,16.2958069028382,478,259,8,6,1,2,0,4,6,0,0,0,0,0,0,-0.35451734511378,3.1818275587961,-1.45771140930229,0.623718992005715,14.3024891064525,17.7535183121405
"SS","Reshad Jones",496739,16.2379104300067,364,186,13,9,2,3,1,1,9,0,0,0,0,0,0,2.44915228709202,1.37461405384499,0.751675924928699,4.59844331925978,7.06402484488122,15.486234505078
"FS","Anthony Harris",2553655,16.0721992545753,266,136,5,2,2,1,0,2,3,0,0,0,0,0,0,1.51542219954896,5.8203293355334,0.217799793073405,0.583801869230653,7.93484605718888,15.8543994615019
"CB","Desmond King",2557927,16.0514347989974,271,266,27,21,5,0,1,1,21,0,0,0,0,0,0,4.62555880933588,5.98169897261984,-2.92956371002859,0.654737112460383,7.71900361460992,18.980998509026
"FS","Harrison Smith",2532948,15.9373523889028,394,223,12,10,1,1,0,2,7,0,0,0,0,0,0,-1.62327424977432,4.12909276518823,2.05591465857892,0.529376661142593,10.8462425537674,13.8814377303239
"SS","Justin Reid",2560851,15.5578510900914,482,246,15,11,4,3,0,3,9.5,0,0,0,0,0,0,0.103678427524164,-1.98339259634982,-2.93402875957358,5.65841659404479,14.7131774244458,18.4918798496649
"CB","Denzel Ward",2560916,15.4443090676008,213,203,27,20,1,1,1,2,15,0,0,0,0,0,0,0.0426370542225153,8.5896094822027,-0.580543520391752,-0.236602940983797,7.62920899255109,16.0248525879925
"MLB","Bobby Wagner",2532966,15.4245866675668,353,303,23,17,4,2,1,0,15,0,0,0,0,0,0,2.6020236068304,4.9541594644376,0.204315537131941,6.43543324782123,1.22865481134558,15.2202711304348
"SS","Shawn Williams",2539233,14.5699957715186,450,266,20,17,3,1,0,4,12,0,0,0,0,0,0,1.35688315907559,-6.01549929820314,-2.73190454493159,6.10182240754007,15.8586940480377,17.3019003164502
"MLB","Luke Kuechly",2533056,13.4220850053607,353,297,23,18,3,1,0,1,13,1,0,0,0,0,0,4.31242494156453,0.191067827798153,5.03562160601062,0.104002742278544,3.77896788770888,8.38646339935011
"LB","Alec Ogletree",2540143,12.868982197081,280,220,19,17,1,0,1,3,7.5,0,0,0,0,0,0,-0.403767799181702,-1.96927449555375,-4.02995267905453,5.3511075456155,13.9208696252555,16.8989348761355
"FS","Mike Mitchell",238227,12.8493801996219,129,88,5,5,0,0,0,1,8.5,2,0,0,0,0,0,-0.681980157360311,-0.789490325002063,10.1794951312292,1.05055200036559,3.0908035503895,2.66988506839272
"CB","Xavien Howard",2555539,12.5559697778821,186,161,9,5,1,0,0,2,6,0,0,0,0,0,0,-7.07142789794723,13.9482136997236,-1.36249376236855,-0.767233322062394,7.80891106053667,13.9184635402506
"FS","Adrian Amos",2552385,12.275789168078,598,309,20,15,3,1,0,2,18,0,0,0,0,0,0,-0.768855932257571,3.13831325585123,0.805459838283208,0.132432698383969,8.96843930781713,11.4703293297948
"FS","Tashaun Gipson",2532848,12.2521015338534,392,206,13,10,0,3,0,1,8.5,0,0,0,0,0,0,6.62941961185957,-2.73248352184861,0.87215628393172,-0.355739921997744,7.83874908190851,11.3799452499217
"OLB","Myles Jack",2555329,11.9418664451251,365,309,16,16,0,0,0,1,14.5,0,0,0,0,0,0,3.09209987709634,-3.03435450878221,4.37496874572872,3.41897677991116,4.09017555117113,7.56689769939642
"CB","Chris Harris",2530510,11.8879773921161,144,135,4,3,1,0,0,2,6,0,0,0,0,0,0,-2.23911773857268,-0.107217873693487,2.03318325887057,3.37729006280963,8.82383968270204,9.8547941332455
"CB","Quinton Dunbar",2553796,11.4779645689008,83,70,14,9,4,0,1,1,7.5,0,0,0,0,0,0,2.62754217135856,5.51394915115084,-0.122879292104492,-0.00135374542162903,3.46070628391755,11.6008438610053
"CB","Prince Amukamara",2495108,11.2592133807662,203,170,15,12,1,0,2,1,12,0,0,0,0,0,0,-2.79342933675528,8.81145124751784,0.992409418376012,2.74953517299117,1.49924687863644,10.2668039623902
"CB","Jalen Ramsey",2555280,11.0652678818521,184,161,16,13,1,2,1,0,11,0,0,0,0,0,0,-1.64230776304289,7.20764960070466,1.86781501742321,1.16373379666391,2.46837723010317,9.19745286442885
"ILB","Danny Trevathan",2532961,10.9495991537965,363,323,19,13,2,1,0,2,7,0,0,0,0,0,0,2.45741555338283,1.25435861638874,-3.06319833344915,-0.248417344664139,10.5494406621382,14.0127974872456
"FS","Tyrann Mathieu",2540180,10.8137214986779,440,277,16,13,1,1,0,1,16,0,0,0,0,0,0,6.19810506060142,-1.53401814916213,1.06529092108397,-0.0445602818027888,5.12890394795748,9.74843057759398
"ILB","Jayon Brown",2558005,10.4548463659947,295,240,18,14,2,0,1,0,6.5,1,0,0,0,0,0,2.93631225452582,2.45283281282664,5.06214935696197,0.00355194168027761,0,5.39269700903274
"S","Jessie Bates",2560970,10.1828589020913,594,315,13,9,2,0,1,2,11.5,0,0,0,0,0,0,-2.28015034349342,3.08986391600601,-0.748300483735257,2.11574095954019,8.00570485377379,10.9311593858266
"ILB","Todd Davis",2550930,9.9511191279719,283,243,24,19,3,3,0,1,11,0,1,0,1,-0.00766577135427898,0,4.00634684174254,-0.70043341155533,-1.32934545039858,0.982099716115894,6.99245143206738,11.2804645783705
"CB","Stephon Gilmore",2533062,9.88821052348968,180,162,14,9,4,0,0,1,7.5,0,0,0,0,0,0,1.30436770944475,3.17144500427946,1.8157349939943,2.35872342616134,1.23793938960983,8.07247552949538
"CB","Kareem Jackson",496735,9.61873370262223,362,284,20,14,4,2,1,0,10,1,0,0,0,0,0,-0.507997347307044,9.53847489880481,3.02190262354626,-3.54440165466923,1.11075518224743,6.59683107907597
"CB","Jonathan Jones",2556571,9.45390130925886,169,160,16,11,3,0,1,1,12.5,0,0,0,0,0,0,0.185571567588824,5.53577958516169,-2.10007367202449,1.37357430659168,4.45904952194116,11.5539749812834
"FS","Mike Adams",2505708,9.38508282837943,424,216,11,9,1,1,1,2,7,0,0,0,0,0,0,1.3739873649808,-0.767073941130535,0.416246560813871,-0.348188333879576,8.71011117759487,8.96883626756556
"CB","Jourdan Lewis",2557920,9.21631038373325,77,77,8,6,0,0,1,0,5,0,0,0,0,0,0,4.61630765112818,1.08608357497555,3.43657954724827,0.0773396103812551,0,5.77973083648499
"ILB","Cory Littleton",2556593,9.17896319361727,296,260,28,24,2,1,0,2,17,0,0,0,0,0,0,3.96814343076708,-4.08643875235343,-1.68433642608597,2.02106946683782,8.96052547445177,10.8632996197032
"SS","Jamal Adams",2557979,9.06244676542921,445,314,13,9,4,2,0,0,11.5,0,0,0,0,0,0,2.17917272040787,3.67900697246425,1.83777723476854,0,1.36648983778855,7.22466953066067
"FS","Andre Hal",2543874,8.98849421358164,155,74,3,3,0,1,0,3,1,0,0,0,0,0,0,-0.987013256761182,-2.10040084304708,-0.0397025034213866,3.30675562613273,8.80885519067856,9.02819671700303
"FS","Duron Harmon",2541243,8.96362548340623,383,151,4,4,0,0,0,3,4,0,0,0,0,0,0,0.139585853325903,-0.41940240095621,-1.00783207176619,1.61686633558555,8.63440776721718,9.97145755517242
"FS","Devin McCourty",494287,8.90821460930494,501,265,19,16,1,0,0,1,13,1,0,0,0,0,0,-0.410823498299442,-3.1985234492243,3.44694480749612,5.10126413751063,3.96935261182193,5.46126980180882
"CB","Marshon Lattimore",2558061,8.90466976378179,202,189,16,16,0,1,0,2,12,1,0,0,0,0,0,0.213637620009874,-2.02069378130682,4.2500490049222,1.24852129746415,5.21315562269239,4.65462075885959
"MLB","Joe Schobert",2555166,8.81546370992786,284,204,8,5,0,1,0,1,6,0,0,0,0,0,0,2.75495894153928,1.99887497558108,-0.17823870990436,-1.37271102746109,5.61257953017295,8.99370241983222
"S","Minkah Fitzpatrick",2560725,8.67332161124449,256,199,10,8,1,0,1,0,7,0,0,0,0,0,0,2.29236114631659,2.89474930199533,0.32232713170135,3.16388403123122,0,8.35099447954314
"CB","Damarious Randall",2552389,8.57735456540334,548,232,20,18,1,2,0,3,17.5,0,0,0,0,0,0,-3.54408533804233,-1.78213489947725,0.83017542613962,-0.777186138680301,13.8505855154636,7.74717913926372
"SS","Matthias Farley",2556429,8.42534219839941,88,64,6,4,1,1,0,1,2.5,0,0,0,0,0,0,1.11895472930927,1.60429809867794,-0.0867964696761573,-0.748405091133692,6.53729093122205,8.51213866807557
"MLB","Preston Brown",2543814,8.24960150067707,134,119,8,6,0,1,1,1,5.5,0,0,0,0,0,0,1.72072306640059,0.0112305662987077,-0.239179530772913,0.026097855678263,6.73072954307242,8.48878103144998
"CB","D.J. Hayden",2539237,8.19513665829835,135,135,17,14,2,0,1,0,10.5,0,0,0,0,0,0,4.25421131599418,4.15411653284443,0.0659754262226175,-0.279166616762875,0,8.12916123207573
"CB","Tre'Davious White",2557867,8.1419757763809,185,176,14,11,0,0,1,1,4.5,0,1,0,1,-0.568811705851096,0,1.2048500224335,2.36564475376194,-1.62592241605155,1.31912513593941,4.8782782802976,9.76789819243245
"CB","Ronald Darby",2552689,7.93464433068832,149,123,13,10,2,0,0,1,7.5,0,0,0,0,0,0,-1.53033700384076,4.01414457942165,-0.571982278112834,0.338186540992359,5.6846324922279,8.50662660880115
"FS","Corey Graham",2495613,7.79684545472786,377,191,12,10,2,1,0,1,6.5,0,0,0,0,0,0,0.5653064790142,-2.92252694279848,1.2681556303149,0.315990557153177,8.56991973104406,6.52868982441296
"CB","Marcus Peters",2552488,7.32979069021973,273,232,19,16,2,0,0,2,12,0,0,0,0,0,0,1.62013670516281,-0.96413421981746,-1.95170008279702,1.76977421622924,6.85571407144216,9.28149077301675
"ILB","Zach Cunningham",2558094,7.24829127249245,274,245,20,20,0,2,0,1,15,0,0,0,0,0,0,-0.298053655170924,-1.40689300344415,-3.4193725782066,3.81112666284829,8.56148384646583,10.667663850699
"FS","Marcus Williams",2558847,7.18457574628297,569,217,8,7,0,0,0,2,8,0,0,0,0,0,0,-0.0627447019367707,-4.58030427247604,2.4972863878464,1.04495778904706,8.28538054380232,4.68728935843657
"OLB","Kiko Alonso",2539935,7.18235390513106,348,301,22,19,0,1,1,1,14,0,1,0,1,0.109273911051437,0,-0.786510095483079,-3.42656609239066,6.00150890860447,0.531033477330005,4.86288770707032,1.18084499652659
"CB","Daryl Worley",2555394,7.10663649979568,83,76,9,5,2,0,0,1,5,0,0,0,0,0,0,-0.355490811000906,1.36818157868282,0.767941058084089,0.0220976495248033,5.30390702450487,6.33869544171159
"CB","Rasul Douglas",2558168,7.07938787030328,166,124,17,15,0,1,0,1,17.5,0,0,0,0,0,0,0.301827000053892,-0.150014372475723,1.37347837511134,-0.436009988414537,5.99010685602831,5.70590949519194
"FS","D.J. Swearinger",2539943,7.06216521178797,450,291,22,17,3,2,1,3,13,0,0,0,0,0,0,-0.516298661968426,2.15946901747078,-4.26330406388071,0.273982150664727,9.4083167695016,11.3254692756687
"SS","Tony Jefferson",2540164,7.05160161990834,390,235,13,11,2,0,0,1,13,1,2,0,2,-2.1493751288859,0,1.89285212854642,-2.17477303486904,3.37132458060273,-3.03587699007315,6.99807493570138,3.68027703930561
"SS","T.J. McDonald",2539309,6.99358928966604,408,257,10,10,0,2,0,3,8,0,0,0,0,0,0,0.406838566675579,-5.63274404008731,-1.80327265545625,1.70602619080162,12.3167412277324,8.79686194512229
"DB","Ronnie Harrison",2561008,6.94135138521806,128,90,9,8,1,0,0,1,4,0,0,0,0,0,0,0.492738772972667,0.754705394905892,0.0444961943404949,0.680154024096928,4.96925699890208,6.89685519087757
"SS","Derwin James",2560760,6.89964634958657,344,247,28,24,3,1,1,0,18,0,0,0,0,0,0,3.18371024755718,3.98259419797572,-0.595219024831082,-0.111997900096775,0.440558828981532,7.49486537441766
"CB","Malcolm Butler",2550613,6.8961486864904,175,150,11,9,1,0,0,1,12.5,0,1,0,1,-1.59106238312036,0,-1.37096590783466,-0.167135034691827,0.918275665409198,3.29677181420045,4.21920214940724,5.9778730210812
"SS","Daniel Sorensen",2550257,6.86598626138683,140,78,7,4,1,0,1,0,2.5,0,0,0,0,0,0,1.17842154181724,1.98048222337427,-0.598865494783436,4.30594799097876,0,7.46485175617027
"FS","Jordan Poyer",2539290,6.79134811332926,462,235,8,7,1,0,0,3,8,0,0,0,0,0,0,-1.37202713526063,0.648632101636766,-1.98981772046705,-1.66284982474913,11.1674106921693,8.78116583379631
"CB","Brian Poole",2556445,6.77964011711632,284,267,19,15,1,1,2,1,11.5,0,0,0,0,0,0,2.37183689611089,2.79877546109299,-3.74754743194327,1.45832270447758,3.89825248737813,10.5271875490596
"OLB","Alex Anzalone",2558163,6.73053796564431,182,159,7,7,0,1,0,1,5,0,0,0,0,0,0,0.0513553460827476,0.343567929555411,-0.22339936930964,0.0148124573919448,6.54420160192385,6.95393733495395
"SS","John Johnson",2558183,6.69634113900882,461,252,19,17,1,1,0,2,19,0,0,0,0,0,0,1.53950932000154,-6.72069758805927,2.13136697820847,0.52480510802592,9.22135732083216,4.56497416080035
"ILB","Avery Williamson",2543597,6.54945269961523,390,317,24,21,1,2,0,1,18.5,0,0,0,0,0,0,0.322500429759606,0.745326827187724,-2.03572194217085,1.07986395229637,6.43748343254238,8.58517464178608
"CB","Johnathan Joseph",2495872,6.47571987621314,229,207,29,26,2,1,1,0,21,0,0,0,0,0,0,5.09623350948763,-1.81177738369186,1.99458587559257,-0.107287258506029,1.30396513333083,4.48113400062057
"FS","Will Parks",2556278,6.45994811365112,204,124,5,4,1,1,0,1,4.5,0,0,0,0,0,0,1.53058665253674,0.0482958665942363,-0.0250196989221534,0.362300162885133,4.54378513055716,6.48496781257327
"SS","Ricardo Allen",2543850,6.40370953876021,115,67,6,5,0,2,1,0,7,0,0,0,0,0,0,0.0267870928911458,4.68265057041215,0.242545943260431,0.184926218956898,1.26679971323958,6.16116359549977
"SS","Karl Joseph",2555342,6.29037251364401,185,99,3,2,0,1,0,1,1,0,0,0,0,0,0,0.617489137846499,0.201129855912578,0.235378419851215,0.116538504778694,5.11983659525502,6.05499409379279
"CB","Justin Coleman",2553637,6.25451286713624,234,232,14,10,3,1,0,0,9,1,0,0,0,0,0,0.930651645040333,3.0862400663659,0.295890366683583,0,1.94173078904642,5.95862250045265
"SS","Justin Evans",2557945,6.24672636826017,326,151,3,2,0,1,1,0,3.5,0,0,0,0,0,0,0.279528334584244,5.67499292452455,0.340842650609902,-1.33719219262377,1.28855465116524,5.90588371765026
"ILB","Josh Harvey-Clemons",2557880,6.10409576977668,93,83,8,7,0,0,0,0,6.5,0,0,0,0,0,0,-0.0671001758922954,3.08416851937555,3.08702742629343,0,0,3.01706834348325
"OLB","Kamu Grugier-Hill",2556363,6.08598908809955,96,84,6,6,0,1,0,1,4.5,0,0,0,0,0,0,0.997143109675361,-0.512499285635465,-0.272587756589265,0.577353021624751,5.29657999902417,6.35857684468882
"CB","David Amerson",2540170,5.96099581029671,68,60,8,5,1,0,1,0,5,0,0,0,0,0,0,1.08330197290258,3.53020971167911,0.370902636474102,0.976581489240919,0,5.59009317382261
"DB","Tracy Walker",2560913,5.94739877914687,176,79,3,1,1,0,1,0,1,0,0,0,0,0,0,1.40759851424604,3.76452167221665,0.823739366357908,-0.0484607736737241,0,5.12365941278897
"OLB","A.J. Klein",2539982,5.92892304761461,211,176,9,8,1,0,0,1,6.5,0,0,0,0,0,0,0.524910337170073,0.152277919037983,0.078781854655326,-0.0450500551241486,5.21800299187538,5.85014119295929
"FS","Earl Thomas",2508080,5.78469104641871,91,50,3,3,0,1,0,1,1,0,0,0,0,0,0,1.62565764174229,-1.49836617849692,0.0463724509006319,-0.560592255291818,6.17161938756453,5.73831859551808
"CB","Trae Waynes",2552448,5.78054648027234,133,112,11,7,2,0,1,0,4,0,0,0,0,0,0,0.16899612268816,6.01653215943935,-0.597835772678068,0.192853970822895,0,6.37838225295041
"SS","Malcolm Jenkins",79848,5.78006210953446,428,354,21,18,2,1,0,1,13,0,0,0,0,0,0,-0.498516690577919,2.34533548038351,-0.858103544245237,-0.0313306354033056,4.82267749937741,6.6381656537797
"ILB","B.J. Goodson",2555522,5.73440595060408,152,126,12,10,1,0,0,1,6.5,0,0,0,0,0,0,1.28057808648481,-2.03725032164126,1.30310128165959,-0.00368507563830267,5.19166197973924,4.43130466894449
"FS","Clayton Geathers",2552386,5.67557205125222,339,231,19,16,1,1,0,0,10,0,0,0,0,0,0,-1.55652977186401,3.61746900150951,2.24222500835479,0,1.37240781325193,3.43334704289743
"ILB","Reggie Ragland",2555169,5.5815088730099,181,144,6,5,0,0,1,0,2,0,0,0,0,0,0,-1.07512030090226,3.43487902702231,-0.278133468652682,3.49988361554253,0,5.85964234166258
"SS","Quandre Diggs",2552262,5.48606558220017,432,226,17,14,3,0,0,2,15,0,1,0,1,-1.015396256189,0,-1.85316487575342,-3.65996043046966,0.59340008003494,-0.234205740657694,10.639996549046,4.89266550216523
"CB","Captain Munnerlyn",80668,5.21968643989104,192,188,10,8,2,0,0,0,7.5,0,0,0,0,0,0,-1.46276340082696,1.82831165614261,4.85413818457539,0,0,0.36554825531565
"LB","Darius Leonard",2560789,5.1802166584364,353,327,36,34,2,1,0,0,20.5,0,0,0,0,0,0,1.82888118867723,4.47007964564183,-3.45010712973972,0,2.33136295385706,8.63032378817612
"SS","Chris Banjo",2541192,5.15894922938548,32,19,2,1,0,0,1,1,0,0,0,0,0,0,0,0.854114041359622,1.40389175722703,0.0254955020174537,1.39941762331251,1.47603030546887,5.13345372736803
"CB","Byron Jones",2552568,5.03558485857625,169,161,15,11,3,0,0,0,8,0,0,0,0,0,0,1.61003802652106,2.77805896633399,0.647487865721198,0,0,4.38809699285505
"SS","Jahleel Addae",2541958,4.99874959702116,535,262,8,7,0,2,0,0,5,0,0,0,0,0,0,-1.37616705312783,0.620034962540629,0.436349367546491,0,5.31853232006187,4.56240022947467
"LB","Tremaine Edmunds",2560713,4.82591154615937,322,263,23,22,0,1,0,0,13.5,1,0,0,0,0,0,1.46240732324664,-1.59449337826592,4.83433173154084,0,0.123665869637812,-0.0084201853814676
"CB","Fabian Moreau",2558136,4.82293403340803,239,226,11,8,2,0,0,1,6,0,0,0,0,0,0,1.37188860434858,1.2957829133443,-0.633443783990119,0.476860362971448,2.31184593673382,5.45637781739815
"MLB","Dont'a Hightower",2533057,4.77527547687199,178,142,13,13,0,0,0,1,8,0,0,0,0,0,0,0.814905964325366,-2.73812215247021,0.564398855792795,1.37183300142992,4.76225980779412,4.2108766210792
"SS","Blake Countess",2556374,4.77439778149872,42,21,1,0,1,0,0,1,0.5,0,0,0,0,0,0,0.360935355260804,0.568603346604348,-0.112110994630422,1.10431879204561,2.85265128221838,4.88650877612914
"FS","Antoine Bethea",2495807,4.75055312367869,421,263,23,20,2,0,0,0,18.5,0,0,0,0,0,0,-1.87698241030608,2.57515680853893,4.05237872544584,0,0,0.69817439823285
"FS","Antone Exum",2543680,4.65080699864303,273,149,4,3,1,4,0,1,3.5,0,1,0,1,-3.01631962557926,0,-0.083676709133201,-4.31436083487446,-0.651579612138553,3.35381591457115,6.34660824021809,5.30238661078158
"LB","Corey Thompson",2561107,4.64566615047635,14,13,1,1,0,0,0,0,2,1,0,0,0,0,0,0.0284241564318524,-0.125810960537438,4.74305295458194,0,0,-0.0973868041055859
"DB","J.C. Jackson",2560754,4.62556398556755,90,79,7,5,0,0,0,1,5,0,0,0,0,0,0,-0.577398801825147,2.43083997220258,-2.27674920405234,0.470430705926448,4.57844131331601,6.90231318961989
"CB","B.W. Webb",2539338,4.608732381623,222,190,15,11,0,1,1,0,9.5,1,0,0,0,0,0,-0.257946963882955,0.584072074219365,3.72376663326849,-0.00616633841447145,0.565006976432569,0.884965748354508
"ILB","Denzel Perryman",2552310,4.55507521750999,124,96,10,8,1,0,0,1,4.5,0,0,0,0,0,0,-0.503357021289747,-1.22156449962581,0.430832527673829,-0.116363467253057,5.96552767800477,4.12424268983616
"SS","Rayshawn Jenkins",2558182,4.30961179416402,47,35,4,2,0,0,0,0,2,0,0,0,0,0,0,0.71566094030101,3.41405897139239,0.17989188247062,0,0,4.1297199116934
"FS","Rodney McLeod",2534832,4.17983793389289,98,49,5,2,3,0,0,0,1,0,0,0,0,0,0,1.83071083680726,2.78987616366479,-0.440749066579164,0,0,4.62058700047205
"FS","Malik Hooker",2558060,4.17967032718823,499,209,6,5,1,1,0,2,3.5,0,0,0,0,0,0,0.965745036831614,-3.82317293481817,-0.224559680284428,-2.25558996699507,9.51724787245428,4.40423000747265
"SS","Deshazor Everett",2553710,4.12222772243379,36,20,1,1,0,0,0,1,1,0,0,0,0,0,0,-0.0871692371334827,-0.663498589094849,0.532910892045883,0.25715324956565,4.08283140705059,3.58931683038791
"SS","Micah Hyde",2539240,4.08901525217091,411,208,9,7,1,0,1,1,3,0,1,0,1,-0.919037770939116,0,1.20445007871382,-3.02093303415701,1.14077093456214,0.228413160720331,4.53631411233163,2.94824431760877
"CB","Darius Slay",2540288,3.95450778929964,198,168,18,15,1,0,1,0,10,0,2,0,2,-0.989757561895691,0,0.370355945720872,-2.89533356337457,1.28640999948099,5.19307540747235,0,2.66809778981865
"SS","Erik Harris",2555568,3.86271496237456,176,114,7,5,1,0,0,2,5,0,0,0,0,0,0,-1.31457946650861,-0.912991853022183,2.27506309203114,-3.52274767624278,7.33797086611699,1.58765187034342
"OLB","Matt Milano",2557969,3.80401058846706,225,197,12,9,0,0,1,0,5.5,0,1,0,1,-1.01470993556546,0,0.963148173073295,3.25487612887346,-0.297866524130005,-0.11614718934969,0,4.10187711259706
"ILB","Mason Foster",2495281,3.70513104081986,383,302,35,31,1,0,0,1,21,0,0,0,0,0,0,3.34542358602127,1.77130125682464,-4.80734952026565,0.204625906993829,3.19112981124577,8.51248056108551
"CB","M.J. Stewart",2560884,3.67818306354091,78,78,7,7,0,0,0,0,4.5,0,0,0,0,0,0,1.04716467567178,1.89560230656878,0.735416081300355,0,0,2.94276698224056
"SS","Adrian Phillips",2550842,3.64570660560111,355,278,15,7,5,2,1,0,8,0,0,0,0,0,0,1.10133718391432,2.55296986691809,-2.37581475665741,-0.00763344654459752,2.37484775797071,6.02152136225852
"OLB","Brennan Scarlett",2556673,3.609989176221,27,23,2,1,0,1,1,0,1.5,0,0,0,0,0,0,-0.438815588575467,4.52165341541273,0.768247547351843,-1.35358410626895,0.112487908300841,2.84174162886915
"CB","E.J. Gaines",2543823,3.5426566291152,44,41,2,1,0,0,0,1,1.5,0,0,0,0,0,0,0.0481558321510692,0.804834849956532,0.239851937487427,-0.3211260454169,2.77094005493707,3.30280469162777
"CB","Aqib Talib",1302,3.52049755331246,117,94,12,7,1,0,1,0,4,0,0,0,0,0,0,1.3096090475216,5.51553791009667,-3.74943419467637,0.444784790370557,0,7.26993174798883
"S","Doug Middleton",2556617,3.47944232827236,131,63,2,1,1,2,0,0,2,0,0,0,0,0,0,-0.517108864956937,0.161673648140311,0.636626833934342,0,3.19825071115464,2.84281549433801
"FS","Xavier Woods",2558159,3.4098009529292,495,226,18,15,3,3,0,2,9,0,0,0,0,0,0,-1.66909648957681,-2.20890485324726,-2.85139741909722,0.201632966297868,9.93756674855262,6.26119837202642
"CB","Ryan Lewis",2559208,3.39895780092657,42,38,8,6,2,0,0,0,3,0,0,0,0,0,0,0.881437231234017,3.54114178585587,-1.02362121616332,0,0,4.42257901708989
"OLB","Lorenzo Alexander",2506268,3.3395861013068,68,64,5,5,0,1,0,0,4,0,0,0,0,0,0,0.861920457178117,0.932299987042742,-0.0848413084433856,0,1.63020696552933,3.42442740975019
"ILB","C.J. Mosley",2543464,3.31941291614056,300,244,17,16,0,1,0,0,13.5,0,0,0,0,0,0,0.134879343853322,0.925582239424698,0.686633886575535,0,1.57231744628701,2.63277902956503
"OLB","Duke Riley",2557967,3.31790253195687,171,141,15,14,0,0,0,0,15,0,0,0,0,0,0,1.54528992910496,0.284177497944495,1.48843510490741,0,0,1.82946742704946
"OLB","Damien Wilson",2552686,3.31510472115008,68,66,7,5,0,0,0,0,4.5,0,0,0,0,0,0,0.998463156276094,2.20441322946319,0.112228335410793,0,0,3.20287638573928
"SS","Morgan Burnett",496727,3.29515414031102,157,119,9,7,1,1,0,0,6,0,1,0,1,-0.719958486597846,0,-1.88424493961246,2.49406488362763,0.494846845115618,0,2.19048735118023,2.8003072951954
"LB","Nate Gerry",2558175,3.24728834867391,42,39,4,3,0,0,0,0,3.5,0,0,0,0,0,0,0.0955726326134303,3.71258974519544,-0.560874029134959,0,0,3.80816237780887
"OLB","Jordan Evans",2558801,3.22218390909403,154,138,12,11,0,2,0,1,5,0,0,0,0,0,0,0.645691441479701,-0.530770786573628,-4.53561358510157,0.171111484508522,7.47176535478101,7.75779749419561
"MLB","Jaylon Smith",2555310,3.09895087890179,359,302,20,17,1,1,0,0,13,1,0,0,0,0,0,1.45386728920913,-0.468556926999337,-0.448343203902992,0,2.56198372059499,3.54729408280478
"CB","A.J. Bouye",2541162,3.06226509080823,161,146,12,11,0,2,0,0,9,0,0,0,0,0,0,1.14984775693762,1.012330265551,-0.984661136631736,0,1.88474820495135,4.04692622743997
"DB","Tre Sullivan",2559260,3.00363492482175,163,80,1,1,0,0,0,0,1,0,0,0,0,0,0,2.90897245162394,0.140985157778327,-0.0463226845805176,0,0,3.04995760940227
"CB","Javien Elliott",2556934,2.89351249926036,117,116,7,7,0,0,0,1,7,0,0,0,0,0,0,-0.167114024319595,-0.511625653836334,-1.25977215904246,0.942468243716176,3.88955609274257,4.15328465830282
"OLB","Mychal Kendricks",2532890,2.88744596943709,61,57,5,3,1,0,0,0,1,0,0,0,0,0,0,2.30208148498907,0.232653047905829,0.352711436542189,0,0,2.5347345328949
"ILB","Zach Brown",2532804,2.87299358589729,274,207,21,17,1,0,0,0,14,0,0,0,0,0,0,1.13647830450931,-0.212809461783379,1.94932474317136,0,0,0.923668842725931
"FS","Marcus Maye",2557995,2.8299986112787,193,98,4,3,1,0,0,1,1,0,0,0,0,0,0,-1.27844033884035,-0.632415087866387,-0.59283973544996,-0.588529203043818,5.92222297647921,3.42283834672866
"OLB","Matt Judon",2555505,2.82297804730815,55,47,4,2,0,0,0,0,0.5,0,0,0,0,0,0,1.06765530784285,1.64061724537983,0.114705494085472,0,0,2.70827255322268
"CB","Troy Hill",2553536,2.79898251469629,113,104,10,8,1,0,1,0,6.5,0,0,0,0,0,0,0.783379540891018,1.6992811252571,-0.72698144143219,1.04330328998036,0,3.52596395612848
"CB","Coty Sensabaugh",2532946,2.77318346648989,163,144,16,8,3,0,0,0,6.5,0,0,0,0,0,0,-1.6996613805792,5.27377505139998,-0.800930204330893,0,0,3.57411367082078
"OLB","Leonard Floyd",2555285,2.67072613385058,60,57,7,6,1,0,0,1,3,0,0,0,0,0,0,-1.00572120935221,0.109750920390574,-2.57768990570821,3.36908106823534,2.77530526028509,5.24841603955879
"CB","Grant Haley",2561001,2.63783047544356,105,97,7,4,1,0,0,0,4,0,0,0,0,0,0,1.62640266969599,0.571027915834831,0.440399889912743,0,0,2.19743058553082
"CB","Bashaud Breeland",2543571,2.59461755778837,79,68,7,6,0,0,1,0,3,0,1,0,1,-1.42137674422163,0,1.04769038076118,0.948099931197306,-0.0148311433524163,0.613658389182296,0,2.60944870114078
"S","Maurice Smith",2559058,2.55388571027852,26,15,2,1,1,0,0,0,0,0,0,0,0,0,0,-0.526739120565096,3.68546311080817,-0.604838279964552,0,0,3.15872399024307
"CB","William Jackson",2556367,2.54352230317831,190,171,7,5,0,0,0,0,3,0,0,0,0,0,0,-2.19324716228656,3.2534557417189,1.48331372374597,0,0,1.06020857943234
"FS","Ron Parker",2530794,2.51527417651129,516,249,16,14,1,1,0,1,13,0,0,0,0,0,0,-2.77816792761366,-5.12594873689825,2.34249237755179,2.52792370717415,5.54897475629726,0.172781798959499
"LB","Kyzir White",2560928,2.48308805321806,29,26,5,3,0,0,1,0,0,0,0,0,0,0,0,3.12553326600688,-0.382965469702675,-0.534931769875622,0.275452026789476,0,3.01801982309368
"FS","Marcell Harris",2561006,2.44101102929459,126,92,4,4,0,0,0,0,4.5,0,0,0,0,0,0,-0.250712113347688,0.0511792212052973,2.64054392143698,0,0,-0.199532892142391
"CB","Kyle Fuller",2543681,2.42504991552791,245,221,26,20,3,1,1,1,14.5,0,1,0,1,-1.10130585571118,0,-1.48641521042351,-1.10645230003041,0.389218598997986,0.23581254761037,4.39288627937347,2.03583131652992
"OLB","Kyler Fackrell",2555340,2.42211033861201,41,34,2,2,0,0,0,0,0,0,0,0,0,0,0,0.51552081888431,1.42966249733888,0.476927022388818,0,0,1.94518331622319
"ILB","Zaire Franklin",2561155,2.41357049947525,68,61,5,4,1,0,0,0,4,0,0,0,0,0,0,1.2221005491936,0.387231436111753,0.804238514169902,0,0,1.60933198530535
"CB","De'Vante Harris",2556833,2.41250261226897,20,19,2,2,0,1,0,0,0,0,0,0,0,0,0,0.164129092347372,-0.0987635049292221,0.206156649288307,0,2.14098037556251,2.20634596298066
"FS","Jordan Lucas",2555542,2.38903206211944,123,61,4,4,0,0,0,1,3,0,0,0,0,0,0,0.296968448831672,-0.786110445688895,-4.1346571640977,0.353951055307543,6.65888016776682,6.52368922621714
"SS","Jeff Heath",2541832,2.38528560775957,450,241,10,10,0,2,0,1,6.5,0,0,0,0,0,0,-1.28159772593812,-6.6276172539529,2.6210492100593,1.62363207793297,6.04981929965832,-0.23576360229973
"ILB","Nicholas Morrow",2559054,2.33601819542845,151,135,10,9,1,1,0,0,3.5,0,0,0,0,0,0,3.32583391640557,0.533083343369244,-2.53910196092817,0,1.01620289658181,4.87512015635662
"DB","Anthony Levine",2508004,2.3313612916523,93,83,6,5,1,1,0,0,0,0,0,0,0,0,0,1.13528694465381,0.649711337617845,-0.481029593970014,0,1.02739260335066,2.81239088562232
"CB","Quincy Wilson",2557961,2.29884172691058,122,120,15,14,0,1,0,0,7.5,0,0,0,0,0,0,2.60929034664686,-1.35550209867844,-0.841919930319738,0,1.8869734092619,3.14076165723032
"FS","Ha Ha Clinton-Dix",2543470,2.25892852801409,508,255,14,14,0,1,0,0,12.5,1,0,0,0,0,0,1.32770688736464,-3.48034350548504,2.73415563852017,0,1.67740950761432,-0.47522711050608
"SS","Rafael Bush",2507817,2.25198153250933,121,105,11,10,0,0,0,0,5.5,0,0,0,0,0,0,-0.59467802924417,1.22226114295076,1.62439841880274,0,0,0.62758311370659
"CB","Pierre Desir",2543811,2.25190922944367,171,167,6,3,3,0,0,0,6,0,0,0,0,0,0,-0.116572797209726,2.57814521893993,-0.209663192286536,0,0,2.4615724217302
"CB","Morris Claiborne",2533059,2.25120618377834,186,166,12,10,1,2,0,1,6.5,0,0,0,0,0,0,-3.174624753648,-1.44343121022359,-0.509350825998468,0.0929158737511724,7.28569709989723,2.76055700977681
"MLB","Jordan Hicks",2552315,2.17472489038173,315,261,13,10,2,2,0,0,12,0,0,0,0,0,0,3.70231069451051,-1.56374389070897,-2.8563398093234,0,2.89249789590359,5.03106469970513
"OLB","K.J. Wright",2495252,2.14701936721074,90,81,5,4,1,1,0,0,2.5,0,0,0,0,0,0,-0.0964628400880512,0.580804775423817,0.582514125619191,0,1.08016330625578,1.56450524159155
"SS","Michael Thomas",2535687,2.14439212930234,202,132,13,9,2,0,0,1,5,0,1,0,1,-1.07856092559589,0,-0.215521746358371,-2.2213103070447,0.105625227149677,1.68789721161824,2.78770174393749,2.03876690215266
"CB","Steven Nelson",2552265,2.06104320237524,227,199,16,12,3,0,0,1,9,0,0,0,0,0,0,0.432292901873231,-2.08052942973792,-0.561518920943795,1.09775392376074,3.17304472742298,2.62256212331903
"OLB","Bud Dupree",2552289,1.96667079934676,50,47,2,2,0,1,0,0,2,0,0,0,0,0,0,0.26673845520066,-0.289762990781574,1.47982119985986,0,0.509874135067809,0.486849599486895
"CB","Bradley Roby",2543505,1.95363404422094,182,163,15,12,2,0,0,0,11,0,0,0,0,0,0,0.207452925012666,3.8253844842386,-2.07920336503033,0,0,4.03283740925127
"CB","Casey Hayward",2532861,1.91939915272442,177,153,6,4,2,0,0,0,3,0,0,0,0,0,0,0.998338176473137,0.677180623145744,0.243880353105534,0,0,1.67551879961888
"CB","Michael Davis",2559164,1.90938336747919,127,114,6,4,2,0,0,0,4.5,0,0,0,0,0,0,1.67264276985047,-0.435672184473324,0.672412782102048,0,0,1.23697058537715
"MLB","Kwon Alexander",2552592,1.88529185601934,148,129,14,12,2,0,0,0,5.5,0,1,0,1,0.287436930096289,0,2.43276367251664,0.185104853282844,-0.732576669780148,0,0,2.61786852579948
"FS","Vonn Bell",2555530,1.82502420017823,340,251,18,14,1,0,0,0,11.5,0,0,0,0,0,0,2.13893513348707,-0.508379713866699,0.194468780557859,0,0,1.63055541962037
"ILB","Christian Jones",2550572,1.80758056705564,177,139,7,5,0,2,0,0,4,0,0,0,0,0,0,-0.883928540428262,2.88770801992948,-0.998101621625599,0,0.801902709180022,2.80568218868124
"OLB","Kyle Emanuel",2552296,1.78807976906342,46,39,3,2,0,0,0,0,1,0,0,0,0,0,0,-0.718597032690733,2.50478501240724,0.0018917893469092,0,0,1.78618797971651
"SS","Jarrod Wilson",2556711,1.77851811755149,88,39,2,1,0,0,0,0,1,0,0,0,0,0,0,-0.0874101723709415,1.47286102429594,0.393067265626487,0,0,1.385450851925
"OLB","T.J. Watt",2558064,1.76420421945072,55,52,7,4,2,0,0,0,1.5,0,0,0,0,0,0,0.954656079418408,0.151876279428085,0.657671860604229,0,0,1.10653235884649
"CB","Nickell Robey-Coleman",2540197,1.75580976142346,192,188,10,10,0,0,0,0,7.5,0,0,0,0,0,0,0.580187572661653,-0.942679168880418,2.11830135764222,0,0,-0.362491596218765
"CB","Neiko Thorpe",2534846,1.70499609133073,7,6,0,0,0,0,0,0,0,0,0,0,0,0,0,1.70499609133073,0,0,0,0,1.70499609133073
"ILB","Ramik Wilson",2552320,1.70246032909256,53,44,4,4,0,0,0,0,4,0,0,0,0,0,0,0.941899188902554,0.631144976256984,0.129416163933025,0,0,1.57304416515954
"CB","Vernon Hargreaves III",2555299,1.69829516559765,12,12,1,0,1,0,0,0,0,0,0,0,0,0,0,1.33154626992161,0.366748895676035,0,0,0,1.69829516559765
"OLB","Anthony Chickillo",2552266,1.69415168763413,14,13,1,0,0,1,0,0,0,0,0,0,0,0,0,-0.00521244078295785,1.19044126206303,0,0,0.508922866354054,1.69415168763413
"CB","Taron Johnson",2560766,1.68525054593109,124,123,3,3,0,0,0,0,6.5,0,0,0,0,0,0,0.430672203640407,0.383089573386734,0.871488768903947,0,0,0.813761777027141
"ILB","Anthony Walker",2558851,1.66403046262273,236,193,17,13,2,1,1,0,7,0,1,0,1,-0.196463376902387,0,0.407475649726665,0.754929359988342,0.720114804514764,-1.8276289223098,1.60913957070276,0.943915658107967
"CB","Adam Jones",2506345,1.66170183981541,28,22,6,4,1,0,0,0,2,0,0,0,0,0,0,-0.741562860722342,2.64849663259099,-0.245231932053241,0,0,1.90693377186865
"ILB","L.J. Fort",2535613,1.66056997285108,96,81,14,12,0,0,0,0,8,0,0,0,0,0,0,1.5606100866364,-0.894431206566364,0.994391092781044,0,0,0.666178880070036
"DB","Greg Stroman",2560886,1.63618950613555,118,109,11,9,1,0,1,0,7,0,0,0,0,0,0,1.63984019876859,2.92092729753424,-3.34696489009806,0.422386899930781,0,4.98315439623361
"MLB","Zach Vigil",2553687,1.62996538627342,17,12,2,2,0,0,0,0,1,0,0,0,0,0,0,1.41787774173387,-0.204750541869933,0.416838186409483,0,0,1.21312719986394
"CB","Holton Hill",2560741,1.59619728154415,57,52,1,0,1,0,0,0,2,0,0,0,0,0,0,0.814850600207728,-0.552987130015955,1.33433381135238,0,0,0.261863470191773
"LB","Nick DeLuca",2561042,1.533814534087,11,11,1,0,0,0,0,0,0,0,0,0,0,0,0,-0.131697603043338,1.66551213713034,0,0,0,1.533814534087
"ILB","Ukeme Eligwe",2558097,1.46429736667616,20,14,2,2,0,1,0,0,1,0,0,0,0,0,0,0.28450390718471,-0.367638521202224,0.058363749128843,0,1.48906823156483,1.40593361754732
"CB","Mackensie Alexander",2555177,1.40010484333324,144,137,10,7,1,0,0,0,3.5,0,0,0,0,0,0,2.17870630012353,2.01599518716656,-2.79459664395685,0,0,4.19470148729009
"ILB","Mark Barron",2532789,1.38727910182035,178,155,10,7,0,0,0,0,5,0,0,0,0,0,0,0.0538403865803599,3.54433890557823,-2.21090019033824,0,0,3.59817929215859
"CB","Tony McRae",2556817,1.38184932943282,16,16,3,2,1,0,0,0,0.5,0,0,0,0,0,0,1.30096095683427,-0.0604962517862479,0.141384624384799,0,0,1.24046470504802
"CB","Teez Tabor",2557955,1.3814497457817,68,61,6,5,0,0,0,0,4.5,0,0,0,0,0,0,0.283906457280736,0.410619006749111,0.686924281751857,0,0,0.694525464029847
"SS","Deon Bush",2555155,1.33810664700948,97,55,4,3,0,0,0,0,3,1,0,0,0,0,0,0.593673659940143,0.475171754022969,0.269261233046369,0,0,1.06884541396311
"FS","Jabrill Peppers",2557980,1.3005114741495,270,167,17,14,1,1,0,1,9,0,0,0,0,0,0,-0.152986447441711,0.942117893006196,-4.96970424218356,0.0881311076539473,5.39295316311463,6.27021571633306
"LB","Jason Cabinda",2560986,1.2849218436275,40,35,4,3,0,0,0,0,1,0,0,0,0,0,0,0.809746854601539,-0.379051766642135,0.854226755668096,0,0,0.430695087959404
"ILB","Demario Davis",2533008,1.24577315192087,302,270,21,21,0,1,0,0,15.5,0,0,0,0,0,0,1.3100432515929,0.740553359917148,-1.30932709356918,0,0.504503633980007,2.55510024549005
"S","Terrell Edmunds",2560712,1.1630469023702,484,265,14,11,1,0,0,1,9.5,0,0,0,0,0,0,-0.589576309229694,0.175684333377773,-3.12230299678993,0.775133716936331,3.92410815807572,4.28534989916013
"OLB","Preston Smith",2552276,1.15737745468471,22,21,3,2,0,0,0,0,0.5,0,0,0,0,0,0,-0.0644988719584046,0.163833561109253,1.05804276553386,0,0,0.0993346891508484
"DB","Dean Marlowe",2553562,1.14588929726684,26,10,2,1,1,0,0,0,1,0,0,0,0,0,0,-0.16959900643034,1.25892174958609,0.05656655411109,0,0,1.08932274315575
"MLB","Adarius Taylor",2550565,1.13597032827506,177,153,11,11,0,2,0,0,6.5,1,0,0,0,0,0,0.573560012075825,-1.37760150307235,-0.343573846073686,0,2.28358566534527,1.47954417434874
"SS","Justin Simmons",2555550,1.13098100415227,437,263,14,14,0,0,0,2,11,0,0,0,0,0,0,2.50959075542946,-7.48808816341264,-0.648187372782515,-0.174706740802674,6.93237252572064,1.77916837693479
"CB","Robert Alford",2539653,1.10480766480586,167,157,13,8,3,0,0,0,3,0,0,0,0,0,0,1.50008587390529,-0.35940934688223,-0.0358688622172031,0,0,1.14067652702306
"FS","George Odum",2561131,1.07862990103573,102,67,4,4,0,1,0,1,5,0,0,0,0,0,0,0.0944060406558737,-0.930708139635198,-0.0982735180969469,-0.11568840468765,2.12889392279965,1.17690341913268
"MLB","Manti Te'o",2539277,1.05043473237402,41,32,6,6,0,1,0,0,3.5,0,0,0,0,0,0,0.0392059219978789,1.21961171682994,-0.439675489965568,0,0.231292583511765,1.49011022233958
"FS","Marcus Gilchrist",2495153,1.04018989621274,363,233,13,11,1,1,0,1,11,0,0,0,0,0,0,-1.65276605187126,0.910101421577683,-3.69621363310866,0.925656608865753,4.55341155074922,4.7364035293214
"OLB","Kyle Van Noy",2543699,1.03618143635442,180,164,14,14,0,0,0,0,9.5,0,0,0,0,0,0,1.1794846342225,0.325146968714924,-0.468450166583006,0,0,1.50463160293742
"CB","Derrick Jones",2558819,1.03013077740128,10,10,2,2,0,0,0,0,3,0,0,0,0,0,0,0.794431123009133,-0.361688745254228,0.597388399646374,0,0,0.432742377754905
"LB","Riley Bullough",2558923,1.001849014293,28,21,2,2,0,1,0,0,1,0,0,0,0,0,0,-0.344427703778332,0.613940203576268,-0.336571712870644,0,1.06890822736571,1.33842072716365
"OLB","Jamie Collins",2539311,0.991721048276563,310,261,29,27,0,0,1,0,10,0,0,0,0,0,0,-0.87878906315763,1.60092077386607,0.303073459769232,-0.0334841222011093,0,0.688647588507331
"OLB","Nick Perry",2533048,0.976507993476157,11,9,1,1,0,0,0,0,0,0,0,0,0,0,0,-0.105351888607443,1.0818598820836,0,0,0,0.976507993476157
"CB","Janoris Jenkins",2532875,0.970423049470061,258,226,22,18,0,0,1,0,13.5,0,1,0,1,-0.185885481320127,0,-2.56273497639141,1.90843050761911,0.406966365815771,1.21776115242659,0,0.56345668365429
"CB","Terrance Mitchell",2543637,0.967107250985203,127,122,16,13,2,0,1,0,13,0,0,0,0,0,0,0.0862179411448225,0.149036228109491,0.736168933346231,-0.0043158516153412,0,0.230938317638972
"SS","Patrick Chung",71251,0.913934718501537,249,202,16,15,0,0,1,0,14,0,0,0,0,0,0,-1.86363028771604,0.573824647246967,2.16538877720519,0.0383515817654194,0,-1.25145405870365
"SS","Corey Moore",2553817,0.906347913156869,23,14,1,1,0,0,0,1,1,0,0,0,0,0,0,-0.549175403246873,-0.684110123419522,0.0063941253783284,-0.651817966286135,2.78505728073107,0.89995378777854
"OLB","Neville Hewitt",2553657,0.86089817223431,84,72,4,2,0,0,0,0,3.5,0,0,0,0,0,0,-1.10850530378331,2.98742666280187,-1.01802318678425,0,0,1.87892135901856
"CB","Brandon Carr",4365,0.839713884571309,202,187,11,9,0,0,0,0,9,0,1,0,1,-0.527144478634884,0,-1.0484298873037,2.81728746483744,-0.929143692962431,0,0,1.76885757753374
"DE","Justin Houston",2495493,0.824935337235607,45,42,2,1,0,0,0,0,1.5,0,0,0,0,0,0,-0.133069472232525,-0.0548875075994182,1.01289231706755,0,0,-0.187956979831943
"ILB","Bruce Carter",2495136,0.819413618552431,32,28,3,2,0,0,0,0,2,0,0,0,0,0,0,0.445097967960716,-0.103445059989519,0.477760710581234,0,0,0.341652907971197
"OLB","Nigel Bradham",2532800,0.797261281074162,381,330,21,19,1,2,0,0,10,0,0,0,0,0,0,2.80885355820942,-2.80937573059671,-0.784861692616018,0,1.58264514607747,1.58212297369018
"DB","Kevin Toliver",2560901,0.787005639954797,42,38,7,6,1,0,0,0,0,0,1,0,1,-1.46736470014575,0,-0.205049390980793,-0.36155086049066,1.35360589142625,0,0,-0.566600251471453
"ILB","Sean Lee",496937,0.769047983483967,70,57,3,3,0,1,0,0,2,0,0,0,0,0,0,0.318740622185393,0.0324859703657448,-0.536742696609322,0,0.954564087542151,1.30579068009329
"OLB","Najee Goode",2533016,0.753303216038205,27,21,1,1,0,0,0,0,0,0,0,0,0,0,0,-0.0328806877723578,0.331773403214939,0.454410500595624,0,0,0.298892715442581
"ILB","Vince Williams",2540221,0.737914829585417,183,157,13,11,1,0,0,0,5.5,0,0,0,0,0,0,-0.0879388775025334,2.10766738003301,-1.28181367294506,0,0,2.01972850253048
"ILB","Josh Bynes",2530491,0.71533865184743,218,186,19,18,1,2,0,0,11.5,0,0,0,0,0,0,1.89642752479912,-1.60806230773333,-2.05357257533379,0,2.48054601011543,2.76891122718122
"LB","Frankie Luvu",2561366,0.681261900527783,28,25,2,2,0,0,0,0,1.5,0,0,0,0,0,0,0.367642549316758,-0.027653726839358,0.341273078050383,0,0,0.3399888224774
"OLB","Whitney Mercilus",2533049,0.633580994575618,77,75,7,6,0,0,0,0,2.5,0,0,0,0,0,0,0.405654336452438,1.41643884407134,-1.18851218594816,0,0,1.82209318052378
"CB","Ryan Smith",2555552,0.573280907824925,114,103,14,11,2,0,0,0,5.5,0,0,0,0,0,0,0.460226775271195,2.18073510281608,-2.06768097026235,0,0,2.64096187808727
"OLB","Devon Kennard",2543869,0.520016676834778,40,36,3,3,0,0,0,0,2,0,0,0,0,0,0,0.115035375836074,-0.451919744537458,0.856901045536162,0,0,-0.336884368701384
"CB","Cornell Armstrong",2561147,0.516162157240443,16,15,1,1,0,0,0,0,1,0,0,0,0,0,0,0.438117286340599,0.0207782456081408,0.0572666252917031,0,0,0.45889553194874
"CB","P.J. Williams",2552484,0.512014243728995,196,191,23,17,3,0,0,0,7.5,1,3,0,3,-4.89934707911046,0,0.700598605294935,-1.30092383556936,1.11233947400342,0,0,-0.600325230274425
"OLB","Za'Darius Smith",2552279,0.511333194872768,30,27,1,1,0,1,0,0,1,0,0,0,0,0,0,-0.189532382790402,-0.522252116817517,0.436930859957888,0,0.786186834522799,0.07440233491488
"OLB","Samson Ebukam",2558830,0.509065472046649,37,35,1,0,0,0,0,0,1,0,0,0,0,0,0,0.055140204861843,0.404888955161453,0.0490363120233525,0,0,0.460029160023296
"OLB","Malcolm Smith",2499278,0.486805640521018,95,81,5,4,0,0,0,0,1,0,0,0,0,0,0,-0.647401232685948,0.105622194932526,1.02858467827444,0,0,-0.541779037753422
"OLB","Kyle Wilber",2532974,0.478244327719083,4,4,1,0,0,0,0,0,0.5,0,0,0,0,0,0,-0.0658492006333869,0.384399658726635,0.159693869625835,0,0,0.318550458093248
"MLB","Kentrell Brothers",2555168,0.443684954324661,3,3,1,0,0,0,0,0,0,0,0,0,0,0,0,0.267186338752409,0.176498615572252,0,0,0,0.443684954324661
"ILB","Haason Reddick",2557887,0.42924149436948,201,190,11,9,1,0,0,0,8.5,0,0,0,0,0,0,-1.1742712565003,3.97213593052454,-2.36862317965476,0,0,2.79786467402424
"CB","Jalen Davis",2561316,0.427153870317676,11,11,1,1,0,0,0,0,0,0,0,0,0,0,0,0.134845481129426,0.365172010497343,-0.072863621309093,0,0,0.500017491626769
"CB","Jamal Agnew",2558821,0.407065426812965,25,24,1,1,0,0,0,0,1,0,0,0,0,0,0,0.0141511669184889,-0.463007994759629,0.855922254654105,0,0,-0.44885682784114
"ILB","Bryce Hager",2552307,0.40512767300992,23,15,1,0,1,0,0,0,1,0,0,0,0,0,0,0.0393845568673255,0.448886286117539,-0.0831431699749443,0,0,0.488270842984865
"OLB","Kareem Martin",2543738,0.395627108478514,19,17,0,0,0,0,0,0,1,0,0,0,0,0,0,0,0,0.395627108478514,0,0,0
"OLB","Tyus Bowser",2558166,0.393808805100572,17,14,1,1,0,0,0,0,0,0,0,0,0,0,0,0.514927209683274,-0.121118404582702,0,0,0,0.393808805100572
"CB","Marcus Cooper",2541202,0.39006036485671,6,6,1,1,0,0,0,0,1,1,0,0,0,0,0,0.203685270727973,0.610706853215618,-0.424331759086881,0,0,0.814392123943591
"ILB","Derrick Johnson",2506353,0.388999043610606,68,57,3,3,0,0,0,0,2.5,0,0,0,0,0,0,0.859022894156941,-0.878741150945895,0.40871730039956,0,0,-0.019718256788954
"ILB","Brian Peters",2552730,0.365815391141081,22,21,2,2,0,0,0,0,1.5,0,0,0,0,0,0,0.0907766350744271,-0.0670980165246591,0.342136772591313,0,0,0.023678618549768
"CB","Dominique Rodgers-Cromartie",306,0.364678763863709,28,27,2,1,1,0,0,0,0,0,0,0,0,0,0,-0.0215416765714681,0.385513898300544,0.000706542134633302,0,0,0.363972221729076
"FS","Darian Stewart",494307,0.344182478927831,397,174,6,5,1,0,0,1,5.5,0,0,0,0,0,0,0.198823961882915,-0.60526241858081,-1.3881465040088,0.0645038377374663,2.07426360189706,1.73232898293663
"OLB","Anthony Barr",2543459,0.312695784631355,203,185,8,8,0,0,0,0,5,0,0,0,0,0,0,0.706475321308335,-1.50878245859721,1.11500292192023,0,0,-0.802307137288875
"FS","Jaquiski Tartt",2552391,0.30626812611958,160,119,8,7,0,0,0,0,6,0,0,0,0,0,0,3.1930321552404,-1.67856436358959,-1.20819966553123,0,0,1.51446779165081
"FS","J.J. Wilcox",2540219,0.299130182706922,28,20,1,1,0,0,0,0,1,0,0,0,0,0,0,0.120349908758935,0.061661835870655,0.117118438077332,0,0,0.18201174462959
"OLB","Jalen Reeves-Maybin",2557924,0.298085388634734,34,26,1,1,0,0,0,0,1,0,0,0,0,0,0,0.137572468933757,0.0291493362168349,0.131363583484142,0,0,0.166721805150592
"CB","Darryl Roberts",2553353,0.296590459113267,285,156,14,13,0,1,0,0,10.5,0,0,0,0,0,0,2.30335945361883,-2.43820580463526,-0.45342846522888,0,0.884865275358577,0.750018924342147
"OLB","Shaquil Barrett",2550541,0.285910987138367,14,13,0,0,0,0,0,0,1,0,0,0,0,0,0,0,0,0.285910987138367,0,0,0
"ILB","Daren Bates",2541539,0.275234135188578,18,12,1,1,0,0,0,0,0,0,0,0,0,0,0,0.176812999136896,-0.0916177972918341,0.190038933343516,0,0,0.0851952018450619
"LB","Rashaan Evans",2560718,0.264855088246347,137,103,4,3,1,0,0,0,1.5,0,0,0,0,0,0,-0.944474453205937,1.17213227848252,0.0371972629697641,0,0,0.227657825276583
"LB","Ja'Whaun Bentley",2561143,0.253583486535117,33,28,2,2,0,0,0,0,1.5,0,0,0,0,0,0,0.0233254495339907,0.189695430912303,0.040562606088823,0,0,0.213020880446294
"ILB","Tyler Matakevich",2555171,0.245397300181504,15,12,1,1,0,0,0,0,1,0,0,0,0,0,0,0.147136564892982,-0.0354856471385893,0.133746382427111,0,0,0.111650917754393
"OLB","Reuben Foster",2557837,0.23924990211919,119,102,9,8,0,0,0,0,3,0,0,0,0,0,0,1.35528921943175,3.07562750198179,-4.19166681929435,0,0,4.43091672141354
"DB","Dane Cruikshank",2561033,0.232924302365032,26,6,1,1,0,0,0,0,1,0,0,0,0,0,0,0.0676081365895135,0.0373057873764849,0.128010378399034,0,0,0.104913923965998
"OLB","Eric Wilson",2559012,0.21684458745319,89,78,8,8,0,0,0,0,3,0,0,0,0,0,0,2.99720547744979,-1.49425370818783,-1.28610718180877,0,0,1.50295176926196
"LB","Andre Smith",2560875,0.215959915396921,4,4,1,1,0,0,0,0,0.5,0,0,0,0,0,0,0.102330986627137,0.133513303195976,-0.0198843744261917,0,0,0.235844289823113
"FS","Jimmie Ward",2543741,0.214160258403462,148,85,4,3,0,0,0,0,3,0,0,0,0,0,0,-0.703290728213788,1.92677465404325,-1.009323667426,0,0,1.22348392582946
"CB","Cre'von LeBlanc",2556587,0.202470973798249,122,120,5,4,1,0,0,0,4.5,0,0,0,0,0,0,-0.509816837727329,0.332963818209412,0.379323993316166,0,0,-0.176853019517917
"OLB","Devante Bond",2555307,0.197674563550105,34,32,1,1,0,0,0,0,1,0,0,0,0,0,0,0.346362644897,0.113121344838067,-0.261809426184962,0,0,0.459483989735067
"OLB","James Burgess",2556489,0.195435072854867,15,15,2,1,0,0,0,0,0,0,0,0,0,0,0,-1.14133649852021,1.55012371377791,-0.213352142402833,0,0,0.4087872152577
"ILB","Will Compton",2540013,0.186970811825959,26,16,0,0,0,0,0,0,0,0,0,0,0,0,0,0.186970811825959,0,0,0,0,0.186970811825959
"DB","Marcus Allen",2560956,0.181666770506406,4,3,0,0,0,0,0,0,0.5,0,0,0,0,0,0,0,0,0.181666770506406,0,0,0
"CB","Deante Burton",2559109,0.181585953107773,16,14,1,1,0,0,0,0,1,0,0,0,0,0,0,-0.0317661548535013,-0.566884495069693,0.780236603030967,0,0,-0.598650649923194
"OLB","Brian Orakpo",71423,0.180396722368823,31,26,2,2,0,0,0,0,1.5,0,0,0,0,0,0,0.329915754698273,-1.49290725727371,1.34338822494426,0,0,-1.16299150257544
"MLB","Kevin Minter",2540159,0.177508401120518,6,5,0,0,0,0,0,0,1,0,0,0,0,0,0,0,0,0.177508401120518,0,0,0
"CB","Tavon Young",2555378,0.14295737093817,158,151,14,11,1,0,1,0,10,0,0,0,0,0,0,2.27868754509047,-0.682863856568862,-1.28936054730519,-0.163505770278248,0,1.43231791824336
"CB","Lenzy Pipkins",2558988,0.1397152491075,30,30,1,1,0,0,0,0,1,0,0,0,0,0,0,0.190054553606138,-0.00734939475407807,-0.0429899097445599,0,0,0.18270515885206
"ILB","Julian Stanford",2535867,0.123272304841869,28,22,0,0,0,0,0,0,1,0,0,0,0,0,0,-0.246602555939656,0,0.369874860781525,0,0,-0.246602555939656
"OLB","Lavonte David",2532828,0.122218157017191,301,284,33,32,0,0,0,0,22.5,0,0,0,0,0,0,3.24384883896752,-6.03718493544101,2.91555425349068,0,0,-2.79333609647349
"CB","Logan Ryan",2540162,0.117908020934861,236,210,14,12,2,0,0,0,8,0,0,0,0,0,0,-0.262837913203986,0.319037150666181,0.0617087834726664,0,0,0.056199237462195
"DB","Danny Johnson",2560764,0.104933107369059,23,21,7,6,1,1,0,0,5,0,0,0,0,0,0,-1.21233046811078,-0.603798196028187,0.677620049405896,0,1.24344172210213,-0.572686942036837
"OLB","Sharif Finch",2561328,0.092105337616759,9,8,2,2,0,0,0,0,1,0,0,0,0,0,0,0.233369080244202,0.149349732077818,-0.290613474705261,0,0,0.38271881232202
"FS","Rontez Miles",2540287,0.084336715765038,44,19,1,1,0,0,0,0,1,0,0,0,0,0,0,0.127693267830898,0.107719357405509,-0.151075909471369,0,0,0.235412625236407
"OLB","Vincent Rey",2507843,0.0726064755461882,40,38,2,1,0,0,0,0,1,0,0,0,0,0,0,-0.389935478455042,1.48022420105929,-1.01768224705806,0,0,1.09028872260425
"MLB","David Mayo",2553441,0.0679060177546111,32,30,1,1,0,0,0,0,0,0,0,0,0,0,0,0.0217746588782131,0.260707092316556,-0.214575733440158,0,0,0.282481751194769
"FS","Shalom Luani",2558274,0.0635004280495883,5,4,0,0,0,0,0,0,1,0,0,0,0,0,0,0,0,0.0635004280495883,0,0,0
"CB","Josh Shaw",2552259,0.0587526901108689,37,21,3,2,0,0,0,0,3.5,0,0,0,0,0,0,0.0858609140993549,0.607717084054877,-0.634825308043363,0,0,0.693577998154232
"CB","Patrick Robinson",2508084,0.0481796910234235,38,38,1,1,0,0,0,0,1,0,0,0,0,0,0,0.0465137509942244,0.0767520218773281,-0.075086081848129,0,0,0.123265772871552
"CB","Buster Skrine",2495343,0.048008114145995,177,173,13,11,1,1,0,0,7,0,0,0,0,0,0,0.488822117309181,0.201063903584597,-1.48143884741437,0,0.839560940666587,1.52944696156037
"FS","DeAndre Houston-Carson",2555381,0.0374584590624467,27,16,0,0,0,0,0,0,1,0,0,0,0,0,0,0,0,0.0374584590624467,0,0,0
"FS","Ibraheim Campbell",2552605,0.000226765669312873,58,31,3,3,0,0,0,0,3,0,0,0,0,0,0,0.328971416410858,-0.234469596028064,-0.0942750547134811,0,0,0.094501820382794
"CB","Mike Tyson",2558853,0,88,34,0,0,0,0,0,0,0,0,0,0,0,0,0,0,0,0,0,0,0
"FS","George Iloka",2532869,0,68,36,0,0,0,0,0,0,0,0,0,0,0,0,0,0,0,0,0,0,0
"SS","Terrence Brooks",2543712,0,42,20,0,0,0,0,0,0,0,0,0,0,0,0,0,0,0,0,0,0,0
"S","Jordan Dangerfield",2541696,0,32,9,0,0,0,0,0,0,0,0,0,0,0,0,0,0,0,0,0,0,0
"CB","Eric Rowe",2552255,0,30,29,0,0,0,0,0,0,0,0,0,0,0,0,0,0,0,0,0,0,0
"CB","Donte' Deayon",2556512,0,27,26,0,0,0,0,0,0,0,0,0,0,0,0,0,0,0,0,0,0,0
"ILB","Skai Moore",2560816,0,26,20,0,0,0,0,0,0,0,0,0,0,0,0,0,0,0,0,0,0,0
"FS","Raven Greene",2561207,0,24,18,0,0,0,0,0,0,0,0,0,0,0,0,0,0,0,0,0,0,0
"DB","Armani Watts",2560921,0,23,17,0,0,0,0,0,0,0,0,0,0,0,0,0,0,0,0,0,0,0
"OLB","Ryan Kerrigan",2495190,0,21,20,0,0,0,0,0,0,0,0,0,0,0,0,0,0,0,0,0,0,0
"FS","Kemal Ishmael",2541431,0,19,18,0,0,0,0,0,0,0,0,0,0,0,0,0,0,0,0,0,0,0
"OLB","Harold Landry",2560784,0,16,15,0,0,0,0,0,0,0,0,0,0,0,0,0,0,0,0,0,0,0
"LB","Breeland Speaks",2560881,0,16,15,0,0,0,0,0,0,0,0,0,0,0,0,0,0,0,0,0,0,0
"CB","Anthony Averett",2560963,0,16,15,0,0,0,0,0,0,0,0,0,0,0,0,0,0,0,0,0,0,0
"CB","Blidi Wreh-Wilson",2539219,0,14,13,0,0,0,0,0,0,0,0,0,0,0,0,0,0,0,0,0,0,0
"S","Kenny Ladler",2550365,0,14,5,0,0,0,0,0,0,0,0,0,0,0,0,0,0,0,0,0,0,0
"DE","Vic Beasley",2552301,0,14,13,0,0,0,0,0,0,0,0,0,0,0,0,0,0,0,0,0,0,0
"CB","Walt Aikens",2543724,0,13,8,0,0,0,0,0,0,0,0,0,0,0,0,0,0,0,0,0,0,0
"OLB","Lorenzo Carter",2561015,0,12,12,0,0,0,0,0,0,0,0,0,0,0,0,0,0,0,0,0,0,0
"CB","Tre Herndon",2561340,0,12,12,0,0,0,0,0,0,0,0,0,0,0,0,0,0,0,0,0,0,0
"FS","Keanu Neal",2555543,0,11,5,0,0,0,0,0,0,0,0,0,0,0,0,0,0,0,0,0,0,0
"LB","Joe Jones",2559200,0,11,9,0,0,0,0,0,0,0,0,0,0,0,0,0,0,0,0,0,0,0
"LB","Uchenna Nwosu",2560826,0,11,10,0,0,0,0,0,0,0,0,0,0,0,0,0,0,0,0,0,0,0
"DB","Denzel Rice",2553736,0,10,10,0,0,0,0,0,0,0,0,0,0,0,0,0,0,0,0,0,0,0
"CB","Joshua Holsey",2558858,0,10,10,0,0,0,0,0,0,0,0,0,0,0,0,0,0,0,0,0,0,0
"CB","Johnson Bademosi",2535693,0,9,9,0,0,0,0,0,0,0,0,0,0,0,0,0,0,0,0,0,0,0
"DB","Keion Crossen",2561157,0,9,9,0,0,0,0,0,0,0,0,0,0,0,0,0,0,0,0,0,0,0
"DE","Eli Harold",2552494,0,8,7,0,0,0,0,0,0,0,0,0,0,0,0,0,0,0,0,0,0,0
"OLB","Deon Lacey",2541848,0,7,6,0,0,0,0,0,0,0,0,0,0,0,0,0,0,0,0,0,0,0
"OLB","Matt Longacre",2553722,0,7,7,0,0,0,0,0,0,0,0,0,0,0,0,0,0,0,0,0,0,0
"OLB","Connor Barwin",71197,0,6,6,0,0,0,0,0,0,0,0,0,0,0,0,0,0,0,0,0,0,0
"CB","Vontae Davis",79901,0,6,5,0,0,0,0,0,0,0,0,0,0,0,0,0,0,0,0,0,0,0
"OLB","Pernell McPhee",2495201,0,6,5,0,0,0,0,0,0,0,0,0,0,0,0,0,0,0,0,0,0,0
"MLB","Korey Toomer",2534567,0,6,5,0,0,0,0,0,0,0,0,0,0,0,0,0,0,0,0,0,0,0
"CB","Deiondre' Hall",2555366,0,6,1,0,0,0,0,0,0,0,0,0,0,0,0,0,0,0,0,0,0,0
"LB","Isaiah Irving",2559287,0,6,6,0,0,0,0,0,0,0,0,0,0,0,0,0,0,0,0,0,0,0
"CB","Adonis Alexander",2561644,0,5,4,0,0,0,0,0,0,0,0,0,0,0,0,0,0,0,0,0,0,0
"DE","Olivier Vernon",2533534,0,4,4,0,0,0,0,0,0,0,0,0,0,0,0,0,0,0,0,0,0,0
"MLB","Stephone Anthony",2552321,0,4,4,0,0,0,0,0,0,0,0,0,0,0,0,0,0,0,0,0,0,0
"ILB","Ahmad Thomas",2559037,0,4,4,0,0,0,0,0,0,0,0,0,0,0,0,0,0,0,0,0,0,0
"CB","Dominique Hatfield",2559356,0,4,1,0,0,0,0,0,0,0,0,0,0,0,0,0,0,0,0,0,0,0
"LB","Micah Kiser",2560782,0,4,0,0,0,0,0,0,0,0,0,0,0,0,0,0,0,0,0,0,0,0
"DB","Siran Neal",2560818,0,4,1,0,0,0,0,0,0,0,0,0,0,0,0,0,0,0,0,0,0,0
"OLB","Albert McClellan",496814,0,3,3,0,0,0,0,0,0,0,0,0,0,0,0,0,0,0,0,0,0,0
"FS","Cody Davis",2541135,0,3,2,0,0,0,0,0,0,0,0,0,0,0,0,0,0,0,0,0,0,0
"OLB","Cameron Lynch",2553774,0,3,3,0,0,0,0,0,0,0,0,0,0,0,0,0,0,0,0,0,0,0
"CB","Maurice Canady",2555178,0,3,2,0,0,0,0,0,0,0,0,0,0,0,0,0,0,0,0,0,0,0
"LB","Shilique Calhoun",2555294,0,3,3,0,0,0,0,0,0,0,0,0,0,0,0,0,0,0,0,0,0,0
"CB","Josh Hawkins",2556550,0,3,2,0,0,0,0,0,0,0,0,0,0,0,0,0,0,0,0,0,0,0
"OLB","Tim Williams",2557841,0,3,3,0,0,0,0,0,0,0,0,0,0,0,0,0,0,0,0,0,0,0
"OLB","Ryan Anderson",2557853,0,3,3,0,0,0,0,0,0,0,0,0,0,0,0,0,0,0,0,0,0,0
"DB","Obi Melifonwu",2558189,0,3,2,0,0,0,0,0,0,0,0,0,0,0,0,0,0,0,0,0,0,0
"OLB","Chase Allen",2559043,0,3,3,0,0,0,0,0,0,0,0,0,0,0,0,0,0,0,0,0,0,0
"LB","Keishawn Bierria",2560976,0,3,2,0,0,0,0,0,0,0,0,0,0,0,0,0,0,0,0,0,0,0
"LB","Zeke Turner",2561283,0,3,3,0,0,0,0,0,0,0,0,0,0,0,0,0,0,0,0,0,0,0
"LB","Chris Board",2561301,0,3,1,0,0,0,0,0,0,0,0,0,0,0,0,0,0,0,0,0,0,0
"DB","Jeremy Reaves",2561394,0,3,1,0,0,0,0,0,0,0,0,0,0,0,0,0,0,0,0,0,0,0
"CB","Kayvon Webster",2540291,0,2,2,0,0,0,0,0,0,0,0,0,0,0,0,0,0,0,0,0,0,0
"CB","Dontae Johnson",2543739,0,2,2,0,0,0,0,0,0,0,0,0,0,0,0,0,0,0,0,0,0,0
"DB","Isaiah Johnson",2553545,0,2,2,0,0,0,0,0,0,0,0,0,0,0,0,0,0,0,0,0,0,0
"LB","Cassanova McKinzy",2556614,0,2,2,0,0,0,0,0,0,0,0,0,0,0,0,0,0,0,0,0,0,0
"LB","Tarell Basham",2558165,0,2,2,0,0,0,0,0,0,0,0,0,0,0,0,0,0,0,0,0,0,0
"CB","Brandon Facyson",2560719,0,2,2,0,0,0,0,0,0,0,0,0,0,0,0,0,0,0,0,0,0,0
"DB","Kam Moore",2560815,0,2,2,0,0,0,0,0,0,0,0,0,0,0,0,0,0,0,0,0,0,0
"LB","Shaquem Griffin",2560999,0,2,1,0,0,0,0,0,0,0,0,0,0,0,0,0,0,0,0,0,0,0
"CB","Darious Williams",2561469,0,2,1,0,0,0,0,0,0,0,0,0,0,0,0,0,0,0,0,0,0,0
"OLB","Sam Acho",2495101,0,1,1,0,0,0,0,0,0,0,0,0,0,0,0,0,0,0,0,0,0,0
"MLB","Kelvin Sheppard",2495229,0,1,1,0,0,0,0,0,0,0,0,0,0,0,0,0,0,0,0,0,0,0
"OLB","Ben Jacobs",2531080,0,1,1,0,0,0,0,0,0,0,0,0,0,0,0,0,0,0,0,0,0,0
"FS","Keith Tandy",2534741,0,1,0,0,0,0,0,0,0,0,0,0,0,0,0,0,0,0,0,0,0,0
"FS","Brynden Trawick",2541756,0,1,0,0,0,0,0,0,0,0,0,0,0,0,0,0,0,0,0,0,0,0
"OLB","Josh Martin",2541864,0,1,1,0,0,0,0,0,0,0,0,0,0,0,0,0,0,0,0,0,0,0
"OLB","Marquis Flowers",2549896,0,1,1,0,0,0,0,0,0,0,0,0,0,0,0,0,0,0,0,0,0,0
"S","Will Redmond",2555545,0,1,0,0,0,0,0,0,0,0,0,0,0,0,0,0,0,0,0,0,0,0
"DE","Eric Lee",2556588,0,1,1,0,0,0,0,0,0,0,0,0,0,0,0,0,0,0,0,0,0,0
"OLB","Blair Brown",2558241,0,1,1,0,0,0,0,0,0,0,0,0,0,0,0,0,0,0,0,0,0,0
"CB","Jeff Richards",2558303,0,1,1,0,0,0,0,0,0,0,0,0,0,0,0,0,0,0,0,0,0,0
"LB","Kylie Fitts",2560724,0,1,1,0,0,0,0,0,0,0,0,0,0,0,0,0,0,0,0,0,0,0
"LB","Jeff Holland",2560743,0,1,1,0,0,0,0,0,0,0,0,0,0,0,0,0,0,0,0,0,0,0
"LB","Malik Jefferson",2560762,0,1,1,0,0,0,0,0,0,0,0,0,0,0,0,0,0,0,0,0,0,0
"LB","Matthew Thomas",2560897,0,1,1,0,0,0,0,0,0,0,0,0,0,0,0,0,0,0,0,0,0,0
"DE","Marquis Haynes",2561009,0,1,1,0,0,0,0,0,0,0,0,0,0,0,0,0,0,0,0,0,0,0
"LB","Jack Cichy",2561022,0,1,1,0,0,0,0,0,0,0,0,0,0,0,0,0,0,0,0,0,0,0
"CB","Dee Delaney",2561041,0,1,1,0,0,0,0,0,0,0,0,0,0,0,0,0,0,0,0,0,0,0
"DB","A.J. Moore",2561538,0,1,1,0,0,0,0,0,0,0,0,0,0,0,0,0,0,0,0,0,0,0
"DB","Dallin Leavitt",2561585,0,1,1,0,0,0,0,0,0,0,0,0,0,0,0,0,0,0,0,0,0,0
"S","Brandon Wilson",2558786,-0.00757778817270705,18,16,2,2,0,0,0,0,0.5,0,0,0,0,0,0,0.528116124678551,-0.194037182540127,-0.341656730311131,0,0,0.334078942138424
"LB","Kenny Young",2560947,-0.015749037877709,93,77,5,4,0,0,0,0,1,0,0,0,0,0,0,0.402787110714573,0.602125790713728,-1.02066193930601,0,0,1.0049129014283
"ILB","Terrance Smith",2556775,-0.017751089192678,73,66,4,3,0,0,0,0,0,0,1,0,1,-0.26460223932448,0,0.12834638005249,-0.614630226376919,0.468532757131751,0,0,-0.486283846324429
"LB","Genard Avery",2560964,-0.066893515297407,60,52,2,2,0,0,0,0,0,0,0,0,0,0,0,0.266872470242215,-0.530811688955829,0.197045703416207,0,0,-0.263939218713614
"OLB","Derrick Morgan",496828,-0.07206154840309,17,16,2,2,0,0,0,0,1,0,0,0,0,0,0,0.277798667030028,-0.190627430179355,-0.159232785253763,0,0,0.087171236850673
"CB","Darius Phillips",2560839,-0.075427605319686,58,55,3,3,0,0,0,0,4,1,0,0,0,0,0,0.29566663866416,0.295358026996254,-0.6664522709801,0,0,0.591024665660414
"LB","Peter Kalambayi",2560774,-0.0911878147234221,13,13,1,1,0,0,0,0,0.5,0,0,0,0,0,0,0.101048618260438,0.0181979954453119,-0.210434428429172,0,0,0.11924661370575
"CB","Tramaine Brock",2507917,-0.106641066174707,107,92,5,4,0,0,0,0,3,0,1,0,1,0.239402730339415,0,-1.58509360132759,0.955133437064248,0.523319098088635,0,0,-0.629960164263342
"S","Rudy Ford",2558174,-0.106855961604393,33,14,1,1,0,0,0,0,0,0,0,0,0,0,0,0.149132637279826,0.0971263607014849,-0.353114959585704,0,0,0.246258997981311
"LB","Tanner Vallejo",2558289,-0.111199002814332,50,41,5,4,0,0,0,0,0.5,0,0,0,0,0,0,0.968066567218775,-1.05274900731613,-0.026516562716977,0,0,-0.084682440097355
"DB","Dymonte Thomas",2559293,-0.117556691641062,27,12,0,0,0,0,0,0,0.5,0,0,0,0,0,0,0,0,-0.117556691641062,0,0,0
"CB","Kenneth Durden",2556798,-0.131552171673312,3,3,1,1,0,0,0,0,0,0,0,0,0,0,0,0.115520237687649,-0.0149692146793301,-0.232103194681631,0,0,0.100551023008319
"OLB","Terrell Suggs",2505660,-0.145459496406905,41,35,2,2,0,0,0,0,1,0,0,0,0,0,0,0.251063554949146,0.0559635886090412,-0.452486639965092,0,0,0.307027143558187
"LB","Nicholas Grigsby",2556542,-0.14799563777997,11,10,1,1,0,0,0,0,0,0,0,0,0,0,0,0.108206423964092,0.249466904975889,-0.505668966719951,0,0,0.357673328939981
"CB","Dre Kirkpatrick",2533060,-0.153522306330948,154,139,13,9,2,0,0,0,4,0,1,0,1,-0.357047710421382,0,-1.28783452330793,0.683520716301112,0.45079150067587,0,0,-0.604313807006818
"CB","DeVante Bausby",2553790,-0.158495511908084,34,28,2,2,0,0,0,0,2,0,0,0,0,0,0,-0.184810920788503,0.392041722201108,-0.365726313320689,0,0,0.207230801412605
"MLB","Mark Nzeocha",2552684,-0.170556887568007,29,29,1,1,0,0,0,0,0.5,0,0,0,0,0,0,0.102396466212315,-0.207756130239566,-0.0651972235407556,0,0,-0.105359664027251
"CB","Tony Lippett",2552427,-0.180816367864333,8,8,2,1,1,0,0,0,1,0,0,0,0,0,0,-0.185534580196578,0.213339554713035,-0.20862134238079,0,0,0.027804974516457
"SS","Jayron Kearse",2555156,-0.220198467389179,41,36,7,7,0,0,0,0,3,0,0,0,0,0,0,0.0486677464424048,-0.619702607798001,0.350836393966417,0,0,-0.571034861355596
"DB","Su'a Cravens",2555345,-0.221537673218831,50,43,2,2,0,0,0,0,2,0,1,0,1,0.114044762585383,0,0.195237084560778,0.219010024392288,-0.635784782171897,0,0,0.414247108953066
"CB","Josh Norman",2532920,-0.239844247016822,229,202,17,14,2,0,0,1,6.5,0,0,0,0,0,0,-0.539355198903712,-4.32589020909105,-1.62864373302645,1.61687534203712,4.63716955196727,1.38879948600963
"LB","Joel Iyiegbuniwe",2560750,-0.253684062450337,10,10,1,1,0,0,0,0,1,0,0,0,0,0,0,0.134520356310003,-0.181046776586345,-0.207157642173995,0,0,-0.046526420276342
"CB","Gareon Conley",2558062,-0.26304917395686,107,102,10,10,0,0,0,2,5.5,0,0,0,0,0,0,1.98077293437898,-6.56246724441905,-8.15158034475891,3.02651938973584,9.44370609110628,7.88853117080205
"CB","Chandon Sullivan",2560887,-0.325963369816765,26,24,1,1,0,0,0,0,1,0,0,0,0,0,0,0.346231658795127,0.335080750941508,-1.0072757795534,0,0,0.681312409736635
"DB","Rashaan Gaulden",2560775,-0.335524556180055,70,41,1,1,0,1,0,0,0,0,0,0,0,0,0,0.45105213648591,0.201059035141956,-1.7207738788329,0,0.733138151024979,1.38524932265285
"CB","Dexter McDougle",2543608,-0.34904825881237,36,35,2,2,0,0,0,0,1,0,0,0,0,0,0,-0.0274361700765082,-0.0579117267878031,-0.263700361948059,0,0,-0.0853478968643113
"CB","Brandon Williams",2556371,-0.369067577596949,18,17,1,1,0,0,0,0,1,0,0,0,0,0,0,-0.275394678430742,-0.217382281709532,0.123709382543325,0,0,-0.492776960140274
"CB","Marcus Williams",2550605,-0.375707975664777,10,10,2,2,0,0,0,0,2,0,0,0,0,0,0,0.201410369370403,-1.03136510533628,0.4542467603011,0,0,-0.829954735965877
"CB","Chris Milton",2556394,-0.38453586783819,11,11,2,2,0,0,0,0,1,0,0,0,0,0,0,0.341397117800099,-0.402596969828282,-0.323336015810007,0,0,-0.061199852028183
"DE","Romeo Okwara",2556641,-0.387477596622878,20,19,2,2,0,0,0,0,1,0,0,0,0,0,0,0.332170231288409,-0.457904908063625,-0.261742919847662,0,0,-0.125734676775216
"SS","Da'Norris Searcy",2495339,-0.414035095573434,34,15,1,1,0,0,0,0,1,0,0,0,0,0,0,-0.124860213298996,-0.265640423881972,-0.0235344583924657,0,0,-0.390500637180968
"CB","Tavierre Thomas",2561278,-0.427963617762047,4,4,1,1,0,0,0,0,0,0,0,0,0,0,0,-0.0164173815664218,-0.154035613780973,-0.257510622414652,0,0,-0.170452995347395
"ILB","Wesley Woodyard",2354,-0.459306446451741,261,192,18,15,1,0,0,0,11,0,0,0,0,0,0,2.02235325194619,0.0229421661795595,-2.50460186457749,0,0,2.04529541812575
"CB","Jason McCourty",89756,-0.468423577597978,212,198,17,14,2,0,0,0,9.5,0,0,0,0,0,0,0.766062424555912,-5.23474212405959,4.0002561219057,0,0,-4.46867969950368
"CB","Patrick Peterson",2495504,-0.477893507390612,258,228,18,15,1,0,0,0,10,0,0,0,0,0,0,-0.752641162197326,0.16472775950299,0.110019895303724,0,0,-0.587913402694336
"CB","Trumaine Johnson",2532877,-0.551500009266736,160,136,12,11,0,0,0,1,9.5,0,0,0,0,0,0,0.366455960545228,-1.89156617440259,-1.21433063448664,-0.0432854864037133,2.23122632548098,0.662830625219904
"ILB","Kevin Pierre-Louis",2543563,-0.558622738475239,7,6,1,1,0,0,0,0,1,0,0,0,0,0,0,-0.193761392943528,-0.416788552057242,0.051927206525531,0,0,-0.61054994500077
"CB","Lafayette Pitts",2556652,-0.559532748134353,21,20,1,1,0,0,0,0,0,0,0,0,0,0,0,0.140983879310766,0.100586509765817,-0.801103137210936,0,0,0.241570389076583
"DB","Jordan Whitehead",2560930,-0.575907135384085,324,189,18,14,2,1,0,0,11,0,0,0,0,0,0,-1.51015977134567,-0.290554459665553,-0.321037229569482,0,1.54584432519662,-0.254869905814603
"CB","Leon Hall",2495617,-0.593699798714075,95,93,2,2,0,0,0,0,1.5,0,0,0,0,0,0,0.454892505936169,-0.622410224749887,-0.426182079900357,0,0,-0.167517718813718
"OLB","Craig Robertson",2532431,-0.60878417304298,28,28,1,1,0,0,0,0,0.5,0,0,0,0,0,0,-0.157478830102901,-0.537936561772162,0.0866312188320831,0,0,-0.695415391875063
"SS","Josh Jones",2558119,-0.635300698646434,203,139,12,10,2,0,0,0,10.5,0,0,0,0,0,0,0.854777783890474,-1.81877547381758,0.328696991280672,0,0,-0.963997689927106
"OLB","Shaq Thompson",2552447,-0.666990600566722,169,153,15,15,0,1,0,0,14,0,0,0,0,0,0,2.90713001055423,-4.32406321630168,0.121145913419792,0,0.628796691760936,-0.788136513986514
"SS","Nat Berhe",2543643,-0.686637745744469,13,13,1,1,0,0,0,0,1,0,0,0,0,0,0,-0.0177814875877585,-0.266490830562742,-0.402365427593969,0,0,-0.2842723181505
"CB","Leonard Johnson",2532878,-0.700554983036966,25,25,2,2,0,0,0,0,3,0,0,0,0,0,0,0.349557354795086,0.151442737877368,-1.20155507570942,0,0,0.501000092672454
"OLB","Emmanuel Lamur",2536032,-0.722638648127892,24,19,1,1,0,0,0,0,0,0,0,0,0,0,0,-0.0939244052927288,-0.230113254227527,-0.398600988607636,0,0,-0.324037659520256
"CB","Richard Sherman",2495507,-0.740835267952294,176,160,9,8,0,0,0,0,7,0,0,0,0,0,0,-1.09819129146678,-0.613627008852809,0.970983032367295,0,0,-1.71181830031959
"MLB","Mike Hull",2552317,-0.745435378491354,9,9,1,1,0,0,0,0,1,0,0,0,0,0,0,-0.169929060200001,-0.199815009142524,-0.375691309148829,0,0,-0.369744069342525
"CB","Sherrick McManis",494289,-0.76487712862746,72,70,6,6,0,0,0,1,6,0,0,0,0,0,0,-0.439233398846929,-1.45198131484152,-0.773765164191823,-0.122765633797569,2.02286838305038,0.00888803556436246
"DB","Tyvis Powell",2556655,-0.795008977962947,35,26,1,1,0,0,0,0,2,0,0,0,0,0,0,0.169959328442196,0.132957322714957,-1.0979256291201,0,0,0.302916651157153
"LB","Shaun Dion Hamilton",2561003,-0.843146005949798,32,24,1,1,0,0,0,0,0,0,0,0,0,0,0,0.258498979641576,-1.00990810458222,-0.0917368810091539,0,0,-0.751409124940644
"DB","Justin Hardee",2559181,-0.872868719108444,18,15,3,3,0,0,0,0,2,0,0,0,0,0,0,0.125024749568087,0.433947173833869,-1.4318406425104,0,0,0.558971923401956
"CB","Nate Hairston",2558108,-0.872993128513007,91,90,4,3,0,0,0,0,2.5,0,0,0,0,0,0,1.44665750515991,-0.650900120942577,-1.66875051273034,0,0,0.795757384217333
"DB","D.J. Reed",2560850,-0.900212013917119,142,81,2,2,0,0,0,0,1.5,0,1,0,1,0.0217136919276941,0,0.72940893876991,0.497560773061591,-2.12718172574862,0,0,1.2269697118315
"LB","Reggie Gilbert",2556537,-0.903624044610378,20,18,2,2,0,0,0,0,2,0,0,0,0,0,0,-0.294206268199627,-0.184150734640092,-0.425267041770659,0,0,-0.478357002839719
"CB","Avonte Maddox",2560795,-0.917630070998748,252,148,8,8,0,0,0,1,6,1,0,0,0,0,0,-1.43376689806185,-3.30396701709269,0.500013787878816,0.0874591296868656,3.23263092659011,-1.41764385887756
"LB","Ben Niemann",2561383,-0.918543683990838,18,16,1,1,0,0,0,0,0,0,0,0,0,0,0,0.0918077787091699,-0.427426615666475,-0.582924847033533,0,0,-0.335618836957305
"CB","LeShaun Sims",2555551,-0.942708864891576,54,45,2,2,0,0,0,0,3,0,0,0,0,0,0,-0.803003925957438,-0.418225618213654,0.278520679279516,0,0,-1.22122954417109
"CB","Parry Nickerson",2560822,-0.957555095779219,75,73,2,2,0,0,0,0,2.5,0,0,0,0,0,0,0.0206167654526876,0.078435774405873,-1.05660763563778,0,0,0.0990525398585607
"CB","Artie Burns",2555344,-0.96371912668608,64,61,6,5,1,0,0,0,4,0,1,0,1,-1.5546537494855,0,0.176540182818583,-0.862449170283593,-0.27781013922107,0,0,-0.68590898746501
"OLB","Vontaze Burfict",2533058,-0.966916498703489,104,95,11,10,1,1,0,0,4,0,0,0,0,0,0,1.00647321731468,-1.49643830825592,-1.06715416430496,0,0.590202756542711,0.100237665601471
"SS","Andrew Sendejo",2525323,-0.972237232568776,134,70,3,3,0,0,0,0,3,0,0,0,0,0,0,-0.242652739018935,-0.553320482744594,-0.176264010805247,0,0,-0.795973221763529
"CB","Aaron Colvin",2543501,-1.04132407857815,100,99,5,3,0,0,0,0,0.5,0,0,0,0,0,0,-1.5049750930792,-0.573101407403498,1.03675242190455,0,0,-2.0780765004827
"SS","Shamarko Thomas",2539937,-1.0444993918206,14,6,1,1,0,0,0,0,0,0,0,0,0,0,0,1.01326692113801,-2.05776631295861,0,0,0,-1.0444993918206
"OLB","Clay Matthews",80431,-1.0728274519417,32,29,2,2,0,0,0,0,1.5,0,0,0,0,0,0,0.215223580865036,-0.481222472786565,-0.806828560020167,0,0,-0.265998891921529
"LB","Leon Jacobs",2560758,-1.0741727134881,16,13,1,1,0,0,0,0,0,0,0,0,0,0,0,0.411580219184327,-1.48575293267243,0,0,0,-1.0741727134881
"MLB","Marquel Lee",2557972,-1.10197302837843,125,105,7,6,1,0,0,0,3.5,0,0,0,0,0,0,-0.109562960358718,-3.04604974822472,2.05363968020501,0,0,-3.15561270858344
"CB","Anthony Brown",2555531,-1.12675007903593,204,201,14,11,2,0,1,0,5,0,0,0,0,0,0,2.73996844101736,-1.4917256104419,-2.39694019758179,0.0219472879704039,0,1.27019011854586
"CB","Jalen Mills",2555383,-1.12743239695663,145,117,9,7,2,1,0,0,8,0,0,0,0,0,0,-0.579972662747138,-0.192941112225895,-0.590368432736032,0,0.235849810752436,-0.537063964220597
"CB","Rashard Robinson",2555546,-1.15102728908862,19,15,3,3,0,0,0,0,2,0,0,0,0,0,0,-0.71571746862458,-0.501773429042218,0.0664636085781814,0,0,-1.2174908976668
"CB","K'Waun Williams",2550654,-1.15680696021237,172,170,9,9,0,0,0,0,10.5,0,1,0,1,-2.80127766692893,0,0.284820239243341,-4.60372117369703,3.16209397424132,0,0,-4.31890093445369
"ILB","Nick Kwiatkoski",2555288,-1.20568911295831,41,34,3,3,0,0,0,0,2,0,0,0,0,0,0,0.166522765223368,-0.372389773669855,-0.999822104511823,0,0,-0.205867008446487
"ILB","Matthew Adams",2561149,-1.20953060550887,33,29,3,3,0,0,0,0,1,0,0,0,0,0,0,-0.112684570184923,-0.6373729165943,-0.459473118729645,0,0,-0.750057486779223
"SS","Derrick Kindred",2555540,-1.21924408181357,156,106,7,7,0,0,0,0,4,0,0,0,0,0,0,0.74826073569451,-2.33759541297358,0.370090595465504,0,0,-1.58933467727907
"CB","Cyrus Jones",2555380,-1.22146530149225,8,7,1,1,0,0,0,0,0,0,0,0,0,0,0,-0.250863628808003,-0.632727106729182,-0.337874565955067,0,0,-0.883590735537185
"SS","Sharrod Neasman",2556443,-1.25248274222676,191,133,11,9,1,1,0,0,7,0,0,0,0,0,0,-0.620668181532149,-1.44907765035757,-0.00957031874855986,0,0.826833408411524,-1.2429124234782
"OLB","Josh Keyes",2553719,-1.25716117862774,12,12,1,1,0,0,0,0,0,0,0,0,0,0,0,-0.594419662511233,-0.644022673177602,-0.0187188429389005,0,0,-1.23844233568883
"ILB","Antonio Morrison",2555160,-1.27193822154322,75,62,5,5,0,0,0,0,1.5,0,0,0,0,0,0,0.412405982556034,-1.20307639484832,-0.481267809250937,0,0,-0.790670412292286
"SS","Jordan Richards",2552392,-1.34029062725828,183,124,8,7,0,0,0,0,7,0,0,0,0,0,0,-1.56971354376851,0.738515976851202,-0.509093060340969,0,0,-0.831197566917308
"ILB","Jon Bostic",2539978,-1.35099480900124,137,114,10,8,1,0,0,0,5,0,0,0,0,0,0,1.80950286575482,-2.448019391677,-0.712478283079062,0,0,-0.63851652592218
"SS","Eric Reid",2540152,-1.35725064864801,351,181,14,10,4,0,0,1,9,0,0,0,0,0,0,-1.99832178153314,-4.54898430275362,-0.343806817766496,1.26962528963247,4.26423696377278,-1.01344383088151
"ILB","Brandon Marshall",2532898,-1.36430999766901,136,112,6,6,0,0,0,0,4,0,0,0,0,0,0,0.0732112361743303,-0.825588816565377,-0.611932417277964,0,0,-0.752377580391047
"CB","Phillip Gaines",2543851,-1.39500796358672,74,72,6,5,1,0,0,0,4,0,0,0,0,0,0,-1.51856720052969,0.556232183613854,-0.432672946670882,0,0,-0.962335016915836
"OLB","De'Vondre Campbell",2555255,-1.41585281079823,284,232,22,21,0,0,0,0,13.5,0,0,0,0,0,0,2.02300987737466,-1.3761485628116,-2.06271412536129,0,0,0.64686131456306
"CB","Eli Apple",2555277,-1.43238297537138,215,189,27,24,2,0,0,1,18.5,0,0,0,0,0,0,-2.00416557359704,-5.00763715566491,-0.801446585056383,1.31733171207787,5.06353462686908,-0.630936390315
"CB","Akeem King",2553456,-1.44760364172946,38,36,3,3,0,0,0,0,3,0,0,0,0,0,0,1.12072372809467,-2.37677963806324,-0.191547731760886,0,0,-1.25605590996857
"CB","Arthur Maulet",2559087,-1.45295267328865,24,23,2,2,0,0,0,0,1.5,0,0,0,0,0,0,-0.0973045221264123,-0.0328612997995563,-1.32278685136268,0,0,-0.130165821925969
"LB","Dorian O'Daniel",2560827,-1.4619532228562,132,112,9,8,0,0,0,0,6,0,0,0,0,0,0,1.61817219899051,-1.07051766708686,-2.00960775475985,0,0,0.54765453190365
"FS","Tedric Thompson",2557881,-1.54583413933551,392,157,12,8,2,0,0,1,7,0,0,0,0,0,0,-0.36326936435778,-2.53248291506965,-1.31226566465063,-1.3932194385797,4.05540324332225,-0.233568474684879
"LB","Duke Ejiofor",2560714,-1.54954074811369,7,5,1,1,0,0,0,0,0.5,0,0,0,0,0,0,0.116140300038189,-1.41063800507596,-0.255043043075918,0,0,-1.29449770503777
"SS","Eric Berry",496723,-1.55413705323119,37,16,2,2,0,0,0,0,2,0,0,0,0,0,0,-1.17269195989535,-0.661943863713838,0.280498770377998,0,0,-1.83463582360919
"CB","Marcus Sherels",2508007,-1.56214712066564,5,5,1,1,0,0,0,0,0,0,0,0,0,0,0,-0.301538359265918,0.0573253342133979,-1.31793409561312,0,0,-0.24421302505252
"OLB","Barkevious Mingo",2540140,-1.5654729041839,115,110,3,3,0,0,0,0,3,0,0,0,0,0,0,0.503145720726858,-0.852569017436339,-1.21604960747442,0,0,-0.349423296709481
"CB","Joe Haden",496733,-1.59592438756142,202,188,12,11,0,1,1,0,7.5,0,0,0,0,0,0,-0.889661189891955,-1.29873029799041,-1.81524408471353,-0.0162148659072243,2.4239260509417,0.219319697152111
"SS","Barry Church",494259,-1.5975482369321,301,168,12,10,1,0,0,1,4,0,0,0,0,0,0,1.12981441067513,-3.19400445882788,-2.57859531127424,0.0327684336239122,3.01246868887098,0.981047074342142
"CB","Cordrea Tankersley",2557931,-1.60866312657568,7,7,2,2,0,0,0,0,1,0,0,0,0,0,0,0.424438218615255,-1.53382734879647,-0.499273996394463,0,0,-1.10938913018121
"MLB","Hayes Pullard",2552313,-1.67838595258241,30,23,3,3,0,0,0,0,3,0,0,0,0,0,0,0.221930948227682,-1.82220939599929,-0.0781075048108057,0,0,-1.60027844777161
"CB","Cameron Sutton",2558849,-1.69281955751254,58,54,5,4,0,0,0,0,2,0,0,0,0,0,0,-1.63655686742251,-3.23518064831674,3.17891795822671,0,0,-4.87173751573925
"FS","Lamarcus Joyner",2543492,-1.70285984076483,488,245,10,8,1,0,0,1,6,0,0,0,0,0,0,-1.32795570246515,-1.2891963207404,-0.624946810876364,-0.487742907068627,2.02698190038571,-1.07791302988847
"CB","Trevor Williams",2556828,-1.71722815401307,81,66,8,8,0,0,0,0,4.5,0,0,0,0,0,0,-0.05828100646454,-1.55166273357753,-0.107284413971005,0,0,-1.60994374004207
"OLB","Thomas Davis",2506352,-1.74054730732519,179,164,12,10,1,0,0,0,5.5,0,0,0,0,0,0,0.359971635973969,-2.73515767613274,0.634638732833585,0,0,-2.37518604015877
"CB","Briean Boddy-Calhoun",2556475,-1.75361546810462,240,182,13,10,1,0,0,0,7.5,0,0,0,0,0,0,2.67433566154077,-2.98616531387686,-1.44178581576853,0,0,-0.31182965233609
"FS","Kendrick Lewis",494277,-1.75501993059671,143,73,2,2,0,1,0,0,1,0,0,0,0,0,0,-1.18295026565313,-2.88900604245966,1.95840239689853,0,0.358533980617546,-3.71342232749524
"OLB","Ray-Ray Armstrong",2541792,-1.84738334427121,92,73,5,5,0,0,0,0,1,0,0,0,0,0,0,-0.0331548843420663,-1.20855020721872,-0.605678252710426,0,0,-1.24170509156079
"OLB","Jatavis Brown",2556148,-1.89173372507212,256,225,15,12,3,0,0,0,16,0,0,0,0,0,0,0.0258590628682935,-0.955055626673362,-0.962537161267049,0,0,-0.929196563805068
"FS","Tre Boston",2543830,-1.89207910023948,441,239,16,8,5,0,0,0,5,0,0,0,0,0,0,-0.504041976055587,0.268602431416501,-1.65663955560039,0,0,-0.235439544639086
"LB","Oren Burks",2560984,-1.94090113240081,35,27,1,1,0,0,0,0,2,0,0,0,0,0,0,-0.492277180973994,-0.247680636573419,-1.2009433148534,0,0,-0.739957817547413
"ILB","Gerald Hodges",2539293,-1.94592781887313,113,98,6,6,0,0,0,0,3,0,0,0,0,0,0,0.30490103988338,-1.29241991519841,-0.9584089435581,0,0,-0.98751887531503
"CB","Donte Jackson",2560753,-1.94695852069736,229,207,22,20,2,1,0,1,21.5,0,3,0,3,-5.22563518716082,0,1.33117304208255,-8.1796062334743,1.37360966571579,-0.122486331761369,3.65035133673997,-3.32056818641315
"FS","Adrian Colbert",2558857,-1.96604900496952,154,72,2,2,0,1,0,0,2,0,0,0,0,0,0,0.266072073943336,-2.81195403772681,-0.201835341764008,0,0.781668300577967,-1.76421366320551
"OLB","Ben Gedeon",2558033,-1.9787085412501,63,57,7,5,1,0,0,0,2,0,0,0,0,0,0,-0.975921084603028,-1.61885984313435,0.616072386487275,0,0,-2.59478092773738
"MLB","Elandon Roberts",2556119,-2.00946249856855,135,103,9,9,0,1,0,0,6,0,0,0,0,0,0,1.59869305023659,-3.43778881008403,-1.80296894405583,0,1.63260220533472,-0.20649355451272
"SS","Lano Hill",2558077,-2.0733538677808,145,84,4,4,0,0,0,0,0,0,0,0,0,0,0,1.36319316239234,-4.01569638516247,0.579149354989335,0,0,-2.65250322277013
"OLB","Jordan Jenkins",2555256,-2.09538137748396,35,34,4,4,0,0,0,0,1,0,0,0,0,0,0,0.60516014091477,-0.749863561221103,-1.95067795717763,0,0,-0.144703420306333
"CB","Orlando Scandrick",2307,-2.12493109996002,194,174,12,11,1,1,0,0,8,0,0,0,0,0,0,-1.99631493556239,-2.52177689915662,-0.182796792476004,0,2.57595752723499,-1.94213430748402
"LB","Austin Calitro",2558925,-2.15810603895742,95,78,7,7,0,0,0,0,0.5,0,0,0,0,0,0,-0.674916722921443,-1.91318943763786,0.430000121601879,0,0,-2.5881061605593
"CB","T.J. Carrie",2550164,-2.17936157506242,230,218,20,18,2,0,0,1,13.5,0,0,0,0,0,0,-1.44219221519245,-1.93099428544614,-1.39091051760006,-0.0459436531462427,2.63067909632247,-0.788451057462361
"SS","Kenny Vaccaro",2539320,-2.22129878999641,348,173,13,12,1,1,0,0,7,0,0,0,0,0,0,1.40580236121613,-5.22376926509352,0.713506295731717,0,0.883161818149262,-2.93480508572813
"FS","Montae Nicholson",2558133,-2.22137911800544,270,147,2,1,1,0,0,0,1,0,1,0,1,-2.19459901880378,0,0.224964483395492,-1.17024341540124,-1.27610018599969,0,0,-0.945278932005748
"ILB","Nate Stupar",2533459,-2.23060769165111,22,17,3,3,0,0,0,0,1,0,0,0,0,0,0,0.0532405028449285,0.0595396163660945,-2.34338781086213,0,0,0.112780119211023
"SS","Landon Collins",2552454,-2.23246696044782,315,228,11,10,1,0,0,0,12,0,1,0,1,-0.537741432035528,0,0.914577226415071,-3.57073016926785,0.423685982404959,0,0,-2.65615294285278
"ILB","Joe Thomas",2550262,-2.23294050396003,22,17,2,2,0,0,0,0,2,0,0,0,0,0,0,0.364759370596008,-0.871186922050015,-1.72651295250602,0,0,-0.506427551454007
"CB","Charvarius Ward",2561417,-2.29228711020684,19,16,6,6,0,0,0,0,5,0,0,0,0,0,0,-0.73877374650698,-0.949265976738117,-0.604247386961745,0,0,-1.6880397232451
"OLB","Ramon Humber",2507644,-2.3036062266554,23,15,1,1,0,0,0,0,0,0,0,0,0,0,0,0.134656991039975,-1.08017384613539,-1.35808937155999,0,0,-0.945516855095415
"SS","Sean Davis",2555386,-2.32058682638974,562,253,14,10,3,3,0,0,6,0,0,0,0,0,0,3.91964963746023,-4.77879539322546,-3.12335917772303,0,1.66191810709852,0.802772351333291
"CB","Josh Robinson",2533542,-2.34446606813149,10,10,0,0,0,0,0,0,0,0,0,0,0,0,0,-2.34446606813149,0,0,0,0,-2.34446606813149
"CB","Levi Wallace",2560914,-2.40333071276882,77,68,3,3,0,0,0,0,3,0,0,0,0,0,0,-0.22824597917619,-2.48675141468422,0.311666681091586,0,0,-2.71499739386041
"CB","Rashaan Melvin",2541200,-2.40923790972453,109,98,13,12,0,0,0,0,12.5,0,0,0,0,0,0,0.66528934649385,-2.59430318703827,-0.480224069180112,0,0,-1.92901384054442
"CB","Kevin King",2557996,-2.45112927406238,78,64,5,4,0,0,0,0,3,0,0,0,0,0,0,-1.62935950584311,-1.37851115643015,0.556741388210881,0,0,-3.00787066227326
"DB","Isaac Yiadom",2560946,-2.47288548642167,50,42,4,4,0,0,0,0,3,0,1,0,1,-0.184871580404824,0,-1.39101643251753,-0.643858659643207,-0.438010394260928,0,0,-2.03487509216074
"SS","Tavon Wilson",2534830,-2.51410290037933,100,88,6,4,0,0,0,0,5,0,0,0,0,0,0,-0.636409444774562,-2.00052242329753,0.122828967692766,0,0,-2.63693186807209
"WR","Tremon Smith",2561103,-2.52869285686066,12,12,1,1,0,0,0,0,0,0,0,0,0,0,0,0.238018753053866,-0.312032016315029,-2.4546795935995,0,0,-0.074013263261163
"CB","Mike Hughes",2560746,-2.58278110133509,55,53,4,4,0,0,0,0,4.5,1,0,0,0,0,0,0.515597240591252,-4.06027251278315,0.961894170856807,0,0,-3.5446752721919
"ILB","Patrick Onwuasor",2556642,-2.60227519604901,120,93,6,6,0,1,0,0,6,0,0,0,0,0,0,-0.0203696129504368,-0.910572556927837,-2.16771282902185,0,0.496379802851118,-0.434562367027156
"ILB","Benardrick McKinney",2552490,-2.64872696549653,321,255,17,15,2,2,0,0,8,0,0,0,0,0,0,-0.544468075606107,-3.83790897557358,0.851925566305027,0,0.881724519378133,-3.50065253180155
"LB","Elijah Lee",2558121,-2.66179982209606,166,144,13,12,0,1,0,0,9.5,0,0,0,0,0,0,0.413647842469946,-0.662575444396528,-3.127487847647,0,0.714615627477518,0.465688025550936
"CB","Shareece Wright",2495251,-2.70429415598807,133,126,10,8,1,0,0,0,7,0,0,0,0,0,0,-1.65275203919298,1.94344151313994,-2.99498362993503,0,0,0.29068947394696
"ILB","Deone Bucannon",2543769,-2.72568108320458,87,80,5,5,0,0,0,0,3,1,0,0,0,0,0,1.41031728690915,-2.23709563658368,-1.89890273353005,0,0,-0.82677834967453
"ILB","Kamalei Correa",2555339,-2.83248487166087,22,21,4,4,0,0,0,0,1,0,0,0,0,0,0,0.786129937579489,-0.574421087959225,-3.04419372128113,0,0,0.211708849620264
"CB","Jimmy Smith",2508107,-2.84552092228357,138,126,8,7,0,0,0,1,6,0,1,0,1,-2.76040159836143,0,-0.628949514864188,-3.66769808859125,-0.697286499196516,-0.11254486057684,2.26095804094522,-2.14823442308706
"CB","Tyler Patmon",2550659,-2.87227899357484,57,57,4,4,0,0,0,0,2,0,0,0,0,0,0,-1.31164006987695,-3.67818017380246,2.11754125010457,0,0,-4.98982024367941
"MLB","Jarrad Davis",2557855,-2.90456530450442,333,262,19,17,2,2,0,0,15.5,0,0,0,0,0,0,2.09175837236003,-0.74886069654205,-5.72849161389071,0,1.48102863356831,2.82392630938629
"CB","Tre Flowers",2560728,-2.9077502633277,205,179,21,20,1,0,0,0,11.5,0,0,0,0,0,0,-1.66044540141407,-1.85403634094364,0.60673147903001,0,0,-3.51448174235771
"CB","Nick Nelson",2560819,-3.09378439560776,69,67,4,3,0,0,0,0,0,0,0,0,0,0,0,-0.458618804473645,-2.43540981527343,-0.199755775860682,0,0,-2.89402861974708
"CB","KeiVarae Russell",2555547,-3.11587353762644,39,36,3,3,0,0,0,0,2,0,0,0,0,0,0,0.61964747345314,-0.991425175986685,-2.7440958350929,0,0,-0.371777702533545
"FS","Clayton Fejedelem",2555355,-3.20093250903008,95,61,2,2,0,0,0,0,1.5,0,0,0,0,0,0,-2.19174088712336,-0.488662126625604,-0.520529495281119,0,0,-2.68040301374896
"CB","Adoree' Jackson",2558065,-3.30605162275853,233,205,28,23,3,1,0,0,19,0,0,0,0,0,0,4.73622724368635,-7.80737770485157,-2.07156897832263,0,1.83666781672932,-1.2344826444359
"FS","Eric Murray",2555173,-3.323938396252,345,160,10,8,1,0,0,0,7,0,0,0,0,0,0,-4.05124256755193,1.40603923374687,-0.678735062446944,0,0,-2.64520333380506
"FS","Jermaine Whitehead",2552697,-3.46756258748686,78,58,5,4,1,0,0,0,1,0,0,0,0,0,0,0.00467257105219565,-1.52189188213186,-1.9503432764072,0,0,-1.51721931107966
"OLB","Von Miller",2495202,-3.50733103467577,14,14,2,2,0,0,0,0,0,0,0,0,0,0,0,-0.632584511737536,-0.26121334493223,-2.613533178006,0,0,-0.893797856669766
"CB","Bene' Benwikere",2543855,-3.52023713819009,128,109,14,13,1,0,0,0,7.5,1,0,0,0,0,0,0.563372567270457,-1.48502094109209,-2.59858876436846,0,0,-0.921648373821633
"MLB","Hardy Nickerson",2558982,-3.59544810772226,180,153,12,12,0,0,0,0,5.5,0,0,0,0,0,0,-1.533700794284,-3.71794296365783,1.65619565021957,0,0,-5.25164375794183
"OLB","Christian Kirksey",2543720,-3.59983795942991,142,127,8,7,1,1,0,0,4.5,0,1,0,1,0.340774686182189,0,0.458476965760875,1.08512872024347,-7.68655874636577,0,2.54311510093151,4.08672078693585
"SS","Kurt Coleman",494261,-3.62591813203317,148,91,5,5,0,0,0,0,2.5,0,0,0,0,0,0,1.11571045754999,-3.05773021809813,-1.68389837148503,0,0,-1.94201976054814
"CB","Darqueze Dennard",2543474,-3.67007286221409,172,167,24,23,1,0,0,0,16.5,0,0,0,0,0,0,1.03814302592707,-4.094479534752,-0.613736353389163,0,0,-3.05633650882493
"MLB","Eric Kendricks",2552312,-3.70334504406082,261,227,17,13,2,0,0,0,5.5,0,0,0,0,0,0,-0.332914731193242,-0.740720395481609,-2.62970991738597,0,0,-1.07363512667485
"CB","Greg Mabin",2558971,-3.77190436338832,30,25,4,4,0,0,0,0,2,1,0,0,0,0,0,-1.21044797103018,-2.02778878573609,-0.533667606622047,0,0,-3.23823675676627
"CB","Xavier Rhodes",2540155,-3.80344735622633,111,108,14,14,0,0,0,0,12.5,0,0,0,0,0,0,-2.43352127613276,0.935690217347068,-2.30561629744064,0,0,-1.49783105878569
"CB","Mike Hilton",2556559,-3.85286681998566,175,158,15,14,1,0,0,1,14,0,0,0,0,0,0,-3.03861262066686,-4.40929137637279,0.360873886303433,-0.186675133902327,3.42083842465288,-4.2137407062891
"SS","Kavon Frazier",2555536,-3.86824812524157,83,49,7,5,1,0,0,0,2,0,0,0,0,0,0,0.257056378990401,-0.595191722973143,-3.53011278125883,0,0,-0.338135343982742
"CB","Carlton Davis",2561039,-3.86863946386378,128,118,12,10,0,0,0,0,3,0,0,0,0,0,0,-2.90600647808329,-0.946737823616217,-0.0158951621642769,0,0,-3.85274430169951
"LB","Josey Jewell",2560763,-3.87383436291732,116,93,8,7,0,0,0,0,4.5,0,0,0,0,0,0,1.93988501936835,-4.5895736020604,-1.22414578022527,0,0,-2.64968858269205
"FS","Glover Quin",71441,-3.92371783842088,399,196,8,7,1,2,0,0,5,0,0,0,0,0,0,-0.997104945741043,-2.38357528941194,-1.84990600930633,0,1.30686840603843,-2.07381182911455
"LB","Fred Warner",2560917,-3.95232001842441,363,329,25,18,4,1,0,0,7,0,0,0,0,0,0,-2.29046153422452,2.9457390586302,-6.45152267211664,0,1.84392512928655,2.49920265369223
"CB","Torry McTyer",2559053,-4.01091510110871,96,87,7,6,1,1,0,0,3.5,0,0,0,0,0,0,-0.296280368399759,-1.49999414077431,-2.64429937113612,0,0.429658779201478,-1.36661572997259
"ILB","Dylan Cole",2559152,-4.05639895005813,43,35,4,3,1,1,0,0,2,0,0,0,0,0,0,-0.23074010967324,-3.9047060867368,-0.77971067141661,0,0.858757917768518,-3.27668827864152
"LB","Roquan Smith",2560877,-4.09147666487567,349,315,30,26,2,0,0,0,18,0,0,0,0,0,0,0.201440455409644,-1.23254368537755,-3.06037343490776,0,0,-1.03110322996791
"CB","Corn Elder",2558171,-4.10599557843203,20,20,2,2,0,0,0,0,1,0,0,0,0,0,0,-1.57860863111416,-2.73211849790414,0.204731550586271,0,0,-4.3107271290183
"DB","Tarvarius Moore",2561117,-4.10958653114266,43,38,3,3,0,0,0,0,2,0,0,0,0,0,0,-0.859050047668986,-1.50372450615358,-1.74681197732009,0,0,-2.36277455382257
"OLB","Telvin Smith",2543711,-4.18247790201724,374,318,22,20,0,0,0,0,0,0,0,0,0,0,0,-0.717599577296384,-1.11153577889144,-2.35334254582942,0,0,-1.82913535618782
"CB","Isaiah Oliver",2560830,-4.2125511156146,55,54,7,7,0,0,0,0,7.5,0,0,0,0,0,0,-1.89645501717215,-1.50005304481632,-0.816043053626132,0,0,-3.39650806198847
"CB","Kendall Fuller",2555349,-4.29217690883651,286,279,19,15,2,2,0,0,11.5,0,0,0,0,0,0,0.453826181880581,-4.8973531156385,-1.30807385217773,0,1.45942387709914,-2.98410305665878
"CB","Ahkello Witherspoon",2558157,-4.34774215455558,125,108,11,11,0,0,0,0,7,0,0,0,0,0,0,0.191349428607329,-2.88654917287247,-1.65254241029044,0,0,-2.69519974426514
"FS","Colin Jones",2499257,-4.36617271361949,50,29,2,2,0,0,0,0,0,0,0,0,0,0,0,-1.55399209128325,-1.512698867297,-1.29948175503924,0,0,-3.06669095858025
"FS","Budda Baker",2558009,-4.44160235758386,211,200,18,17,0,0,0,0,11.5,1,0,0,0,0,0,-1.80710846874765,-6.19205542823097,3.55756153939476,0,0,-7.99916389697862
"OLB","Tahir Whitehead",2532986,-4.50137248469639,327,293,18,18,0,1,0,1,6,0,0,0,0,0,0,0.633164199786757,-2.88958201434403,-7.08859364656962,-0.428498045713637,5.27213702214414,2.58722116187323
"CB","Tony Brown",2560982,-4.53235109694265,78,63,8,8,0,0,0,0,7.5,0,0,0,0,0,0,-2.34006488436124,-2.67873022628856,0.486444013707148,0,0,-5.0187951106498
"CB","Jaire Alexander",2560952,-4.55097191323145,180,166,16,12,2,1,1,0,9.5,0,1,0,1,0.149381981344853,0,-1.80695745029589,2.46757036003013,-5.44168337572955,0.209652709190623,0.020445843573237,0.8907114624981
"LB","Foye Oluokun",2561132,-4.59747987809973,172,151,11,10,0,0,0,0,9.5,0,0,0,0,0,0,-2.17920618566947,-0.0983232882511224,-2.31995040417914,0,0,-2.27752947392059
"CB","Sidney Jones",2557958,-4.60108359432729,123,119,8,8,0,0,0,0,6,0,1,0,1,-1.47257793750632,0,-0.243916231154387,-4.5126286093653,0.155461246192392,0,0,-4.75654484051969
"DB","Sean Chandler",2561017,-4.64743775015683,56,37,3,3,0,0,0,0,2,0,0,0,0,0,0,-1.42347753123995,-2.30390653506482,-0.920053683852064,0,0,-3.72738406630477
"ILB","Tae Davis",2561318,-4.67062415667428,131,104,12,11,1,0,0,0,5,0,1,0,1,-0.20067038124539,0,-0.613244881798781,-4.48771291786037,0.430333642984871,0,0,-5.10095779965915
"LB","Jermaine Carter",2561093,-4.71652563067273,23,23,3,3,0,0,0,0,1.5,0,0,0,0,0,0,-0.097012075081068,-3.91975798855855,-0.699755567033111,0,0,-4.01677006363962
"FS","Eric Weddle",2495775,-4.72306213068954,518,249,16,13,3,0,0,0,9,0,0,0,0,0,0,-0.318262587321391,-2.97332995703866,-1.43146958632949,0,0,-3.29159254436005
"SS","Marqui Christian",2556277,-4.77120460481507,155,123,11,10,0,0,0,0,9,0,0,0,0,0,0,-2.62900868666744,-1.05383627314234,-1.08835964500529,0,0,-3.68284495980978
"CB","Marlon Humphrey",2558067,-4.79444904672129,148,134,23,17,5,0,0,0,9.5,1,0,0,0,0,0,1.53284283307548,-4.87101694265248,-1.45627493714429,0,0,-3.338174109577
"S","Isaiah Johnson",2556567,-4.83496665301555,183,99,9,9,0,0,0,1,6,0,0,0,0,0,0,-4.09553890549156,-4.35745885772107,0.549569728146072,-0.479454124658468,3.54791550670948,-5.38453638116162
"ILB","Blake Martinez",2555161,-4.86050579835849,375,281,27,25,0,0,0,0,20,0,0,0,0,0,0,2.08664988799056,-2.0646235851001,-4.88253210124895,0,0,0.0220263028904597
"OLB","Nick Vigil",2555528,-4.9187100134663,211,197,13,12,0,1,0,0,11,0,0,0,0,0,0,-0.463056777156392,0.0758752810691914,-5.2171986557717,0,0.685670138392602,0.298488642305402
"CB","Desmond Trufant",2539334,-4.93510881318415,232,207,13,13,0,0,0,0,10,0,0,0,0,0,0,-0.717164005405326,-1.74429081951084,-2.47365398826798,0,0,-2.46145482491617
"CB","Nevin Lawson",2543872,-4.98529112257038,183,164,16,13,2,0,0,0,7,0,0,0,0,0,0,0.1805320394298,-2.35035641739808,-2.8154667446021,0,0,-2.16982437796828
"CB","James Bradberry",2555175,-5.0719890954335,235,216,20,17,2,1,0,0,11.5,0,0,0,0,0,0,0.846713365171233,-2.03536978169862,-5.15155179947133,0,1.26821912056522,0.0795627040378335
"SS","Eddie Pleasant",2532928,-5.11105342264567,41,28,5,4,0,0,0,0,2,0,0,0,0,0,0,3.26944966738706,-7.50879008326331,-0.871713006769421,0,0,-4.23934041587625
"CB","Bobby McCain",2552434,-5.20510546219393,168,158,17,15,0,1,1,0,9,0,0,0,0,0,0,-1.29552764584274,-3.84357176441705,0.00137012360924634,-0.160734971578114,0.093358796034725,-5.20647558580318
"CB","Ken Crawley",2556735,-5.20757387435314,101,95,10,10,0,0,0,0,8,0,0,0,0,0,0,1.70657582808537,-7.30953944324574,0.395389740807225,0,0,-5.60296361516037
"CB","Brent Grimes",2506861,-5.26379548867775,174,158,8,6,1,1,0,0,6,0,1,0,1,-0.631928585002076,0,0.236950087174639,-2.70890361727505,-4.09048968671951,0,1.29864772814217,-1.17330580195824
"FS","Chuck Clark",2558248,-5.29554766029703,120,78,5,5,0,0,0,0,3,0,0,0,0,0,0,-2.47600669251522,-1.91696011447846,-0.902580853303354,0,0,-4.39296680699368
"SS","Bradley McDougald",2539243,-5.3190448773942,372,257,25,24,1,0,0,0,19,0,1,0,1,-2.36194508092377,0,2.2538717056359,-5.38806894129999,-2.18484764173011,0,0,-3.13419723566409
"CB","DeShawn Shead",2535609,-5.53724619480947,55,49,4,4,0,0,0,0,0,0,0,0,0,0,0,-0.428194538876255,-5.56459214476383,0.455540488830617,0,0,-5.99278668364008
"SS","Chris Conte",2495272,-5.64184968708839,73,46,4,4,0,0,0,0,4,0,0,0,0,0,0,-0.13802180340135,-0.903447693588824,-4.60038019009822,0,0,-1.04146949699017
"CB","Kevin Johnson",2552261,-5.72981966461598,25,23,4,3,0,0,0,0,0,0,0,0,0,0,0,-1.89626187584119,-2.20876021647547,-1.62479757229932,0,0,-4.10502209231666
"CB","Quenton Meeks",2560808,-5.79871478109575,8,6,2,2,0,0,0,0,2,0,0,0,0,0,0,-0.631983036971864,-4.66354426695495,-0.503187477168938,0,0,-5.29552730392681
"LB","Jerome Baker",2560966,-6.12910715336102,215,205,21,19,0,1,0,0,9.5,0,0,0,0,0,0,1.3182129757417,-1.34616444228268,-6.86027266103882,0,0.759116974218776,0.731165507677796
"CB","Davon House",2495170,-6.21255272045642,8,8,2,2,0,0,0,0,0,0,0,0,0,0,0,-0.0744744312775723,-4.96542812476951,-1.17265016440934,0,0,-5.03990255604708
"CB","Tramon Williams",2506789,-6.23123323612728,387,221,15,13,1,0,0,0,10,0,1,0,1,0.129446062616438,0,0.466091546960351,-4.17122712236222,-2.52609766072541,0,0,-3.70513557540187
"MLB","Anthony Hitchens",2543592,-6.66001203487668,331,268,26,24,0,0,0,0,12,0,0,0,0,0,0,-3.14651018276564,-4.4275786559745,0.914076803863455,0,0,-7.57408883874014
"CB","Josh Jackson",2560755,-6.76504764098345,162,141,11,9,2,0,0,0,7.5,0,0,0,0,0,0,-2.11104196596253,-1.8659572131185,-2.78804846190242,0,0,-3.97699917908103
"FS","Reggie Nelson",2507167,-7.37757344139583,170,100,10,8,0,0,1,0,4,0,0,0,0,0,0,0.0127855494710956,-4.36153940144976,-3.02143955642713,-0.00738003299003975,0,-4.3561338849687
"CB","Bryce Callahan",2553500,-7.9299666007309,168,162,11,10,1,0,0,0,6,0,0,0,0,0,0,0.990443880656108,-1.69589657657313,-7.22451390481388,0,0,-0.705452695917022
"DB","Natrell Jamerson",2560759,-8.28944103913716,29,28,2,2,0,0,0,0,2,0,0,0,0,0,0,-2.6321357452364,2.82443050229491,-8.48173579619567,0,0,0.192294757058511
"CB","Chidobe Awuzie",2557840,-8.70557219494299,180,165,15,13,2,0,0,0,10.5,0,0,0,0,0,0,-0.47091196555495,-8.77342118384792,0.538760954459881,0,0,-9.24433314940287
"CB","Jamar Taylor",2539932,-8.79257886896258,69,64,13,11,0,1,0,0,2.5,0,0,0,0,0,0,-1.68883433200038,-6.51434551163941,-0.573295569421207,0,-0.016103455901588,-8.21928329954138
"SS","Kentrell Brice",2556480,-8.84158980935096,307,170,9,7,1,0,0,0,5.5,0,0,0,0,0,0,-0.744807148528637,-1.94217881074909,-6.15460385007323,0,0,-2.68698595927773
"CB","Mike Ford",2561527,-10.1166120442385,81,70,6,6,0,0,0,0,4,0,0,0,0,0,0,-0.347068428207802,-5.70617449068864,-4.0633691253421,0,0,-6.05324291889644
"CB","Sam Shields",1037374,-10.2272002483264,90,83,11,10,0,1,0,0,6,0,0,0,0,0,0,-1.95116811569503,-3.05342848477349,-6.2856070426462,0,1.06300339478837,-3.94159320568015
"LB","Raekwon McMillan",2558070,-11.0593444320254,269,224,19,19,0,0,0,0,9,0,0,0,0,0,0,-1.06613125825044,-5.34216542089342,-4.65104775288154,0,0,-6.40829667914386
"CB","Shaquill Griffin",2558259,-12.0971368813936,173,157,14,12,1,0,0,0,9,0,1,0,1,-1.8382526984832,0,-2.16691571617662,-6.91133603464247,-3.01888513057452,0,0,-9.07825175081909
