"qualifying","position","displayName","nflId_def","routes","eps_tracking_w_penalties","eps_tracking","normalized_avg_max_epa","penalties_and_time_to_throw_normalized_tracking_epa","penalities_count","tracking_penalty_perc","penalties_eps"
1,"CB","Joe Haden",496733,145,8.84992253973918,8.91842603263943,0.0373837672419792,0.0391111114091729,1,0.00684931506849315,-0.28957601565226
1,"ILB","Mason Foster",2495281,197,8.75541379174597,8.45565872206736,0.0993493685045582,0.0993493685045582,0,0,0
1,"CB","Nevin Lawson",2543872,152,8.12233571117923,9.32298364909145,0.0290806137636954,0.037760715955492,3,0.0193548387096774,-1.43265768101957
1,"CB","Kendall Fuller",2555349,276,7.65484382764394,7.65802617292349,0.155564012179752,0.156532331988307,1,0.0036101083032491,-0.423788599149409
1,"CB","Grant Haley",2561001,111,6.67259687144223,6.50369934487205,0.0546431786251334,0.0546431786251334,0,0,0
1,"CB","Eli Apple",2555277,148,6.6660983170291,7.6993380442705,0.0936471507297638,0.100794485895447,2,0.0133333333333333,-1.25939457631207
1,"CB","Logan Ryan",2540162,188,6.53544907851021,7.22691383853195,0.117604590308422,0.120877929140944,3,0.0157068062827225,-0.978021487937134
1,"CB","Jason McCourty",89756,152,6.50580614464179,6.27452304519434,0.104096992365512,0.104096992365512,0,0,0
1,"CB","Tavon Young",2555378,139,6.39794030108746,7.01200436617816,0.074141281584827,0.07951759006424,1,0.00714285714285714,-0.82682446870265
1,"CB","Malcolm Butler",2550613,115,6.20905928048659,6.50177257498258,0.0754466026606059,0.0788342177298349,1,0.00862068965517241,-0.468409950691163
1,"CB","Cre'von LeBlanc",2556587,139,5.78465367918107,5.57315137113372,0.0984369017507574,0.0984369017507574,0,0,0
1,"CB","Chris Harris",2530510,135,5.1030621674637,5.9101779749328,0.0916064573497111,0.0976655064283631,2,0.0145985401459854,-1.01330263847475
1,"CB","Jaire Alexander",2560952,119,5.07696880475463,4.89589848347669,0.0979663046295791,0.0979663046295791,0,0,0
1,"CB","Briean Boddy-Calhoun",2556475,145,4.82722919993547,4.93409587334413,0.138871380577043,0.140166766042316,1,0.00684931506849315,-0.327997658507028
1,"CB","Coty Sensabaugh",2532946,110,4.78582925829205,4.61845333106034,0.113932488166647,0.113932488166647,0,0,0
1,"CB","Prince Amukamara",2495108,132,4.69786493883843,8.11959641067464,0.0711517632982531,0.0971445783426975,2,0.0149253731343284,-3.62534074255206
1,"CB","Shaquill Griffin",2558259,127,4.6381484435113,5.66107659853728,0.108021117457972,0.116693019793943,1,0.0078125,-1.21802461646233
1,"CB","Bryce Callahan",2553500,166,4.47620017457887,4.22361468439284,0.162879565374274,0.162879565374274,0,0,0
1,"CB","Mackensie Alexander",2555177,155,4.4372537548015,4.81596309238099,0.129513167345769,0.132628427618909,1,0.00641025641025641,-0.615493769955553
1,"CB","Fabian Moreau",2558136,190,4.20387035590975,7.1073570836609,0.12061508673683,0.135290555362815,3,0.0155440414507772,-3.1942107050257
1,"CB","Justin Coleman",2553637,274,4.08381348747397,4.77270664368023,0.19194820975256,0.195277476411464,1,0.00363636363636364,-1.10749654095113
1,"CB","Chidobe Awuzie",2557840,121,3.57661780787776,3.39250428792288,0.14782643314471,0.14782643314471,0,0,0
1,"CB","Sam Shields",1037374,84,3.56841861908483,3.44060427465334,0.11275984710799,0.11275984710799,0,0,0
1,"SS","Patrick Chung",71251,142,3.52782843503902,4.21244778762814,0.14009455895032,0.14440833050893,2,0.0138888888888889,-0.901372222340494
1,"CB","B.W. Webb",2539338,155,3.24640010477387,5.6255793638372,0.127312792750508,0.143285225129184,1,0.00641025641025641,-2.61901224382384
1,"DB","Greg Stroman",2560886,88,3.23879046674863,3.10488972496326,0.132810634683508,0.132810634683508,0,0,0
1,"SS","Josh Jones",2558119,76,3.19222704747864,3.07658549775491,0.10764564995709,0.10764564995709,0,0,0
1,"CB","Buster Skrine",2495343,190,3.15305645048262,3.9815253540454,0.179538694332495,0.184458784243275,1,0.00523560209424084,-1.11927586729133
1,"CB","Rashaan Melvin",2541200,80,3.06917033319257,3.32949224370504,0.112929910939633,0.116259567227972,1,0.0123456790123457,-0.382632070295111
1,"CB","Brandon Carr",4365,140,3.02790852502971,2.8148846176439,0.176306079532572,0.176306079532572,0,0,0
1,"FS","Budda Baker",2558009,227,2.99068667567582,2.8082372099629,0.209596199301245,0.209392715585192,1,0.0043859649122807,-0.163201912041198
1,"CB","Marshon Lattimore",2558061,153,2.97548990077816,2.74268520199224,0.172806503180256,0.172806503180256,0,0,0
1,"CB","Stephon Gilmore",2533062,124,2.91525862109107,4.50077583844424,0.138202148931978,0.150100101888731,2,0.0158730158730159,-1.77554637041478
1,"CB","Trumaine Johnson",2532877,120,2.69271036127199,2.51011844065558,0.170030720123794,0.170030720123794,0,0,0
1,"CB","William Jackson",2556367,133,2.64488207166684,2.85733176753554,0.167785026631473,0.16963330675567,1,0.00746268656716418,-0.415454563273868
1,"FS","Devin McCourty",494287,104,2.63275724163534,2.47451091043445,0.153089613851402,0.153089613851402,0,0,0
1,"CB","Darqueze Dennard",2543474,181,2.49799998668302,2.22259050641994,0.192304468398274,0.192304468398274,0,0,0
1,"CB","D.J. Hayden",2539237,159,2.39621134048015,2.13947445131855,0.193134853447194,0.191835103411357,1,0.00625,0.0148251522867664
1,"CB","Trae Waynes",2552448,85,2.30982032594663,3.22296357102095,0.117356727353367,0.128132437986254,1,0.0116279069767442,-1.04406784178165
1,"SS","Bradley McDougald",2539243,163,2.26783606505806,2.01981537288744,0.235939994466148,0.235939994466148,0,0,0
1,"CB","Mike Hilton",2556559,143,2.24107828403941,2.02348957863819,0.215214333134914,0.215214333134914,0,0,0
1,"CB","Marlon Humphrey",2558067,111,2.19380600706567,4.94213047420112,0.0978336522612232,0.120861734735914,3,0.0263157894736842,-2.91870235889846
1,"CB","Sherrick McManis",494289,79,2.18739350974114,2.067187162002,0.158450690925802,0.158450690925802,0,0,0
1,"CB","Patrick Peterson",2495504,176,2.18053492989334,2.61128751027271,0.193090838836879,0.195952577618331,1,0.00564971751412429,-0.699618603153842
1,"S","Terrell Edmunds",2560712,125,2.09639275193398,3.18472164368899,0.157992705751396,0.166901312708109,1,0.00793650793650794,-1.28047718229728
1,"FS","Vonn Bell",2555530,145,2.07695810303677,1.85632619895861,0.204207425070724,0.204207425070724,0,0,0
1,"FS","Glover Quin",71441,97,2.03677240468563,1.88917726885403,0.173625171467187,0.173625171467187,0,0,0
1,"CB","Tramon Williams",2506789,107,2.02329023038339,1.86047910116709,0.165094096598351,0.165094096598351,0,0,0
1,"CB","Adoree' Jackson",2558065,153,1.90791833527483,1.67511363648891,0.19665537354377,0.19665537354377,0,0,0
1,"CB","Jimmy Smith",2508107,107,1.88655787249026,2.24471874052768,0.190343375500326,0.193412102726492,1,0.00925925925925926,-0.521765915926227
1,"CB","Bradley Roby",2543505,111,1.86918978839284,2.43625038681491,0.159009103214879,0.164170447515842,1,0.00892857142857143,-0.737079664922791
1,"CB","Terrance Mitchell",2543637,85,1.85043934919172,2.71277034626232,0.125340214034961,0.135431352942367,1,0.0116279069767442,-0.993178160071906
1,"CB","Parry Nickerson",2560822,79,1.77277674983728,1.65257040209814,0.185428170169917,0.185428170169917,0,0,0
1,"CB","Brian Poole",2556445,256,1.74054913888436,2.94036675258637,0.198785474421668,0.204205644089787,1,0.00389105058365759,-1.59176907912815
1,"CB","Josh Jackson",2560755,118,1.74025688405402,3.66434238260722,0.145128880545306,0.157620021733349,4,0.0327868852459016,-2.10443474712245
1,"CB","Steven Nelson",2552265,146,1.73615575392654,4.63175582403895,0.126048199594702,0.144445455306944,3,0.0201342281879195,-3.1193356999082
1,"CB","Gareon Conley",2558062,88,1.73592950602675,2.61194049443481,0.148048719907483,0.155988533417339,2,0.0222222222222222,-1.01068065570198
1,"ILB","Brandon Marshall",2532898,81,1.64901542133303,1.52576587491695,0.176315539017884,0.176315539017884,0,0,0
1,"CB","M.J. Stewart",2560884,94,1.64141823157208,1.49838789375589,0.18507810328799,0.18507810328799,0,0,0
1,"SS","Michael Thomas",2535687,81,1.50928547109444,1.38603592467837,0.192357570358751,0.192357570358751,0,0,0
1,"ILB","Vince Williams",2540221,97,1.4742308695447,1.3266357337131,0.214047682841639,0.214047682841639,0,0,0
1,"ILB","Blake Martinez",2555161,148,1.45404893266294,1.22885223056937,0.211149266114981,0.211149266114981,0,0,0
1,"CB","Darryl Roberts",2553353,95,1.45358395266323,1.30903201550857,0.204338431539192,0.204338431539192,0,0,0
1,"CB","Kyle Fuller",2543681,169,1.43092025093264,1.5051452954547,0.213949057992783,0.214642771308127,1,0.00588235294117647,-0.331880321601302
1,"CB","Darius Slay",2540288,117,1.4297571000008,3.79682383094549,0.129151747985078,0.148384757551469,2,0.0168067226890756,-2.54703163437065
1,"CB","Nickell Robey-Coleman",2540197,200,1.41519543124143,2.90224144943261,0.191097186251163,0.199072303637169,1,0.00497512437810945,-1.79409578083848
1,"CB","Desmond Trufant",2539334,143,1.30180838099838,2.34646318509639,0.187137995887365,0.191942585314391,3,0.0205479452054795,-1.26288404400787
1,"CB","Donte Jackson",2560753,153,1.28978204828216,2.54070851862455,0.195079970770443,0.203462518063875,1,0.00649350649350649,-1.48599225395891
1,"ILB","Christian Jones",2550572,84,1.18957103118227,1.06175668675078,0.213527138301324,0.213527138301324,0,0,0
1,"LB","Jerome Baker",2560966,188,1.18651339575656,1.9229645507816,0.216361405361856,0.220634996100553,1,0.00529100529100529,-1.02407005497562
1,"CB","Josh Norman",2532920,152,1.1825139910405,4.71422952903161,0.131046673194482,0.151817467639663,4,0.0256410256410256,-3.76443062622621
1,"CB","Bene' Benwikere",2543855,101,1.08115216607175,1.46354415532477,0.177062989524628,0.180590709770456,1,0.00980392156862745,-0.536890454599047
1,"ILB","Zach Brown",2532804,118,0.820652646384914,0.641103924445443,0.225720390785423,0.225720390785423,0,0,0
1,"SS","Sharrod Neasman",2556443,80,0.81520925580787,0.693481308730262,0.214846986337453,0.214846986337453,0,0,0
1,"CB","Pierre Desir",2543811,140,0.718326148700674,0.50530224131486,0.243257562117911,0.243257562117911,0,0,0
1,"MLB","Jarrad Davis",2557855,154,0.708799329454151,0.474473031329757,0.224021940173273,0.224021940173273,0,0,0
1,"FS","Ron Parker",2530794,85,0.666410769355475,0.94815493411277,0.217771481656734,0.220026540718377,1,0.0116279069767442,-0.41170656095805
1,"CB","Jourdan Lewis",2557920,78,0.64177877226478,0.523094023864113,0.224129853148618,0.224129853148618,0,0,0
1,"CB","Denzel Ward",2560916,176,0.604143645494148,0.819073497695084,0.224827543458843,0.226288783206571,1,0.00564971751412429,-0.483466978806797
1,"SS","Tony Jefferson",2540164,79,0.568734695202231,0.940253271723941,0.191335727782087,0.195099959594667,1,0.0125,-0.492474272788536
1,"CB","Casey Hayward",2532861,118,0.542849664943093,1.87853995791117,0.183443562718858,0.19465452534404,1,0.00840336134453781,-1.5175481151156
1,"CB","Jonathan Jones",2556571,152,0.442782446197164,2.329561664044,0.203591243348258,0.214711324378195,2,0.012987012987013,-2.11967496530678
1,"CB","Rasul Douglas",2558168,91,0.386235765254517,0.247770225453739,0.21667566715457,0.21667566715457,0,0,0
1,"CB","Byron Jones",2552568,150,0.377683960937849,3.47660661869961,0.16953446807275,0.189209644742766,2,0.0131578947368421,-3.32969578998795
1,"ILB","Darron Lee",2555322,171,0.351756592007812,0.0915631051294253,0.246221644586412,0.246221644586412,0,0,0
1,"OLB","Anthony Barr",2543459,143,0.309837210863919,0.0922485054626955,0.233383972540061,0.233383972540061,0,0,0
1,"FS","Eric Weddle",2495775,85,0.275987688558836,0.146651744788878,0.280086343415354,0.280086343415354,0,0,0
1,"S","Minkah Fitzpatrick",2560725,157,0.2731498186115,1.02713490962866,0.217518988545894,0.219649132693713,3,0.01875,-0.993380029288768
1,"OLB","Alex Anzalone",2558163,106,0.238654340935065,0.486179109236976,0.268421140914109,0.269739048921464,1,0.00934579439252336,-0.409437297701068
1,"CB","James Bradberry",2555175,153,0.142473998453228,-0.0902665151730411,0.239720770375578,0.238164559418416,1,0.00649350649350649,-6.42829725840954e-05
1,"CB","Tre Flowers",2560728,135,0.139704596906797,0.678679085403672,0.225415938990359,0.227562838876289,2,0.0145985401459854,-0.744957162353051
1,"ILB","Jayon Brown",2558005,140,0.0847208976492381,1.0121640255004,0.20750791573102,0.214136973162928,1,0.00709219858156028,-1.14220501363011
1,"CB","Johnathan Joseph",2495872,164,0.0495433334655414,-0.199998958043554,0.264375422921249,0.264375422921249,0,0,0
1,"CB","Kenny Moore II",2558976,270,0.0444569226570144,1.8052553750046,0.22582110183776,0.232150666189175,2,0.00735294117647059,-2.17328370726015
1,"OLB","Barkevious Mingo",2540140,108,0.0273978439923688,-0.136934884562401,0.225791597012699,0.225791597012699,0,0,0
1,"FS","Kevin Byard",2555158,99,0.00255835274814126,-0.148079981760398,0.243966699297691,0.243966699297691,0,0,0
1,"CB","Bobby McCain",2552434,151,-0.163277080322773,1.78454804323645,0.207307509322705,0.220291703915361,1,0.00657894736842105,-2.18090508740647
1,"FS","Jabrill Peppers",2557980,86,-0.347856966135557,1.42674310088656,0.216479441053372,0.233228867227152,2,0.0227272727272727,-1.90690838539942
1,"ILB","B.J. Goodson",2555522,77,-0.359728318757475,-0.476891467819673,0.265539953200788,0.265539953200788,0,0,0
1,"CB","Javien Elliott",2556934,129,-0.447456765027135,-0.643743079689778,0.287761122521275,0.287761122521275,0,0,0
1,"ILB","Wesley Woodyard",2354,97,-0.448451985502021,-0.59604712133362,0.268169506609241,0.268169506609241,0,0,0
1,"SS","Quandre Diggs",2552262,92,-0.61046107229972,0.633849356444083,0.212911050158088,0.220766491096229,3,0.0315789473684211,-1.38500003959773
1,"FS","Marcus Gilchrist",2495153,97,-0.612849717535052,-0.760444853366651,0.277136519615809,0.277136519615809,0,0,0
1,"MLB","Joe Schobert",2555166,81,-0.694215862323578,-0.817465408739656,0.262684064025334,0.262684064025334,0,0,0
1,"CB","Shareece Wright",2495251,106,-0.781743766798615,-0.943033296676445,0.262271991324247,0.262271991324247,0,0,0
1,"CB","Sidney Jones",2557958,134,-0.929866502589063,-1.13376081394406,0.287795535999477,0.287795535999477,0,0,0
1,"CB","Michael Davis",2559164,87,-0.970619854096768,-1.10299899654367,0.28362077378886,0.28362077378886,0,0,0
1,"DB","Jordan Whitehead",2560930,84,-1.00130496144847,0.804211691101486,0.244148744838215,0.264056138841784,1,0.0117647058823529,-1.93627723514153
1,"CB","Dre Kirkpatrick",2533060,111,-1.0339402940515,0.651992633367904,0.212273977404902,0.222966519236239,3,0.0263157894736842,-1.85577170098711
1,"MLB","Marquel Lee",2557972,76,-1.08220336442185,-1.19784491414558,0.280435624129857,0.280435624129857,0,0,0
1,"CB","Nate Hairston",2558108,82,-1.0864034045923,0.122524077031337,0.229360113498419,0.242689884117692,1,0.0120481927710843,-1.33573107489812
1,"CB","Richard Sherman",2495507,128,-1.21522145501843,-0.70314702499191,0.264317351125394,0.265692294321773,2,0.0153846153846154,-0.707377317780088
1,"CB","Orlando Scandrick",2307,113,-1.22276755186065,6.7084282816658,0.0782631313394232,0.141238601439093,7,0.0583333333333333,-8.10489833133634
1,"CB","Morris Claiborne",2533059,137,-1.27605340520254,2.38113851489638,0.185576781233206,0.207738589439851,4,0.0283687943262411,-3.86712208206979
1,"CB","Troy Hill",2553536,82,-1.30088158799678,-0.843532058399641,0.255741541671314,0.259684508393388,1,0.0120481927710843,-0.583007779603458
1,"MLB","Hardy Nickerson",2558982,91,-1.34396606655521,-1.48243160635598,0.30141072031267,0.30141072031267,0,0,0
1,"ILB","Nicholas Morrow",2559054,89,-1.41310546687673,-1.54852780800057,0.295488158804687,0.295488158804687,0,0,0
1,"CB","Ryan Smith",2555552,76,-1.43588343037112,-0.625638114531391,0.264212111143347,0.272823614132985,1,0.012987012987013,-0.927297841345411
1,"SS","John Johnson",2558183,82,-1.48859323593226,-1.6133643816868,0.317498959707143,0.317498959707143,0,0,0
1,"SS","Marqui Christian",2556277,88,-1.50312352599258,-1.63702426777794,0.310891866563934,0.310891866563934,0,0,0
1,"CB","Leon Hall",2495617,92,-1.5376055880431,-1.67759272718235,0.315964475180283,0.315964475180283,0,0,0
1,"LB","Roquan Smith",2560877,236,-1.55346121936827,-1.91255866324722,0.26479824141574,0.26479824141574,0,0,0
1,"CB","Aaron Colvin",2543501,92,-1.63108473325965,-1.65220816663938,0.303730664579436,0.301744795544344,1,0.010752688172043,-0.119044844315879
1,"SS","Justin Simmons",2555550,130,-1.63968420872268,-0.359166291750487,0.2706580008292,0.277765087158355,2,0.0151515151515152,-1.47945139710688
1,"FS","Harrison Smith",2532948,79,-1.71700705483026,-1.8372134025694,0.326253247444667,0.326253247444667,0,0,0
1,"CB","Avonte Maddox",2560795,82,-1.77091358037221,-1.89568472612676,0.318633128080902,0.318633128080902,0,0,0
1,"ILB","Josh Bynes",2530491,105,-1.80547772859445,-1.96524565913381,0.308289416917898,0.308289416917898,0,0,0
1,"SS","Jeff Heath",2541832,99,-1.86354300002553,-1.03627812605992,0.27316692612844,0.280229191396198,1,0.01,-0.979393452904197
1,"CB","A.J. Bouye",2541162,110,-1.87398979371358,-1.60486962402889,0.290907452444765,0.289612930399732,2,0.0178571428571429,-0.436828435845905
1,"FS","Eddie Jackson",2558176,76,-1.87792519704443,-1.99356674676816,0.351970522480279,0.351970522480279,0,0,0
1,"OLB","De'Vondre Campbell",2555255,162,-1.90440121981979,-2.15090031265195,0.282128027118859,0.282128027118859,0,0,0
1,"ILB","Reggie Ragland",2555169,85,-1.91163196193933,-2.04096790570929,0.299535578650314,0.299535578650314,0,0,0
1,"OLB","Duke Riley",2557967,84,-1.93097725373625,-2.05879159816774,0.327450827620912,0.327450827620912,0,0,0
1,"CB","T.J. Carrie",2550164,203,-1.9863850718804,1.44158137589813,0.217946274678433,0.231794043051684,4,0.0193236714975845,-3.73827315197672
1,"CB","Ronald Darby",2552689,95,-2.00357780074458,-2.14812973789924,0.310403291462972,0.310403291462972,0,0,0
1,"CB","Robert Alford",2539653,124,-2.03296214866151,1.19711644135483,0.202675561686508,0.224820956140083,3,0.0236220472440945,-3.42049178066353
1,"FS","Clayton Geathers",2552386,118,-2.0775715414407,-2.25712026338017,0.321880194515456,0.321880194515456,0,0,0
1,"MLB","Adarius Taylor",2550565,110,-2.1045268170466,-2.27190274427831,0.309506855604679,0.309506855604679,0,0,0
1,"CB","Janoris Jenkins",2532875,160,-2.11664537843018,-0.933822955047456,0.262222296660779,0.267795874824174,2,0.0123456790123457,-1.42736425579162
1,"SS","Jamal Adams",2557979,166,-2.15812564261814,-2.41071113280418,0.305283767081682,0.305283767081682,0,0,0
1,"CB","Carlton Davis",2561039,101,-2.2153099431841,0.512000969175822,0.219940184261743,0.243661597892385,2,0.0194174757281553,-2.8831859724796
1,"CB","K'Waun Williams",2550654,180,-2.24142429377871,-1.5175794032657,0.269141278573284,0.273175046285576,1,0.00552486187845304,-0.999253234498204
1,"MLB","Kwon Alexander",2552592,88,-2.24441122588793,-2.3783119676733,0.326761217828005,0.326761217828005,0,0,0
1,"ILB","Todd Davis",2550930,140,-2.24548498421062,-1.84985616440125,0.2758063911507,0.276211344391922,2,0.0140845070422535,-0.609116142554967
1,"ILB","Demario Davis",2533008,168,-2.25928365514629,-1.55710841492202,0.27744549026821,0.28147991662083,1,0.00591715976331361,-0.959263543861005
1,"MLB","Deion Jones",2555162,80,-2.33573762828958,-1.93935262286025,0.332743864694187,0.335042119626719,1,0.0123456790123457,-0.518902514229321
1,"OLB","Christian Kirksey",2543720,76,-2.3635040994764,-1.43954898431672,0.301527078252667,0.311132972367441,1,0.012987012987013,-1.04118092509025
1,"FS","D.J. Swearinger",2539943,130,-2.50627896732021,-1.18866272994889,0.276637453265474,0.286111469146755,1,0.00763358778625954,-1.5177335337133
1,"OLB","Lavonte David",2532828,208,-2.62952529245921,-2.94601795486099,0.285276611405791,0.285276611405791,0,0,0
1,"FS","Adrian Amos",2552385,102,-2.70043921449801,-2.85564234702196,0.342247704081771,0.342247704081771,0,0,0
1,"SS","T.J. McDonald",2539309,107,-2.74741789146052,-2.56898891308463,0.343106139134188,0.343093676082753,1,0.00925925925925926,-0.341760129579274
1,"LB","Elijah Lee",2558121,96,-2.78971330854748,-2.93578684504061,0.341710836476201,0.341710836476201,0,0,0
1,"CB","Jalen Ramsey",2555280,118,-2.85057058322322,-2.28491138829373,0.305666421708544,0.306786775534005,2,0.0166666666666667,-0.745775302472404
1,"SS","Shawn Williams",2539233,91,-2.88919742229191,-3.02766296209269,0.355649842781143,0.355649842781143,0,0,0
1,"OLB","Telvin Smith",2543711,229,-2.93669306632342,-3.28513931483308,0.267856608354543,0.267856608354543,0,0,0
1,"OLB","Kyle Van Noy",2543699,124,-2.98300159488799,-3.17167991285828,0.322627846152838,0.322627846152838,0,0,0
1,"MLB","Dont'a Hightower",2533057,94,-3.08121503908755,-3.22424537690374,0.361416104176818,0.361416104176818,0,0,0
1,"ILB","Benardrick McKinney",2552490,131,-3.12014287246196,-3.31947238580154,0.324657873733621,0.324657873733621,0,0,0
1,"OLB","Thomas Davis",2506352,130,-3.1823621632037,-3.38017007720481,0.315789497962608,0.315789497962608,0,0,0
1,"CB","Kareem Jackson",496735,217,-3.23408280383973,-3.22915832169575,0.28723114083728,0.28613938012395,2,0.0091324200913242,-0.335366685455356
1,"CB","Taron Johnson",2560766,131,-3.24284622413608,-1.54036747564875,0.285379114832494,0.295397897004628,2,0.0150375939849624,-1.9032562585589
1,"LB","Raekwon McMillan",2558070,137,-3.29664334398844,-3.50510245335884,0.325888987496432,0.325888987496432,0,0,0
1,"CB","Brent Grimes",2506861,134,-3.35878898839415,-2.21876540366788,0.29313764328097,0.298716068577174,2,0.0147058823529412,-1.3449411268457
1,"ILB","Haason Reddick",2557887,152,-3.37611786290104,-2.06720501628458,0.294376460323168,0.302534412076558,1,0.0065359477124183,-1.54254307859186
1,"CB","Xavien Howard",2555539,111,-3.42353454612338,3.10839431849119,0.156674909451027,0.20951557655222,4,0.0347826086956522,-6.70337635444136
1,"OLB","Nick Vigil",2555528,155,-3.5494758138562,-3.78532371131906,0.306076994944363,0.306076994944363,0,0,0
1,"CB","Ahkello Witherspoon",2558157,82,-3.65835071660015,-1.80352055843588,0.32055608549046,0.336508423105373,2,0.0238095238095238,-1.98110853063364
1,"CB","Quincy Wilson",2557961,94,-3.71356348271536,-2.32907741975536,0.32653831406478,0.335659176475648,2,0.0208333333333333,-1.52867941957297
1,"ILB","Danny Trevathan",2532961,230,-3.74347008351371,-4.09343793136184,0.291320895866913,0.291320895866913,0,0,0
1,"MLB","Anthony Hitchens",2543592,162,-3.74862533068974,-3.57655868914669,0.291747647557979,0.292529585881469,1,0.00613496932515337,-0.419203594286959
1,"OLB","Shaq Thompson",2552447,119,-3.76886872690517,-3.94993904818311,0.345010499569495,0.345010499569495,0,0,0
1,"OLB","A.J. Klein",2539982,102,-3.77807673199095,-3.9332798645149,0.370282690715148,0.370282690715148,0,0,0
1,"ILB","Mark Barron",2532789,97,-3.82361295790822,-3.40920254814207,0.348155872744194,0.35034675155332,1,0.0102040816326531,-0.562861996038572
1,"CB","Captain Munnerlyn",80668,214,-3.82547107074631,-2.54171105445537,0.298868359002816,0.303557576162381,2,0.00925925925925926,-1.61060762447151
1,"OLB","Matt Milano",2557969,135,-3.95007228721926,-4.15548819791272,0.341849928809964,0.341849928809964,0,0,0
1,"CB","Tre'Davious White",2557867,148,-4.00463939501813,3.08267838816174,0.171598693471337,0.212408935339655,6,0.038961038961039,-7.31436940854901
1,"SS","Landon Collins",2552454,125,-4.12268000269625,-4.31287992000501,0.378037081201338,0.378037081201338,0,0,0
1,"ILB","Avery Williamson",2543597,182,-4.19873890871763,-3.21594972723833,0.315267269605966,0.31696758153208,3,0.0162162162162162,-1.26035951514902
1,"OLB","Myles Jack",2555329,193,-4.23151207238057,-4.5251807447053,0.334842666767879,0.334842666767879,0,0,0
1,"SS","Justin Reid",2560851,79,-4.37926616116119,-4.49947250890033,0.458315305558744,0.458315305558744,0,0,0
1,"LB","Leighton Vander Esch",2560908,160,-4.44513124985168,-4.6885871440069,0.334667043374608,0.334667043374608,0,0,0
1,"SS","Derwin James",2560760,166,-4.54664007965914,-4.79922556984518,0.334880678467059,0.334880678467059,0,0,0
1,"LB","Foye Oluokun",2561132,99,-4.7698678629673,-2.77787071962473,0.330083487940712,0.344777545955254,2,0.0198019801980198,-2.1442668353502
1,"CB","Marcus Peters",2552488,141,-4.90709667513673,-4.12225276261261,0.350422531458843,0.352515575307608,2,0.013986013986014,-1.00015033329116
1,"SS","Rafael Bush",2507817,96,-4.95848112950886,-5.10455466600199,0.442375929189635,0.442375929189635,0,0,0
1,"SS","Adrian Phillips",2550842,151,-5.08934408177517,-5.31910558188416,0.381871970919662,0.381871970919662,0,0,0
1,"FS","Tashaun Gipson",2532848,83,-5.12129545120686,-2.38470217106727,0.360203287914727,0.380944322257808,3,0.0348837209302326,-2.8643388172491
1,"ILB","Anthony Walker",2558851,99,-5.49356178311673,-5.64420011762527,0.443063422495036,0.443063422495036,0,0,0
1,"CB","Anthony Brown",2555531,219,-5.50381092616052,-4.85993674536818,0.331036378710216,0.332465227693125,2,0.00904977375565611,-0.977848382643368
1,"OLB","Jamie Collins",2539311,161,-5.58612966689957,-5.83110716039326,0.352755837740755,0.352755837740755,0,0,0
1,"LB","Tremaine Edmunds",2560713,125,-5.61354736475074,-4.52531369460341,0.371758229778006,0.375977840016525,2,0.015748031496063,-1.27940695984795
1,"MLB","Luke Kuechly",2533056,177,-5.68212251939836,-5.95144560230757,0.35314037994935,0.35314037994935,0,0,0
1,"OLB","Kiko Alonso",2539935,198,-5.83050262901037,-6.13177929802745,0.336366464461986,0.336366464461986,0,0,0
1,"FS","Antoine Bethea",2495807,132,-5.87787759435032,-4.99471536040998,0.384729885453219,0.390000076496517,1,0.0075187969924812,-1.08566529421186
1,"ILB","Cory Littleton",2556593,158,-5.91547481430932,-4.75207808966431,0.354002016861972,0.360618033804673,1,0.00628930817610063,-1.40594871075149
1,"MLB","Eric Kendricks",2552312,141,-6.10547483318797,-6.32002033991225,0.398702013176922,0.398702013176922,0,0,0
1,"LB","Alec Ogletree",2540143,120,-6.32540497220713,-6.09804353878122,0.433191938602296,0.433005047286505,1,0.00826446280991736,-0.410578089391531
1,"FS","Tyrann Mathieu",2540180,169,-6.42800413556526,-2.6493239198555,0.290422482129855,0.308833011598542,3,0.0174418604651163,-4.03787851500362
1,"OLB","Jordan Evans",2558801,109,-6.45189895654545,-6.61775328443869,0.463937478648212,0.463937478648212,0,0,0
1,"MLB","Jordan Hicks",2552315,136,-6.92219342086702,-5.62073880378913,0.392684593888511,0.400845223080722,1,0.0072992700729927,-1.51069079322143
1,"OLB","Nigel Bradham",2532800,231,-7.14304526823896,-7.49453471542555,0.338014635683314,0.338014635683314,0,0,0
1,"ILB","C.J. Mosley",2543464,143,-7.18322485724746,-7.40081356264868,0.421420443212508,0.421420443212508,0,0,0
1,"CB","P.J. Williams",2552484,205,-7.59945734834244,-5.63019094776197,0.334697769127669,0.340843243002432,3,0.0144230769230769,-2.28235187333371
1,"ILB","Zach Cunningham",2558094,183,-7.80156152865534,-8.08001420759537,0.38560861123711,0.38560861123711,0,0,0
1,"SS","Malcolm Jenkins",79848,263,-8.27697711095833,-8.1317225353425,0.343861279404148,0.34462796546787,1,0.00378787878787879,-0.546266400226675
1,"OLB","Jatavis Brown",2556148,134,-8.32331868092334,-8.19834145049613,0.449214299635296,0.448326584194201,1,0.00740740740740741,-0.329372715087588
1,"MLB","Jaylon Smith",2555310,171,-8.47165861819209,-8.73185210507047,0.421450839346782,0.421450839346782,0,0,0
1,"CB","Desmond King",2557927,314,-8.71795115496189,-7.06871576006436,0.320004691069114,0.324715538130523,2,0.00632911392405063,-2.1286370535434
1,"OLB","Tahir Whitehead",2532986,190,-10.4159826960704,-9.10536194291117,0.405975376491292,0.410084709153297,2,0.0104166666666667,-1.60094262408744
1,"MLB","Bobby Wagner",2532966,203,-10.5326808598456,-10.841565525555,0.439997406154313,0.439997406154313,0,0,0
1,"LB","Fred Warner",2560917,215,-11.9842637939685,-11.607230701529,0.45019165636802,0.451372482302578,1,0.00462962962962963,-0.705250058232648
1,"LB","Darius Leonard",2560789,231,-13.8668236824721,-14.2183131296587,0.461768093726236,0.461768093726236,0,0,0
0,"ILB","Josh Harvey-Clemons",2557880,58,6.84082979571456,7.75269028328507,-0.12391032078397,-0.104833241789063,1,0.0169491525423729,-1.00163733991558
0,"CB","DeShawn Shead",2535609,37,4.78410172255275,4.72780254702935,-0.141518585014352,-0.141518585014352,0,0,0
0,"CB","Teez Tabor",2557955,54,4.49957199307674,4.60269462032858,-0.0420430159015574,-0.037904572761839,1,0.0181818181818182,-0.185571356782953
0,"FS","Eric Murray",2555173,48,4.26852091751232,4.19548414926576,-0.0397136126541626,-0.0397136126541626,0,0,0
0,"CB","Quinton Dunbar",2553796,50,3.41018758061611,3.3341076136926,0.0134847365748217,0.0134847365748217,0,0,0
0,"CB","Isaiah Oliver",2560830,49,3.39930163612115,3.32474326853612,0.0472139492537122,0.0472139492537122,0,0,0
0,"FS","Montae Nicholson",2558133,39,2.99754795503939,2.93820558083906,0.0668537138088605,0.0668537138088605,0,0,0
0,"CB","Dominique Hatfield",2559356,3,2.95191443856136,2.94734964054595,-1.80758673455535,-1.80758673455535,0,0,0
0,"OLB","T.J. Watt",2558064,51,2.87840509116016,2.80080352489818,0.0832801985436017,0.0832801985436017,0,0,0
0,"SS","Reshad Jones",496739,67,2.46590309621451,2.36395594053702,0.138416263691703,0.138416263691703,0,0,0
0,"CB","Tramaine Brock",2507917,63,2.45155794597125,2.35569718764764,0.12929259886005,0.12929259886005,0,0,0
0,"OLB","Terrell Suggs",2505660,26,2.44855690144295,2.40899531864273,-0.00456277797210903,-0.00456277797210903,0,0,0
0,"CB","Mike Ford",2561527,56,2.42698697499208,2.34177741203775,0.119309630401801,0.119309630401801,0,0,0
0,"CB","Cameron Sutton",2558849,46,2.41305868030482,2.34306511073519,0.0779168974476267,0.0779168974476267,0,0,0
0,"CB","Nick Nelson",2560819,63,2.28990278348987,2.19404202516626,0.113335579615796,0.113335579615796,0,0,0
0,"CB","Tony Lippett",2552427,8,2.26022661236967,2.24805381766191,-0.449321828500624,-0.449321828500624,0,0,0
0,"FS","Chuck Clark",2558248,42,2.1941780510231,2.13027087880735,0.0786322705668862,0.0786322705668862,0,0,0
0,"OLB","Jordan Jenkins",2555256,27,2.15099602481417,2.10991284267548,0.0137085882059965,0.0137085882059965,0,0,0
0,"OLB","Harold Landry",2560784,15,2.14873429182051,2.12591030174346,-0.170601834294777,-0.170601834294777,0,0,0
0,"FS","Marcell Harris",2561006,57,1.99967023002294,1.91293906773014,0.151523955471628,0.151523955471628,0,0,0
0,"OLB","Ray-Ray Armstrong",2541792,36,1.94834402578988,1.89356644960496,0.0752812210950647,0.0752812210950647,0,0,0
0,"DB","Tre Sullivan",2559260,28,1.9058194274373,1.86321464596014,0.0542651286845005,0.0542651286845005,0,0,0
0,"DB","Armani Watts",2560921,10,1.67275345681985,1.65753746343515,-0.215993606981965,-0.215993606981965,0,0,0
0,"CB","Anthony Averett",2560963,14,1.59339313354468,1.5720907428061,-0.0877694172094054,-0.0877694172094054,0,0,0
0,"OLB","Leonard Floyd",2555285,65,1.56753167074675,1.4686277137462,0.17881242269139,0.17881242269139,0,0,0
0,"CB","Deante Burton",2559109,13,1.49688571847414,1.47710492707403,-0.147292296940185,-0.147292296940185,0,0,0
0,"CB","Daryl Worley",2555394,63,1.48163995868818,1.38577920036457,0.157663547309995,0.157663547309995,0,0,0
0,"DB","Natrell Jamerson",2560759,24,1.42828478355218,1.3917663994289,0.0504842193518981,0.0504842193518981,0,0,0
0,"FS","J.J. Wilcox",2540219,15,1.37075188983676,1.34792789975971,0.0885268054323609,0.0885268054323609,0,0,0
0,"OLB","Bud Dupree",2552289,31,1.35228951704074,1.30511993754817,0.121859424889895,0.121859424889895,0,0,0
0,"SS","Morgan Burnett",496727,64,1.32321521254112,1.22583285487903,0.183425951081541,0.183425951081541,0,0,0
0,"DB","Tracy Walker",2560913,15,1.32055793902743,1.29773394895038,-0.0246571534848715,-0.0246571534848715,0,0,0
0,"DB","J.C. Jackson",2560754,63,1.25425491792895,1.4716136462303,0.146994066649029,0.149598796974509,1,0.015625,-0.313696807479706
0,"SS","Tavon Wilson",2534830,66,1.18310018603409,1.08267462969506,0.187350499932453,0.187350499932453,0,0,0
0,"OLB","Matt Judon",2555505,43,1.10867745224398,1.04324868068977,0.173972197051021,0.173972197051021,0,0,0
0,"CB","Charvarius Ward",2561417,14,1.08031648064612,1.05901408990754,-0.0121890822792696,-0.0121890822792696,0,0,0
0,"OLB","Kareem Martin",2543738,16,1.07277667377155,1.04843108435603,0.0142031105171347,0.0142031105171347,0,0,0
0,"DB","Anthony Levine",2508004,58,1.03529214197058,1.47919886797709,0.204074698318064,0.209649202670804,1,0.0169491525423729,-0.532970455129727
0,"DB","Isaac Yiadom",2560946,28,1.03439730096394,1.69742217860032,0.0320697622060809,0.0553330456108727,1,0.0344827586206897,-0.706704980945045
0,"CB","Tony Brown",2560982,36,0.955523827602672,0.900746251417749,0.182346167583725,0.182346167583725,0,0,0
0,"OLB","Neville Hewitt",2553657,48,0.952341199021711,0.879304430775147,0.158422066538394,0.158422066538394,0,0,0
0,"CB","Brandon Facyson",2560719,1,0.948124525866426,0.946602926527956,-1.84768620895524,-1.84768620895524,0,0,0
0,"CB","Kevin King",2557996,44,0.941316461338362,0.874366090445678,0.179340092117367,0.179340092117367,0,0,0
0,"CB","Dexter McDougle",2543608,44,0.889865250957107,0.822914880064423,0.182647575829634,0.182647575829634,0,0,0
0,"LB","Frankie Luvu",2561366,19,0.888660358269134,0.859749970838202,0.088219672763101,0.088219672763101,0,0,0
0,"CB","Ryan Lewis",2559208,35,0.878710958421707,0.825454981575254,0.15139715795142,0.15139715795142,0,0,0
0,"OLB","Tyus Bowser",2558166,13,0.870951903316415,0.851171111916304,-0.000357283689424358,-0.000357283689424358,0,0,0
0,"LB","Josey Jewell",2560763,53,0.859152202278593,0.778507437339678,0.179160557517991,0.179160557517991,0,0,0
0,"OLB","Derrick Morgan",496828,14,0.81819877162801,0.796896380889429,0.0744953404251652,0.0744953404251652,0,0,0
0,"CB","Patrick Robinson",2508084,48,0.806695546334175,0.73365877808761,0.173144819115344,0.173144819115344,0,0,0
0,"CB","Josh Shaw",2552259,8,0.805896446025472,0.793723651317711,-0.0937799528574783,-0.0937799528574783,0,0,0
0,"ILB","Bryce Hager",2552307,8,0.760553701716562,0.748380907008801,0.0128111105233291,0.0128111105233291,0,0,0
0,"CB","Arthur Maulet",2559087,23,0.75849228319266,0.723495498407848,0.133230181122611,0.133230181122611,0,0,0
0,"OLB","Matt Longacre",2553722,6,0.714845263088033,0.705715667057212,-0.131500976757248,-0.131500976757248,0,0,0
0,"CB","Jamal Agnew",2558821,21,0.714483404023105,0.682529817915233,0.124319234541571,0.124319234541571,0,0,0
0,"OLB","Samson Ebukam",2558830,31,0.708125337218002,0.660955757725429,0.137678893697967,0.137678893697967,0,0,0
0,"DB","Sean Chandler",2561017,25,0.677537931115206,0.639497947653454,0.175941264670291,0.175941264670291,0,0,0
0,"OLB","Eric Wilson",2559012,53,0.640900032218364,0.560255267279449,0.20734672724536,0.20734672724536,0,0,0
0,"ILB","Tyler Matakevich",2555171,8,0.636675668586528,0.624502873878767,-0.0313762355208316,-0.0313762355208316,0,0,0
0,"DB","Kevin Toliver",2560901,30,0.635029742913052,0.589381762758949,0.166319917315258,0.166319917315258,0,0,0
0,"OLB","Shaquil Barrett",2550541,19,0.630661035230624,0.601750647799692,0.102469024664711,0.102469024664711,0,0,0
0,"SS","Kurt Coleman",494261,58,0.62050609628141,0.532253334650145,0.234023632908178,0.234023632908178,0,0,0
0,"LB","Genard Avery",2560964,34,0.616280200539505,0.564545823031522,0.160502317792684,0.160502317792684,0,0,0
0,"FS","Will Parks",2556278,58,0.610473483260846,0.522220721629581,0.226444785130194,0.226444785130194,0,0,0
0,"LB","Dorian O'Daniel",2560827,69,0.606357303961484,1.41698904064575,0.197903267958659,0.208176327332745,1,0.0142857142857143,-0.917017424144642
0,"ILB","Ramik Wilson",2552320,25,0.602429459434735,0.564389475972983,0.17155275237446,0.17155275237446,0,0,0
0,"DB","Danny Johnson",2560764,12,0.597199251898008,0.578940059836367,0.0799107691908288,0.0799107691908288,0,0,0
0,"DE","Romeo Okwara",2556641,9,0.57947851092075,0.565784116874519,0.00716005182321486,0.00716005182321486,0,0,0
0,"FS","Clayton Fejedelem",2555355,28,0.578366451969499,0.535761670492336,0.168422534233362,0.168422534233362,0,0,0
0,"CB","Corn Elder",2558171,17,0.571692428845806,0.545825240091814,0.128007078676115,0.128007078676115,0,0,0
0,"CB","Mike Hughes",2560746,43,0.569720082097374,0.50429131054316,0.206053776395385,0.206053776395385,0,0,0
0,"FS","Rodney McLeod",2534832,26,0.543499517415979,0.503937934615757,0.150491075733126,0.150491075733126,0,0,0
0,"LB","Breeland Speaks",2560881,10,0.53293625665236,0.517720263267659,0.0426836187122879,0.0426836187122879,0,0,0
0,"CB","Dominique Rodgers-Cromartie",306,20,0.521213071625907,0.490781084856505,0.185404450882581,0.185404450882581,0,0,0
0,"OLB","Ryan Kerrigan",2495190,19,0.499567339316366,0.470656951885434,0.130052745326386,0.130052745326386,0,0,0
0,"CB","Holton Hill",2560741,38,0.469094243319566,0.970051381365206,0.141779655800187,0.152493752951473,1,0.0256410256410256,-0.559629444700348
0,"DE","Vic Beasley",2552301,13,0.467832192728497,0.699988063122771,0.0397691235795969,0.0549513713697136,1,0.0714285714285714,-0.252320592641231
0,"LB","Corey Thompson",2561107,11,0.464366700686506,0.447629107963335,0.0823078833427161,0.0823078833427161,0,0,0
0,"ILB","Daren Bates",2541539,8,0.4641616799735,0.45198888526574,0.0625518583216148,0.0625518583216148,0,0,0
0,"DB","Justin Hardee",2559181,14,0.463859398351858,0.442557007613277,0.137204934744886,0.137204934744886,0,0,0
0,"CB","Chris Milton",2556394,11,0.445164793094965,0.428427200371794,0.102844806015955,0.102844806015955,0,0,0
0,"FS","Rontez Miles",2540287,5,0.429454341006074,0.421846344313724,-0.0521363311565469,-0.0521363311565469,0,0,0
0,"SS","Barry Church",494259,70,0.424309418726541,0.317797465033634,0.232377641191408,0.232377641191408,0,0,0
0,"ILB","Bruce Carter",2495136,15,0.4170673554654,0.394243365388348,0.168981220688073,0.168981220688073,0,0,0
0,"CB","Marcus Williams",2550605,8,0.412650824618622,0.400478029910862,0.0377230236812591,0.0377230236812591,0,0,0
0,"LB","Shaun Dion Hamilton",2561003,8,0.397093539659342,0.384920744951582,0.0503472976229978,0.0503472976229978,0,0,0
0,"SS","Terrence Brooks",2543712,2,0.386134286982177,0.383091088305237,-0.341222312132203,-0.341222312132203,0,0,0
0,"CB","Phillip Gaines",2543851,65,0.381238107571558,0.282334150571001,0.219183922893645,0.219183922893645,0,0,0
0,"CB","Artie Burns",2555344,49,0.368952641504253,0.294394273919219,0.229405495152292,0.229405495152292,0,0,0
0,"ILB","Will Compton",2540013,7,0.367679244847662,0.357028049478371,0.0625369461344463,0.0625369461344463,0,0,0
0,"CB","Chandon Sullivan",2560887,12,0.361317591297829,0.343058399236188,0.213969969519161,0.213969969519161,0,0,0
0,"DB","Tarvarius Moore",2561117,31,0.358900785714144,0.311731206221571,0.206796537565053,0.206796537565053,0,0,0
0,"CB","De'Vante Harris",2556833,17,0.353924492846465,0.328057304092474,0.153389237867837,0.153389237867837,0,0,0
0,"CB","Johnson Bademosi",2535693,8,0.352910320005102,0.340737525297342,0.0683039311423118,0.0683039311423118,0,0,0
0,"OLB","Jalen Reeves-Maybin",2557924,16,0.344014943586973,0.319669354171452,0.143440516913616,0.143440516913616,0,0,0
0,"LB","Ben Niemann",2561383,9,0.338986520627226,0.325292126580995,0.078928551035211,0.078928551035211,0,0,0
0,"OLB","Cameron Lynch",2553774,3,0.337795822830644,0.333231024815234,-0.156163813008042,-0.156163813008042,0,0,0
0,"CB","Dontae Johnson",2543739,1,0.310021855119861,0.308500255781391,-0.677137841549821,-0.677137841549821,0,0,0
0,"OLB","Kamu Grugier-Hill",2556363,51,0.309639513421843,0.232037947159868,0.209487696236854,0.209487696236854,0,0,0
0,"CB","Aqib Talib",1302,54,0.308192448555431,0.226026084278046,0.229498737908356,0.229498737908356,0,0,0
0,"OLB","Preston Smith",2552276,26,0.305543931911211,0.265982349110989,0.180193277545505,0.180193277545505,0,0,0
0,"LB","Oren Burks",2560984,18,0.299279117923953,0.271890329831492,0.189142115138075,0.189142115138075,0,0,0
0,"CB","Vernon Hargreaves III",2555299,15,0.29595907852693,0.273135088449878,0.16827654065317,0.16827654065317,0,0,0
0,"DE","Eric Lee",2556588,1,0.284365955652581,0.282844356314111,-0.615517358400122,-0.615517358400122,0,0,0
0,"OLB","Brian Orakpo",71423,20,0.282201539948947,0.251769553179546,0.238635192799274,0.238635192799274,0,0,0
0,"SS","Nat Berhe",2543643,6,0.282172050797081,0.273042454766261,0.114721904268752,0.114721904268752,0,0,0
0,"OLB","Emmanuel Lamur",2536032,10,0.271729072887389,0.256513079502688,0.117245701441963,0.117245701441963,0,0,0
0,"SS","Shamarko Thomas",2539937,2,0.270408818856182,0.267365620179242,-0.207800136433995,-0.207800136433995,0,0,0
0,"SS","Eddie Pleasant",2532928,19,0.268434937313723,0.239524549882791,0.175040104116435,0.175040104116435,0,0,0
0,"LB","Isaiah Irving",2559287,6,0.267960258957409,0.258830662926588,0.0804877042924109,0.0804877042924109,0,0,0
0,"CB","Davon House",2495170,8,0.264230598120588,0.252057803412828,0.117676205356246,0.117676205356246,0,0,0
0,"LB","Peter Kalambayi",2560774,12,0.253965897742608,0.235706705680967,0.163084687491467,0.163084687491467,0,0,0
0,"CB","Cornell Armstrong",2561147,5,0.253191459530492,0.245583462838142,0.050002351848707,0.050002351848707,0,0,0
0,"MLB","Stephone Anthony",2552321,1,0.243959234343901,0.242437635005431,-0.515832115015804,-0.515832115015804,0,0,0
0,"OLB","Connor Barwin",71197,3,0.232074595609084,0.227509797593674,-0.0111693604613587,-0.0111693604613587,0,0,0
0,"CB","Walt Aikens",2543724,3,0.231014404554672,0.226449606539261,-0.0452724673684205,-0.0452724673684205,0,0,0
0,"SS","Kentrell Brice",2556480,60,0.223977921497946,0.13268196118974,0.24213323870032,0.24213323870032,0,0,0
0,"CB","Donte' Deayon",2556512,23,0.222096062698861,0.187099277914049,0.242625717330835,0.242625717330835,0,0,0
0,"MLB","Korey Toomer",2534567,2,0.217797270813394,0.214754072136454,-0.122105965737506,-0.122105965737506,0,0,0
0,"LB","Jack Cichy",2561022,1,0.208807879786102,0.207286280447632,-0.406973559826833,-0.406973559826833,0,0,0
0,"OLB","Brennan Scarlett",2556673,16,0.203154689956904,0.178809100541382,0.182201365366001,0.182201365366001,0,0,0
0,"ILB","Brian Peters",2552730,15,0.19314858502447,0.170324594947418,0.167216989774989,0.167216989774989,0,0,0
0,"ILB","Skai Moore",2560816,6,0.19216255165533,0.183032955624509,0.0984852707067565,0.0984852707067565,0,0,0
0,"DE","Justin Houston",2495493,33,0.183159828994753,0.13294705082524,0.238973472412711,0.238973472412711,0,0,0
0,"CB","Josh Robinson",2533542,12,0.182868680317365,0.164609488255723,0.166914082808707,0.166914082808707,0,0,0
0,"LB","Jeff Holland",2560743,3,0.175524340856086,0.170959542840675,0.0102452461565656,0.0102452461565656,0,0,0
0,"DB","Isaiah Johnson",2553545,2,0.171767849467311,0.16872465079037,-0.0654263194187392,-0.0654263194187392,0,0,0
0,"MLB","Kentrell Brothers",2555168,2,0.169048458635149,0.166005259958209,-0.0714622261803192,-0.0714622261803192,0,0,0
0,"CB","Derrick Jones",2558819,4,0.1673377589075,0.16125136155362,0.0848238846364117,0.0848238846364117,0,0,0
0,"OLB","Tim Williams",2557841,2,0.163861522561936,0.160818323884996,-0.025894319134971,-0.025894319134971,0,0,0
0,"SS","Lano Hill",2558077,47,0.162966907906833,0.0914517389987388,0.232368003625603,0.232368003625603,0,0,0
0,"LB","Shilique Calhoun",2555294,1,0.155986266014294,0.154464666675824,-0.2822939844149,-0.2822939844149,0,0,0
0,"LB","Zeke Turner",2561283,3,0.146964353141462,0.142399555126052,0.0606498830955512,0.0606498830955512,0,0,0
0,"LB","Cassanova McKinzy",2556614,2,0.145881793996512,0.142838595319572,-0.0329282491653498,-0.0329282491653498,0,0,0
0,"CB","Adonis Alexander",2561644,3,0.144649637180981,0.140084839165571,0.0715367909677244,0.0715367909677244,0,0,0
0,"LB","Tarell Basham",2558165,1,0.144358057936523,0.142836458598053,-0.249630049106594,-0.249630049106594,0,0,0
0,"LB","Malik Jefferson",2560762,2,0.144234108449234,0.141190909772294,-0.0342274292622524,-0.0342274292622524,0,0,0
0,"FS","Mike Mitchell",238227,20,0.135170078449134,0.104738091679732,0.217315170467224,0.217315170467224,0,0,0
0,"CB","Marcus Cooper",2541202,5,0.130179252646206,0.122571255953856,0.187038132225448,0.187038132225448,0,0,0
0,"ILB","Nate Stupar",2533459,5,0.127966657606258,0.120358660913908,0.126296172206017,0.126296172206017,0,0,0
0,"CB","Blidi Wreh-Wilson",2539219,9,0.127190913022624,0.113496518976393,0.203342483773413,0.203342483773413,0,0,0
0,"CB","Jalen Davis",2561316,12,0.126716755892865,0.108457563831224,0.242164054490104,0.242164054490104,0,0,0
0,"LB","Jermaine Carter",2561093,21,0.123846921366458,0.0918933352585857,0.21554816385065,0.21554816385065,0,0,0
0,"CB","Tavierre Thomas",2561278,3,0.11985429653476,0.115289498519349,0.0787120690014981,0.0787120690014981,0,0,0
0,"FS","Keanu Neal",2555543,3,0.11415198231763,0.10958718430222,0.0738120404142475,0.0738120404142475,0,0,0
0,"CB","Jalen Mills",2555383,63,0.10982169454873,0.0139609362251142,0.248450245099391,0.248450245099391,0,0,0
0,"LB","Joe Jones",2559200,2,0.109137992031419,0.106094793354479,0.0691038871050764,0.0691038871050764,0,0,0
0,"CB","Rashard Robinson",2555546,11,0.103400675054089,0.0866630823309184,0.200709587301118,0.200709587301118,0,0,0
0,"FS","George Iloka",2532869,11,0.0947318280274502,0.0779942353042792,0.23735728493159,0.23735728493159,0,0,0
0,"LB","Riley Bullough",2558923,8,0.0942844490059778,0.0821116542982171,0.174854463001981,0.174854463001981,0,0,0
0,"S","Brandon Wilson",2558786,11,0.0873670343049231,0.0706294415817521,0.193864218081396,0.193864218081396,0,0,0
0,"CB","Maurice Canady",2555178,2,0.0813622388121038,0.0783190401351637,0.0719500710253963,0.0719500710253963,0,0,0
0,"SS","Kavon Frazier",2555536,23,0.0804446867343837,0.0454479019495716,0.228965516115999,0.228965516115999,0,0,0
0,"S","Kenny Ladler",2550365,1,0.0802314266896542,0.0787098273511841,-0.0609613286467294,-0.0609613286467294,0,0,0
0,"DB","Marcus Allen",2560956,3,0.0781523061383359,0.0735875081229256,0.154761495559244,0.154761495559244,0,0,0
0,"LB","Andre Smith",2560875,5,0.0750503179380639,0.0674423212457134,0.159164954684563,0.159164954684563,0,0,0
0,"OLB","Pernell McPhee",2495201,7,0.0682975382773913,0.0576463429081007,0.179147379213139,0.179147379213139,0,0,0
0,"OLB","Lorenzo Alexander",2506268,55,0.0572265910124191,-0.0264613726034361,0.227066158605588,0.227066158605588,0,0,0
0,"DB","Su'a Cravens",2555345,28,0.0566280133611779,1.03495124246967,0.139201379835561,0.169659395058187,1,0.0344827586206897,-1.02248382129173
0,"S","Jordan Dangerfield",2541696,3,0.0562580166289674,0.0516932186135571,0.163622983324845,0.163622983324845,0,0,0
0,"S","Maurice Smith",2559058,3,0.0500440806681808,0.0454792826527705,0.163210099949071,0.163210099949071,0,0,0
0,"MLB","Mike Hull",2552317,7,0.0484734553454652,0.0378222599761745,0.252331478155728,0.252331478155728,0,0,0
0,"LB","Joel Iyiegbuniwe",2560750,7,0.0333150088621549,0.0226638134928642,0.24033084910345,0.24033084910345,0,0,0
0,"SS","Jayron Kearse",2555156,34,0.029336148989483,-0.0223982285185002,0.211521526141061,0.211521526141061,0,0,0
0,"OLB","Ramon Humber",2507644,15,0.0291404279672241,0.00631643789017267,0.226640497768964,0.226640497768964,0,0,0
0,"CB","Joshua Holsey",2558858,10,0.0271626535487728,0.0119466601640718,0.230485816362547,0.230485816362547,0,0,0
0,"SS","Deshazor Everett",2553710,5,0.0266585905107389,0.0190505938183884,0.190179658882615,0.190179658882615,0,0,0
0,"OLB","Kyle Wilber",2532974,5,0.0210151796305277,0.0134071829381772,0.209256609302964,0.209256609302964,0,0,0
0,"DB","Denzel Rice",2553736,10,0.0188633716761416,0.00364737829144067,0.22150494343185,0.22150494343185,0,0,0
0,"OLB","Josh Martin",2541864,1,0.0183183321796556,0.0167967328411855,0.144729076338495,0.144729076338495,0,0,0
0,"CB","Kenneth Durden",2556798,1,0.0172228120282118,0.0157012126897417,0.143387971750777,0.143387971750777,0,0,0
0,"FS","Kendrick Lewis",494277,27,0.00276130088164529,-0.0383218812570473,0.222991383247673,0.222991383247673,0,0,0
0,"CB","Marcus Sherels",2508007,2,-0.0020477267798681,-0.00509092545680829,0.207710383425143,0.207710383425143,0,0,0
0,"CB","Kayvon Webster",2540291,2,-0.00278094577694603,-0.00582414445388622,0.202277936222072,0.202277936222072,0,0,0
0,"FS","Shalom Luani",2558274,2,-0.00293377307934272,-0.00597697175628291,0.227472101207609,0.227472101207609,0,0,0
0,"FS","DeAndre Houston-Carson",2555381,12,-0.0045545625733073,-0.0228137546349484,0.223021863409293,0.223021863409293,0,0,0
0,"MLB","Kelvin Sheppard",2495229,2,-0.012542341332866,-0.0155855400098062,0.221710412404437,0.221710412404437,0,0,0
0,"CB","Cordrea Tankersley",2557931,3,-0.0152071332728233,-0.0197719312882336,0.218780951030487,0.218780951030487,0,0,0
0,"LB","Chris Board",2561301,1,-0.0172456712498806,-0.0187672705883506,0.256677841292148,0.256677841292148,0,0,0
0,"DE","Olivier Vernon",2533534,2,-0.0184956943705861,-0.0215388930475263,0.257906563261869,0.257906563261869,0,0,0
0,"CB","Vontae Davis",79901,2,-0.0192581254560073,-0.0223013241329475,0.26163030469285,0.26163030469285,0,0,0
0,"CB","Deiondre' Hall",2555366,1,-0.0199599669379744,-0.0214815662764445,0.27823418948863,0.27823418948863,0,0,0
0,"LB","Rashaan Evans",2560718,61,-0.0218415978904217,-0.114659157537097,0.256039018709236,0.256039018709236,0,0,0
0,"DB","Dymonte Thomas",2559293,3,-0.0223222087947413,-0.0268870068101516,0.247466202589453,0.247466202589453,0,0,0
0,"LB","Nicholas Grigsby",2556542,4,-0.022854642779756,-0.0289410401336363,0.244452327028779,0.244452327028779,0,0,0
0,"ILB","Ukeme Eligwe",2558097,8,-0.0228740858374659,-0.0350468805452266,0.222739231908669,0.222739231908669,0,0,0
0,"SS","Jarrod Wilson",2556711,11,-0.0233423280167173,-0.0400799207398883,0.223008508640052,0.223008508640052,0,0,0
0,"CB","Darious Williams",2561469,1,-0.0298648896155547,-0.0313864889540248,0.300924106608149,0.300924106608149,0,0,0
0,"SS","Corey Moore",2553817,3,-0.0363497721951894,-0.0409145702105997,0.330245029699318,0.330245029699318,0,0,0
0,"ILB","Deone Bucannon",2543769,59,-0.0429671896432611,-0.132741550612997,0.275083206294167,0.275083206294167,0,0,0
0,"SS","Blake Countess",2556374,5,-0.0449980752049831,-0.0526060718973336,0.276221961852837,0.276221961852837,0,0,0
0,"CB","Neiko Thorpe",2534846,5,-0.0542882975661464,-0.0618962942584968,0.241865999014039,0.241865999014039,0,0,0
0,"LB","Reggie Gilbert",2556537,11,-0.0567308380486667,-0.0734684307718378,0.287690476145911,0.287690476145911,0,0,0
0,"ILB","Ahmad Thomas",2559037,2,-0.0584501768617521,-0.0614933755386923,0.299305119277835,0.299305119277835,0,0,0
0,"FS","Kemal Ishmael",2541431,9,-0.0636661881586089,-0.0773605822048397,0.240674628401609,0.240674628401609,0,0,0
0,"MLB","Zach Vigil",2553687,6,-0.0664098004727291,-0.0755393965035497,0.252623993220953,0.252623993220953,0,0,0
0,"CB","Josh Hawkins",2556550,2,-0.0664423492655804,-0.0694855479425206,0.329324299957406,0.329324299957406,0,0,0
0,"FS","Lamarcus Joyner",2543492,60,-0.0713442764164871,-0.162640236724693,0.236027448447243,0.236027448447243,0,0,0
0,"LB","Kyzir White",2560928,20,-0.0780301388158037,-0.108462125585206,0.239589916373491,0.239589916373491,0,0,0
0,"OLB","Sharif Finch",2561328,5,-0.0847541399755039,-0.0923621366678544,0.257683853911717,0.257683853911717,0,0,0
0,"DB","Rashaan Gaulden",2560775,13,-0.0900654709716581,-0.109846262371769,0.235373829813684,0.235373829813684,0,0,0
0,"OLB","Ryan Anderson",2557853,4,-0.0949513475506057,-0.101037744904486,0.291051885376686,0.291051885376686,0,0,0
0,"ILB","Kevin Pierre-Louis",2543563,7,-0.107613215043608,-0.118264410412899,0.313242221885674,0.313242221885674,0,0,0
0,"FS","Cody Davis",2541135,1,-0.109607879022426,-0.111129478360896,0.600002205378099,0.600002205378099,0,0,0
0,"ILB","Antonio Morrison",2555160,40,-0.117724340794227,-0.17858831433303,0.258762138483648,0.258762138483648,0,0,0
0,"SS","Jordan Richards",2552392,66,-0.124478517026839,-0.224904073365865,0.247120202464128,0.247120202464128,0,0,0
0,"DB","Dean Marlowe",2553562,7,-0.136024372038388,-0.146675567407679,0.31289498474392,0.31289498474392,0,0,0
0,"OLB","Anthony Chickillo",2552266,7,-0.153128704555658,-0.163779899924949,0.306942849608199,0.306942849608199,0,0,0
0,"CB","Dee Delaney",2561041,1,-0.158535376459789,-0.160056975798259,0.837035637988866,0.837035637988866,0,0,0
0,"DB","Tyvis Powell",2556655,20,-0.162386942879578,-0.192818929648979,0.252795329579604,0.252795329579604,0,0,0
0,"OLB","Chase Allen",2559043,3,-0.165311385942942,-0.169876183958352,0.423202198271232,0.423202198271232,0,0,0
0,"OLB","Za'Darius Smith",2552279,20,-0.166059128096347,-0.196491114865749,0.25770293128979,0.25770293128979,0,0,0
0,"SS","Daniel Sorensen",2550257,42,-0.16945072583324,1.26174061604308,0.159239847092177,0.190359313946446,1,0.0232558139534884,-1.49737692182575
0,"FS","Jordan Lucas",2555542,15,-0.180968702539412,-0.203792692616464,0.305924242581497,0.305924242581497,0,0,0
0,"OLB","James Burgess",2556489,9,-0.19327879019566,-0.206973184241891,0.307566156915467,0.307566156915467,0,0,0
0,"DB","Keion Crossen",2561157,10,-0.199031158900603,-0.214247152285304,0.297721952096953,0.297721952096953,0,0,0
0,"DB","Dane Cruikshank",2561033,1,-0.199576646523091,-0.201098245861561,0.98510731123555,0.98510731123555,0,0,0
0,"MLB","Manti Te'o",2539277,13,-0.205662324175538,-0.22544311557565,0.294035279451042,0.294035279451042,0,0,0
0,"OLB","Albert McClellan",496814,3,-0.20675894620271,-0.21132374421812,0.453086304307122,0.453086304307122,0,0,0
0,"ILB","Derrick Johnson",2506353,32,-0.208759304443759,-0.257450483274802,0.27821826053229,0.27821826053229,0,0,0
0,"FS","Darian Stewart",494307,53,-0.225088941290072,-0.305733706228987,0.280263220886183,0.280263220886183,0,0,0
0,"S","Rudy Ford",2558174,1,-0.232844182326247,-0.234365781664717,1.14268839477532,1.14268839477532,0,0,0
0,"CB","Brandon Williams",2556371,12,-0.233983083096786,-0.252242275158427,0.344808157171979,0.344808157171979,0,0,0
0,"OLB","Nick Perry",2533048,10,-0.238893632074712,-0.254109625459413,0.32713128712689,0.32713128712689,0,0,0
0,"CB","Quenton Meeks",2560808,4,-0.239586220144986,-0.245672617498866,0.4327391216346,0.4327391216346,0,0,0
0,"LB","Nick DeLuca",2561042,11,-0.259161550946416,-0.275899143669587,0.314708759217355,0.314708759217355,0,0,0
0,"SS","Eric Berry",496723,6,-0.275335837918001,-0.284465433948821,0.380540329312081,0.380540329312081,0,0,0
0,"CB","KeiVarae Russell",2555547,30,-0.275879078420344,-0.321527058574447,0.289303579118616,0.289303579118616,0,0,0
0,"DB","Obi Melifonwu",2558189,2,-0.278817490734615,-0.281860689411555,0.744387838559251,0.744387838559251,0,0,0
0,"FS","Colin Jones",2499257,10,-0.281711247786373,-0.296927241171074,0.319762398437496,0.319762398437496,0,0,0
0,"CB","Levi Wallace",2560914,53,-0.292000210392265,-0.37264497533118,0.242184098963222,0.242184098963222,0,0,0
0,"CB","Eric Rowe",2552255,25,-0.309554696528854,-0.347594679990606,0.269860656930014,0.269860656930014,0,0,0
0,"OLB","Deon Lacey",2541848,2,-0.315852568088888,-0.318895766765828,0.799863009345844,0.799863009345844,0,0,0
0,"ILB","Jon Bostic",2539978,57,-0.316204190004266,-0.402935352297061,0.256774571171014,0.256774571171014,0,0,0
0,"ILB","Tae Davis",2561318,57,-0.317645396617757,-0.404376558910552,0.27118416606493,0.27118416606493,0,0,0
0,"ILB","Dylan Cole",2559152,22,-0.32558353304227,-0.359058718488612,0.275467637596529,0.275467637596529,0,0,0
0,"FS","Jermaine Whitehead",2552697,40,-0.325672907151604,-0.386536880690408,0.278720717903342,0.278720717903342,0,0,0
0,"CB","Greg Mabin",2558971,14,-0.329183808358076,-0.350486199096657,0.324323213874521,0.324323213874521,0,0,0
0,"DB","Jeremy Reaves",2561394,1,-0.348260951410594,-0.349782550749065,1.76276418450478,1.76276418450478,0,0,0
0,"ILB","L.J. Fort",2535613,46,-0.352964583581831,-0.422958153151455,0.335718224796583,0.335718224796583,0,0,0
0,"ILB","Kamalei Correa",2555339,18,-0.383435358021502,-0.410824146113963,0.319128489075186,0.319128489075186,0,0,0
0,"CB","Tre Herndon",2561340,9,-0.390308064827096,-0.404002458873327,0.380485416811968,0.380485416811968,0,0,0
0,"ILB","Nick Kwiatkoski",2555288,22,-0.418841496765462,-0.452316682211804,0.340288966610295,0.340288966610295,0,0,0
0,"MLB","Kevin Minter",2540159,2,-0.425215518502288,-0.428258717179228,1.0830905755884,1.0830905755884,0,0,0
0,"CB","Ken Crawley",2556735,65,-0.433200160994699,1.27649781202904,0.182054737683525,0.206741152132225,1,0.0151515151515152,-1.81135809129775
0,"CB","Leonard Johnson",2532878,32,-0.435881621474881,-0.484572800305924,0.326827640344327,0.326827640344327,0,0,0
0,"SS","Karl Joseph",2555342,27,-0.43711634518164,-0.478199527320332,0.305221241339472,0.305221241339472,0,0,0
0,"CB","Akeem King",2553456,24,-0.440624797158331,-0.109804870903973,0.279594753722519,0.283126887729184,1,0.04,-0.367898103889142
0,"CB","Trevor Williams",2556828,48,-0.45854907822103,0.821707390790026,0.17757990952244,0.201616146988489,1,0.0204081632653061,-1.35535554535883
0,"CB","Tony McRae",2556817,16,-0.474548329384301,-0.498893918799822,0.3379209412487,0.3379209412487,0,0,0
0,"DE","Eli Harold",2552494,8,-0.486908286660437,-0.499081081368198,0.46290597944971,0.46290597944971,0,0,0
0,"SS","Chris Banjo",2541192,12,-0.487229432807676,-0.505488624869317,0.358451124874361,0.358451124874361,0,0,0
0,"FS","Ibraheim Campbell",2552605,12,-0.487983700901092,-0.506242892962733,0.392976432910104,0.392976432910104,0,0,0
0,"MLB","Mark Nzeocha",2552684,25,-0.493799592699181,-0.531839576160933,0.288313061580863,0.288313061580863,0,0,0
0,"SS","Andrew Sendejo",2525323,20,-0.502331346925473,-0.532763333694875,0.361759408045342,0.361759408045342,0,0,0
0,"LB","Uchenna Nwosu",2560826,10,-0.503792114371451,-0.519008107756152,0.389198359527749,0.389198359527749,0,0,0
0,"CB","Lafayette Pitts",2556652,14,-0.504382635895437,-0.525685026634018,0.349552654599805,0.349552654599805,0,0,0
0,"CB","Cyrus Jones",2555380,6,-0.512930584574971,-0.522060180605791,0.569936463041156,0.569936463041156,0,0,0
0,"OLB","Josh Keyes",2553719,9,-0.52522647320047,-0.538920867246701,0.4230074148866,0.4230074148866,0,0,0
0,"CB","Mike Tyson",2558853,11,-0.530455840322658,-0.547193433045829,0.41287972662411,0.41287972662411,0,0,0
0,"LB","Ja'Whaun Bentley",2561143,13,-0.532058850724947,-0.551839642125058,0.410940645503877,0.410940645503877,0,0,0
0,"FS","Adrian Colbert",2558857,12,-0.545503900793665,-0.563763092855307,0.399967040747227,0.399967040747227,0,0,0
0,"OLB","Whitney Mercilus",2533049,67,-0.547928013101953,-0.649875168779449,0.247019068460684,0.247019068460684,0,0,0
0,"LB","Duke Ejiofor",2560714,5,-0.563169516515399,-0.57077751320775,0.653045939180792,0.653045939180792,0,0,0
0,"MLB","David Mayo",2553441,19,-0.577065028228879,-0.605975415659811,0.348167834863044,0.348167834863044,0,0,0
0,"OLB","Mychal Kendricks",2532890,46,-0.59285909218879,-0.662852661758414,0.294623355036523,0.294623355036523,0,0,0
0,"LB","Leon Jacobs",2560758,14,-0.616592711170203,-0.637895101908785,0.407191269727661,0.407191269727661,0,0,0
0,"OLB","Lorenzo Carter",2561015,15,-0.638042890731299,-0.66086688080835,0.414546359041989,0.414546359041989,0,0,0
0,"OLB","Vontaze Burfict",2533058,63,-0.657585935375706,0.537694051559969,0.191964901935007,0.205937117146443,2,0.0307692307692308,-1.29212379261332
0,"SS","Chris Conte",2495272,18,-0.662249407703388,-0.68963819579585,0.379487527657105,0.379487527657105,0,0,0
0,"SS","Da'Norris Searcy",2495339,4,-0.667837191396082,-0.673923588749962,0.972903606173413,0.972903606173413,0,0,0
0,"OLB","Clay Matthews",80431,26,-0.668408890457554,-0.707970473257776,0.326666599068138,0.326666599068138,0,0,0
0,"OLB","Devante Bond",2555307,20,-0.671264167835507,-0.701696154604909,0.369609762420964,0.369609762420964,0,0,0
0,"OLB","Von Miller",2495202,13,-0.687801173925108,-0.707581965325219,0.483682136228533,0.483682136228533,0,0,0
0,"S","Isaiah Johnson",2556567,29,-0.69385636906606,-0.737982749881692,0.394089927886272,0.394089927886272,0,0,0
0,"FS","Tedric Thompson",2557881,27,-0.725826474320101,-0.766909656458794,0.357354411629162,0.357354411629162,0,0,0
0,"OLB","Najee Goode",2533016,17,-0.731131406011341,-0.756998594765333,0.367901427325356,0.367901427325356,0,0,0
0,"LB","Kenny Young",2560947,40,-0.740072562941512,-0.800936536480316,0.307397343429013,0.307397343429013,0,0,0
0,"OLB","Craig Robertson",2532431,20,-0.74742553106232,-0.777857517831722,0.362859550316652,0.362859550316652,0,0,0
0,"FS","Raven Greene",2561207,7,-0.769495435624628,-0.780146630993918,0.676245084264959,0.676245084264959,0,0,0
0,"MLB","Elandon Roberts",2556119,63,-0.776598869235725,-0.872459627559341,0.259814779870481,0.259814779870481,0,0,0
0,"CB","Lenzy Pipkins",2558988,31,-0.792297862706572,-0.839467442199145,0.31286787979765,0.31286787979765,0,0,0
0,"CB","DeVante Bausby",2553790,23,-0.825473361918001,0.374499361350394,0.186419220612371,0.230187232273444,1,0.0416666666666667,-1.23685150047812
0,"OLB","Kyle Emanuel",2552296,25,-0.860258912982264,-0.898298896444017,0.343821715399152,0.343821715399152,0,0,0
0,"OLB","Vincent Rey",2507843,28,-0.868459080598913,-0.911063862076076,0.346432986120892,0.346432986120892,0,0,0
0,"LB","Jason Cabinda",2560986,16,-0.895992713936812,-0.920338303352334,0.460358012034112,0.460358012034112,0,0,0
0,"SS","Erik Harris",2555568,40,-0.924657792673129,-0.985521766211932,0.365370293953975,0.365370293953975,0,0,0
0,"ILB","Matthew Adams",2561149,30,-0.963916116796225,-1.00956409695033,0.354970624005581,0.354970624005581,0,0,0
0,"OLB","K.J. Wright",2495252,69,-0.974407948255256,-1.07939830260969,0.300713601358985,0.300713601358985,0,0,0
0,"DB","Ronnie Harrison",2561008,70,-0.978865884994449,-1.08537783868736,0.277897225708321,0.277897225708321,0,0,0
0,"SS","Ricardo Allen",2543850,32,-0.994404514919028,-1.04309569375007,0.34817775882968,0.34817775882968,0,0,0
0,"SS","Kenny Vaccaro",2539320,72,-1.03636283468921,-0.422815089254369,0.290907563239508,0.296843142474877,1,0.0136986301369863,-0.724204847421441
0,"MLB","Hayes Pullard",2552313,16,-1.05546856214144,-1.07981415155696,0.48126875079601,0.48126875079601,0,0,0
0,"LB","Nate Gerry",2558175,25,-1.06568645605653,-1.10372643951828,0.384061767888406,0.384061767888406,0,0,0
0,"SS","Matthias Farley",2556429,26,-1.07816212384702,-1.11772370664725,0.422357631194834,0.422357631194835,0,0,0
0,"S","Doug Middleton",2556617,10,-1.08251716540531,-1.09773315879001,0.658113905458229,0.658113905458229,0,0,0
0,"SS","Rayshawn Jenkins",2558182,29,-1.09117857846032,-1.13530495927596,0.379388878584669,0.379388878584669,0,0,0
0,"SS","Deon Bush",2555155,15,-1.10057993357403,-1.12340392365108,0.512353573205027,0.512353573205027,0,0,0
0,"ILB","Joe Thomas",2550262,17,-1.11080717047929,-1.13667435923328,0.53168792814975,0.53168792814975,0,0,0
0,"ILB","Patrick Onwuasor",2556642,46,-1.14587046184236,-0.364251263792932,0.253262029416514,0.266020508700343,1,0.0212765957446809,-0.852910555756464
0,"ILB","Sean Lee",496937,42,-1.14965947600622,-1.21356664822196,0.335809951199574,0.335809951199574,0,0,0
0,"OLB","Ben Gedeon",2558033,42,-1.18606587021615,-1.24997304243189,0.312180016649001,0.312180016649001,0,0,0
0,"CB","Darius Phillips",2560839,54,-1.19155025061162,-1.273716614889,0.355655461970446,0.355655461970446,0,0,0
0,"ILB","Julian Stanford",2535867,15,-1.20233267164583,-1.22515666172288,0.52218629395433,0.52218629395433,0,0,0
0,"FS","Mike Adams",2505708,70,-1.20796629198356,-0.564980050756875,0.273126803112473,0.279852346291286,1,0.0140845070422535,-0.7506403688082
0,"CB","Bashaud Breeland",2543571,53,-1.2365093264627,-0.329556779852454,0.310618031220772,0.311622395171047,3,0.0535714285714286,-0.988098474877733
0,"LB","Tanner Vallejo",2558289,27,-1.26402580863534,-1.30510899077403,0.426023770587916,0.426023770587916,0,0,0
0,"WR","Tremon Smith",2561103,8,-1.2655810664791,-0.0492488747275883,0.286602071803051,0.391465966878548,1,0.111111111111111,-1.23037712748252
0,"FS","Earl Thomas",2508080,18,-1.26708851842923,-1.29447730652169,0.528810628086478,0.528810628086478,0,0,0
0,"DB","D.J. Reed",2560850,58,-1.30946173023723,-1.39771449186849,0.324854470684733,0.324854470684733,0,0,0
0,"CB","Adam Jones",2506345,16,-1.34672693720865,-0.729013659586247,0.380040434284161,0.395510838866667,1,0.0588235294117647,-0.643037312186764
0,"LB","Austin Calitro",2558925,44,-1.37538773694426,-1.44233810783695,0.3401846815616,0.3401846815616,0,0,0
0,"FS","George Odum",2561131,29,-1.41033634592139,-1.45446272673703,0.4311134520491,0.4311134520491,0,0,0
0,"CB","Kevin Johnson",2552261,13,-1.47481670955296,-0.399928051354573,0.354454859807683,0.407446486694314,1,0.0714285714285714,-1.09633763622051
0,"OLB","Kyler Fackrell",2555340,30,-1.49008768820718,-0.720547313519866,0.308440463434765,0.324827243167701,1,0.032258064516129,-0.816430635155777
0,"FS","Duron Harmon",2541243,24,-1.51972431343671,-0.648715233203941,0.349504616285827,0.371880850110939,1,0.04,-0.908910461913623
0,"FS","Anthony Harris",2553655,41,-1.52256652679849,-1.58495209967577,0.433033046303971,0.433033046303971,0,0,0
0,"FS","Andre Hal",2543874,23,-1.52706383064995,-1.56206061543476,0.499438980668172,0.499438980668172,0,0,0
0,"CB","E.J. Gaines",2543823,36,-1.58812026939454,-1.64289784557946,0.399132275875288,0.399132275875288,0,0,0
0,"ILB","Terrance Smith",2556775,47,-1.73718142608446,-1.80869659499256,0.404756592309943,0.404756592309943,0,0,0
0,"FS","Jaquiski Tartt",2552391,72,-1.90548510119026,-2.01504025356011,0.33579726863037,0.33579726863037,0,0,0
0,"FS","Jimmie Ward",2543741,44,-1.91223561488182,-1.9791859857745,0.420762981657839,0.420762981657839,0,0,0
0,"CB","Damarious Randall",2552389,57,-1.94552606875181,-2.0322572310446,0.383425269726943,0.383425269726943,0,0,0
0,"OLB","Devon Kennard",2543869,30,-1.95544849953867,-1.38537334022518,0.406482414179626,0.413262383113305,1,0.032258064516129,-0.616661451123677
0,"CB","Xavier Rhodes",2540155,75,-1.97071125609404,1.41821450987205,0.163179625784262,0.199276591332657,4,0.0506329113924051,-3.50437878146025
0,"MLB","Preston Brown",2543814,71,-2.04667907137148,-2.15471262440286,0.334668904030932,0.334668904030932,0,0,0
0,"SS","Derrick Kindred",2555540,38,-2.07243259842362,-1.28480758424081,0.343514136772166,0.356417214783433,1,0.0256410256410256,-0.846734179211613
0,"FS","Andrew Adams",2556456,60,-2.14290959395745,-2.23420555426566,0.414811291991308,0.414811291991308,0,0,0
0,"FS","Marcus Maye",2557995,22,-2.17305372986223,-2.20652891530858,0.603056092617775,0.603056092617775,0,0,0
0,"CB","LeShaun Sims",2555551,43,-2.23335582712174,-0.390776696762126,0.282801793228354,0.319804378603851,1,0.0227272727272727,-1.9109155497502
0,"CB","Jamar Taylor",2539932,46,-2.31633067573428,0.634445518229336,0.183305165183077,0.233762046391939,3,0.0612244897959184,-3.02230267478345
0,"FS","Antone Exum",2543680,57,-2.32503070495592,-2.41176186724872,0.396665281417935,0.396665281417935,0,0,0
0,"FS","Xavier Woods",2558159,73,-2.36453045203352,-2.47560720374184,0.372535527730066,0.372535527730066,0,0,0
0,"SS","Justin Evans",2557945,55,-2.4425444129861,-2.52623237660196,0.420794926668707,0.420794926668707,0,0,0
0,"FS","Corey Graham",2495613,73,-2.50152118535524,-2.21520715908014,0.373262512096635,0.373596753406075,1,0.0135135135135135,-0.397996368995192
0,"FS","Reggie Nelson",2507167,45,-2.5812923408543,-2.64976431108545,0.462563971447557,0.462563971447557,0,0,0
0,"CB","Tyler Patmon",2550659,61,-2.61128113721484,-2.70409869686151,0.397746574518762,0.397746574518762,0,0,0
0,"SS","Eric Reid",2540152,71,-2.77033096338974,-2.87836451642111,0.379690860181872,0.379690860181872,0,0,0
0,"OLB","Reuben Foster",2557837,69,-2.92847976426872,-3.03347011862315,0.385466916395807,0.385466916395807,0,0,0
0,"FS","Jordan Poyer",2539290,64,-2.94172528048028,-3.03910763814236,0.448379273534502,0.448379273534502,0,0,0
0,"SS","Damontae Kazee",2558184,40,-2.97153045770428,-3.03239443124308,0.504707120618772,0.504707120618772,0,0,0
0,"ILB","Zaire Franklin",2561155,46,-3.03113070515014,-3.10112427471976,0.470546900761414,0.470546900761414,0,0,0
0,"OLB","Damien Wilson",2552686,64,-3.11209139540104,-3.20947375306313,0.408224187860455,0.408224187860455,0,0,0
0,"FS","Marcus Williams",2558847,42,-3.13654055878254,-2.41611155155872,0.450388711456298,0.458182728482069,1,0.0232558139534884,-0.785531443564444
0,"ILB","Denzel Perryman",2552310,53,-3.17591098387924,-3.25655574881815,0.462153002564022,0.462153002564022,0,0,0
0,"FS","Curtis Riley",2553822,51,-3.31635222124907,-3.39395378751104,0.493869597908048,0.493869597908048,0,0,0
0,"SS","Sean Davis",2555386,49,-3.34992493809796,-3.42448330568299,0.511902937329455,0.511902937329455,0,0,0
0,"FS","Ha Ha Clinton-Dix",2543470,69,-3.4229870094212,-3.52797736377564,0.451750347965557,0.451750347965557,0,0,0
0,"FS","Tre Boston",2543830,61,-3.55327891076231,-3.64609647040899,0.485751634419764,0.485751634419764,0,0,0
0,"S","Jessie Bates",2560970,70,-3.62109565862162,-3.72760761231453,0.427261256057606,0.427261256057606,0,0,0
0,"CB","Torry McTyer",2559053,58,-3.8999615562606,-1.4872516975251,0.334497882035633,0.365062399311125,2,0.0333333333333333,-2.5028668006008
0,"CB","David Amerson",2540170,40,-3.91322384605789,-2.15560940854067,0.41387552560698,0.448201723111152,1,0.024390243902439,-1.821249623278
0,"FS","Malik Hooker",2558060,28,-4.00647574929984,-4.049080530777,0.820661932401011,0.820661932401011,0,0,0
0,"SS","Micah Hyde",2539240,67,-4.22359423320166,-4.32554138887915,0.522863913575364,0.522863913575364,0,0,0
0,"OLB","Malcolm Smith",2499278,66,-4.394071807097,-3.3879862119939,0.432856573686688,0.442936287271189,1,0.0149253731343284,-1.10819738384828
0,"SS","Jahleel Addae",2541958,67,-4.61395692091404,-2.06569681839005,0.366666643447941,0.394476669292314,2,0.0289855072463768,-2.6522250701576
0,"ILB","Gerald Hodges",2539293,54,-4.91684972577576,-4.99901609005315,0.616339390098902,0.616339390098902,0,0,0
